additional_requirements,age,apply_email,apply_hard_copy,apply_instruction,apply_url,company_address,company_business,company_name,company_website,deadline,education_requirements,experience,gender,job_description,job_id,job_nature,job_title,job_workplace,location,online_apply,other_benefits,posted_on,salary_max,salary_min,salary_range,skills_required,vacancies
"Age At least 20 years   Contributes to team effort by accomplishing results as needed. Strong leadership, interpersonal communication (vocal personality) & networking skills. Demonstrates integrity by modeling the values and ethical standards. Good knowledge on Fan Products. Candidate should have ability to meet deadlines.",At least 20 years,,,,,"SSG Center, Nabasrista Plot# 1/A, Tejgaon I/A, Dhaka 1208, Bangladesh.",A leading electrical & electronics conglomerate in Bangladesh,SSG (Super Star Group),,"Oct 30, 2026",Higher Secondary Bachelor/Honors,,"M,F,O","Job Context: To drive revenue growth by identifying customer needs, promoting products or services, and achieving sales targets while maintaining strong client relationships. Job Responsibilities: To develop sales volume and productivity in own territory by doing field study. To meet Territory sales target followed by Own and Organizational strategy. To build relationships with customers by providing support, information, guidance. Maintain a strong relationship with the customer. Manage existing & new potential customers through personal sales visits, using face-to-face contact to provide a personal service. Develop new clients and maintain a good relationship with existing clients. To ensure the physical stock count every week of the designated inventory. Any other tasks assigned by the TSM/RSM",1542103,Full Time,Field Officer-Fan Product Sales,Work at office,"Anywhere in Bangladesh, Chattogram, Dhaka, Khulna, Rajshahi, Sylhet",True,,"Oct 7, 2026",0,0,Negotiable,Sales & Marketing,50
"Age 20 to 35 years Only Male   Minimum 1–5 years of experience in operating SACMI Closure Machine (CCM). Experience in Plastic Packaging, PET Preform, Beverage, FMCG, or Manufacturing industry will be preferred",20 to 35 years,,,,,,,Akij Food & Beverage Ltd.,,"Oct 22, 2026",Minimum Class 8 Pass Diploma give advantage,,M,"Operate and monitor SACMI machines. Ensure smooth machine operation to achieve daily production targets. Perform machine startup, changeover, and troubleshooting. Carry out routine machine cleaning and preventive maintenance. Maintain production records and shift reports. Coordinate with the Maintenance and Quality departments to resolve production issues. Perform any other task assigned by the Supervisor from time to time.",1542096,Full Time,SACMI Machine Operator-PPS,Work at office,Habiganj,True,,"Oct 7, 2026",0,0,Negotiable,Machine Operator,--
Age 30 to 50 years,30 to 50 years,,,,,"Simpletree, Plot-53, Road-21, Block-B, Kemal Ataturk Avenue, Banani, Dhaka-1213","AkijBashir Group is guided by innovation and a strong sense of purpose. Committed to excellence, we continuously reshape industries through advanced technology and innovative products. Driven by a dedicated team, we challenge conventions to help build a better future.",AKIJBASHIR GROUP,https://akijbashir.com/,"Nov 6, 2026","Bachelor of Science (BSc) in Glass & Ceramic Technology, Materials & Metallurgical Engineering, Mechanical Engineering Bachelor/Honors",,"M,F,O","AkijBashir Group is one of the leading conglomerates in Bangladesh, with 20+ businesses and 28,000+ employees across building materials, jute, tea, steel, films, energy and aviation. AkijBashir Glass Industries Ltd. (AGIL), a concern of the Group, operates a modern glass manufacturing and processing facility at Madhabpur, Habiganj. is looking for an experienced and result-oriented quality professional to lead Quality Assurance for its offline glass processing operations. The incumbent will establish, implement and sustain a robust Quality Management System across tempering, IGU, lamination, Low-E, digital printing, LID and customized mirror lines, ensuring every product consistently meets specification, applicable standards and customer requirements. The role will drive zero-defect delivery through proactive process control, problem solving and continuous improvement, and convert quality gains into measurable cost savings by reducing rejection, rework, scrap and cost of poor quality. Job Responsibilities ·       Lead and develop the quality team across tempering, IGU, LID, digital printing, Low-E, lamination and customized mirror lines, including goal setting, coaching, skill matrices and succession planning. ·       Manage cross-functional interfaces with Production, Sales, Maintenance, R&D and Delivery. ·       Establish, implement and maintain the QMS in line with ISO 9001 and other applicable standards. ·       Maintain control documentation: SOPs, work instructions, inspection plans, control plans and quality records. ·       Conduct internal audits, host external/certification audits and ensure timely closure of non-conformities. ·       Define AQL sampling plans, inspection checklists and acceptance criteria for in-process and finished products. ·       Implement in-process quality checks (IPQC) at every critical stage and pre-delivery inspection (PDI). ·       Analyze rejection data, identify trends and implement corrective/preventive actions. ·       Monitor and report KPIs: first-pass yield, rework %, scrap % and customer rejection rate. ·       Drive cost optimization opportunities while sustaining quality standards and zero-defect delivery. ·       Prepare daily/weekly/monthly quality reports and present them in management review meetings. ·       Ensure traceability (batch/lot/serial number) of each product through to dispatch/delivery. ·       Ensure calibration and maintenance of inspection equipment and metrology. ·       Verify packaging, labelling and transit protection to avoid breakage and damage. ·       Handle customer complaints and ensure root cause analysis and corrective and preventive actions (CAPA). ·       Build a culture of quality awareness through training, communication and engagement programs across all levels. Educational Requirements ·       Bachelor of Science (BSc) in Glass & Ceramic Engineering, Materials Engineering, Mechanical Engineering, Industrial Engineering, Chemical Engineering or a relevant technical discipline. ·       ISO 9001 Lead Auditor certification will be preferred. Experience Requirements ·       8 to 10 years of experience in quality management of glass processing — Tempering, IGU, Lamination, Low-E, Mirror and Printing (low-temperature and high-temperature ink). ·       At least 2–3 years of experience in leading a quality team. ·       The applicant should have experience in the following business area: Glass Industry / Glass Processing. Additional Requirements ·       Sound knowledge of ISO 9001 QMS, internal auditing, AQL sampling, IPQC/PDI and CAPA. ·       Strong analytical skills in rejection analysis, root cause analysis and quality KPI reporting. ·       Proven ability to lead teams and work cross-functionally with Production, Maintenance, Sales and R&D. ·       Good reporting and presentation skills; proficiency in MS Office (especially Excel). ·       Willing to work and stay at the factory location in Madhabpur, Habiganj.",1542094,Full Time,Manager Quality Assurance- Offline Glass Processingss,Work at office,Habiganj (Madhabpur),True,,"Oct 7, 2026",0,0,Negotiable,"CAPA,Glass Formulation,ISO 9001,ISO 9001:2000,QMS,Root Cause Analysis",--
"Age 25 to 37 years   • Minimum 2–5 years of relevant experience in Accounts/Finance. • Real estate, construction, or property development experience will be preferred. • Strong practical knowledge of accounting and financial record keeping. • Good knowledge of MS Excel, MS Office, and accounting software/ERP. • Strong understanding of bank reconciliation, receivables, payables, and financial reporting. • Knowledge of VAT, AIT, and basic taxation. • Ability to manage sales, collection, installment, and outstanding records. • Strong analytical and numerical skills with excellent attention to detail. • Honest, responsible, confidential, and well-organized. • Ability to work independently and coordinate effectively with management and other departments. • Must be willing to work full-time from the office.",25 to 37 years,,,Interview Requirement:  Selected candidates must attend the interview in person at our office. Remote/online interviews will not be conducted.,,"17 New Eskaton,shamshuddin mansion Level 7 Ramna Dhaka",,Malum Housing Ltd,,"Oct 16, 2026",Bachelor of Commerce (BCom) in Accounting Master of Commerce (MCom) in Accounting,,"M,F,O","WE’RE HIRING | Accountant Malum Housing Ltd., a concern of Malum Group, is looking for a responsible and experienced Accounts Executive / Accountant to join our team. POSITION: Accounts Executive / Accountant Vacancy: 1 Key Responsibilities: Maintain day-to-day accounting operations and financial records. Prepare and maintain Cash Book, Bank Book, General Ledger, Vouchers, Bill Register and Cheque Register. Maintain sales, collection, receivable, outstanding and payment records. Monitor customer payments, installments, dues and outstanding balances. Record and verify flat and plot booking, sales, installment and collection transactions. Perform regular bank and customer reconciliation. Handle bank transactions and maintain related records. Prepare regular financial and collection reports for management. Assist with VAT, AIT and basic tax-related documentation. Monitor office and project-related expenses. Coordinate with the Sales & Marketing team regarding customer payments and collections. Ensure accuracy, confidentiality and proper documentation of all financial records. Requirements: BBA/MBA in Accounting or Finance preferred. B.Com/M.Com or equivalent degree in Accounting/Finance. 2–5 years of relevant experience. Experience in Real Estate, Construction or Property Development will be preferred. Strong knowledge of accounting principles and financial record keeping. Excellent knowledge of MS Excel and MS Office. Experience with accounting software/ERP will be an advantage. Good knowledge of bank reconciliation, receivables, payables and financial reporting. Basic knowledge of VAT, AIT and taxation. Strong analytical and numerical skills. Honest, responsible, detail-oriented and well-organized. Ability to work independently and coordinate effectively with management and other departments. Office Location: Malum Group – Alhaj Shamsuddin Mansion (Level 7) 17 New Eskaton Road, Dhaka-1000 Project Location: Rajuk Purbachal New Town, Dhaka Employment Status: Full-time What We Offer: Competitive salary based on experience and qualifications. Festival bonuses. Mobile/communication allowance as applicable. Other benefits as per company policy. Career growth opportunities in the real estate industry. Interested candidates with a strong accounting background and good practical knowledge of accounts are encouraged to apply with their updated CV.",1542087,Full Time,Accounts Executive / Accountant,,Dhaka,True,,"Oct 7, 2026",0,0,Negotiable,"Accounting,Accounting Data Entry,Accounts and Finance",1
Age At most 28 years,At most 28 years,,,,,Dhanmondi RD no. 1,"Bazoomed makes it easy for shoppers to search and discover great businesses and incredible deals on the best stuff to eat, see, do, and buy.",BaZoomed,,"Nov 6, 2026",,,"M,F,O","Job Overview We are looking for a versatile creative professional to turn footage and campaign briefs into engaging videos and graphics for social media, advertising, and clinic communications. Key Responsibilities Edit reels, advertisements, interviews, testimonials, and educational videos. Design static advertisements, carousels, stories, thumbnails, and promotional materials. Add subtitles, motion graphics, sound, and colour correction. Adapt content for different platforms, formats, and campaign objectives. Maintain brand consistency and produce variations for creative testing. Organize footage, project files, and final exports for easy reuse. Use approved patient imagery and preserve accurate treatment representations. Requirements At least 2 years of relevant experience with a strong portfolio. Proficiency in Premiere Pro or DaVinci Resolve, plus Photoshop and Illustrator or equivalent tools. Working knowledge of After Effects or motion graphics preferred. Strong understanding of pacing, typography, composition, and social media formats. Ability to manage deadlines and respond constructively to feedback. Portfolio required; practical skills will carry greater weight than academic qualifications.",1542084,Full Time,Video Editor / Graphics Designer,,Dhaka (GULSHAN 2),True,,"Oct 7, 2026",0,0,Negotiable,"Graphic Design,motion graphics,Video Editing,Video Production",--
Age At most 27 years,At most 27 years,,,,,Dhanmondi RD no. 1,"Bazoomed makes it easy for shoppers to search and discover great businesses and incredible deals on the best stuff to eat, see, do, and buy.",BaZoomed,,"Nov 6, 2026",,,"M,F,O","Job Overview We are looking for a confident, persuasive Telemarketing Executive to follow up with interested prospects, explain our services, and convert inquiries into attended appointments. Key Responsibilities Contact leads received through advertisements, social media, referrals, and other channels. Explain services, consultation fees, offers, and appointment procedures using approved information. Understand customer needs and book appointments with the appropriate team. Follow up through calls and WhatsApp, send reminders, and recover missed appointments. Maintain accurate lead records, follow-up dates, and conversation notes. Track daily calls, bookings, attendance, and conversions against agreed targets. Refer medical questions to clinicians and protect patient confidentiality. Requirements HSC or bachelor’s degree. At least 1 year of telemarketing, telesales, customer service, or call centre experience preferred. Clear spoken Bangla and working English. Strong listening, objection-handling, and follow-up skills. Comfortable working with targets, spreadsheets, and CRM tools.",1542083,Full Time,Executive - Telemarketing,,Dhaka (GULSHAN 2),True,,"Oct 7, 2026",0,0,Negotiable,"Telemarketing,Telemarketing and direct sales,Telemarketing and sales",--
Age 18 to 26 years Only Male   প্রার্থীকে অবশ্যই কম্পিউটার পরিচালনার উপর দক্ষতা থাকতে হবে।,18 to 26 years,Send your CV to the given email hr@skynexit.com or Email your CV from <strong>My Bdjobs</strong> account,,,,"House No-20, Sultana Rajia Road, Auch Para, Tongi Pourosobha, Post office: Nishat Nagar-1711. Gazipur Sadar, Gazipur., Tongi, Gazipur.","Skynex IT is an information technology and technology solutions company providing reliable digital services to individuals, businesses and organizations. Our services include software and website development, IT support, digital solutions, networking, cybersecurity, cloud services and technology consultancy. We are committed to delivering innovative, secure and cost-effective solutions that help our clients improve efficiency and grow their businesses.",Skynex IT,https://skynexit.com,"Nov 5, 2026",SSC,,M,"আমরা দায়িত্বশীল, দক্ষ এবং বিস্তারিত বিষয়ে মনোযোগী  Data Entry Operator for Content Posting  নিয়োগ করতে চাই। নির্বাচিত প্রার্থী প্রতিষ্ঠানের ওয়েবসাইট, Facebook, Instagram, LinkedIn এবং অন্যান্য ডিজিটাল প্ল্যাটফর্মে নির্ধারিত কনটেন্ট সঠিকভাবে প্রকাশ, আপডেট ও পরিচালনার দায়িত্ব পালন করবেন। প্রতিষ্ঠানের Facebook, Instagram, LinkedIn, YouTube এবং অন্যান্য ডিজিটাল প্ল্যাটফর্মে নিয়মিত কনটেন্ট পোস্ট করা। নির্ধারিত Content Calendar অনুযায়ী সঠিক সময়ে পোস্ট প্রকাশ ও শিডিউল করা। পোস্টের Caption, Headline, Hashtag, Image, Video এবং প্রয়োজনীয় Link সঠিকভাবে যুক্ত করা। পোস্ট প্রকাশের আগে বানান, তথ্য, ছবি, ভিডিও, মূল্য, যোগাযোগের নম্বর এবং লিংক যাচাই করা। পোস্টের সাধারণ Engagement, Reach, Comment এবং Response পর্যবেক্ষণ করা। ইনবক্স বা কমেন্টে গুরুত্বপূর্ণ কোনো বিষয় পাওয়া গেলে সংশ্লিষ্ট বিভাগকে জানানো। প্রয়োজন অনুযায়ী কর্তৃপক্ষের দেওয়া অন্যান্য সংশ্লিষ্ট দায়িত্ব পালন করা।",1542080,Full Time,Data Entry Operator (Night Shift),,Gazipur (Tongi),True,,"Oct 7, 2026",15000,12000,Tk. 12000 - 15000 (Monthly),Computer Skills,5
Age At most 29 years,At most 29 years,,,,,Dhanmondi RD no. 1,"Bazoomed makes it easy for shoppers to search and discover great businesses and incredible deals on the best stuff to eat, see, do, and buy.",BaZoomed,,"Nov 6, 2026",,,"M,F,O","Job Overview We are seeking an organized Branding Executive to coordinate brand activities, maintain consistent messaging, and support campaigns for our dental and health optimization services. Key Responsibilities Maintain monthly content and campaign calendars for both brands. Coordinate writers, designers, editors, videographers, and external partners. Prepare creative briefs and ensure assets follow brand guidelines. Source and coordinate creators, influencers, collaborations, and promotional activities. Organize shoots, including talent, schedules, locations, and required assets. Coordinate publishing and campaign launches with the marketing team. Track deliverables, deadlines, spending, and campaign results. Requirements Bachelor’s degree in Marketing, Business, Communications, or a related field preferred. 1–2 years of experience in branding, marketing, or agency coordination. Strong organizational skills and written Bangla/English. Understanding of social media content and consumer-facing brands. Experience coordinating influencers or production teams is an advantage. Submit examples of campaigns or brand projects you have supported.",1542082,Full Time,Branding Executive,Work at office,Anywhere in Bangladesh,True,,"Oct 7, 2026",0,0,--,"Advertising , Branding,Branding,Production,Promotion and Branding",--
Age At most 29 years,At most 29 years,,,,,Dhanmondi RD no. 1,"Bazoomed makes it easy for shoppers to search and discover great businesses and incredible deals on the best stuff to eat, see, do, and buy.",BaZoomed,,"Nov 5, 2026",,,"M,F,O","Creative Content Writer Company:  NeoSmile  Location:  Gulshan, Dhaka | Full-time Salary:  Negotiable Job Overview We are looking for a creative storyteller who can turn ideas into compelling scripts and AI-generated visual content for our dental brand. You should be able to develop a concept, write the script, translate it into detailed visual prompts, and generate assets for social media and advertising. Key Responsibilities Develop concepts for advertisements, reels, educational videos, and brand storytelling. Write scripts with strong hooks, clear narratives, and effective calls to action in Bangla and English. Convert scripts into storyboards, scene breakdowns, and shot-by-shot AI prompts. Use tools such as Higgsfield and Midjourney to generate images, video sequences, and supporting visuals. Specify composition, lighting, camera movement, character appearance, and visual style through prompts. Refine generated outputs to improve quality, consistency, and alignment with brand guidelines. Work with videographers, designers, and editors to combine AI-generated assets with live footage. Coordinate clinical review of health claims and avoid fabricated patient results or misleading treatment visuals. Organize scripts, prompts, and assets for reuse across campaigns. Requirements Strong scriptwriting, storytelling, and visual communication skills. Hands-on experience with Higgsfield, Midjourney, or comparable AI image and video tools. Ability to take a concept from written script to usable visual output. Understanding of social media advertising, audience attention, and brand consistency. Strong Bangla and English writing skills. Basic video editing or storyboarding skills preferred. Relevant experience preferred; candidates with strong portfolios are encouraged to apply regardless of academic background. Application Requirements Submit your CV, 2–3 script samples, and a portfolio of AI-generated images or videos. Include one example showing how you developed a script or concept into prompts and final visuals, explaining your contribution.",1542078,Full Time,Creative Content Writer - Higgsfield AI,Work at office,Dhaka (GULSHAN 2),True,,"Oct 7, 2026",0,0,Negotiable,"Content Creation,Content Development,Content writing,Copy writing/ Script Writing",--
"Age 17 to 26 years   📋 *Agreement & Team Policy* 📌 চাকরিতে যোগদানের সময় ন্যূনতম *১ বছরের Agreement* করতে হবে। 📌 প্রতিষ্ঠানের কাজের ধরন অনুযায়ী কর্মীদের *Team-based workflow*-এর মধ্যে দায়িত্ব দেওয়া হবে। 📌 একটি Team গঠনের পর Campaign/Project-এর ধারাবাহিকতা বজায় রাখার জন্য অযথা Team পরিবর্তন বা Team ভেঙে দেওয়ার বিষয়টি নিরুৎসাহিত করা হবে। 📌 দীর্ঘমেয়াদে একই Team-এর সঙ্গে কাজ করে দক্ষতা ও Performance উন্নত করার সুযোগ থাকবে। 📌 Agreement-এ চাকরির মেয়াদ, দায়িত্ব, Shift, ছুটি, Overtime, Team assignment এবং অন্যান্য প্রযোজ্য নিয়মাবলি স্পষ্টভাবে উল্লেখ থাকবে।",17 to 26 years,,,,,,It''s an online marketing company. Our main focus is on social media marketing. You are welcome. ,s4TECH,,"Oct 16, 2026",SSC HSC JSC,,"M,F,O","আমাদের প্রতিষ্ঠানে *Facebook Marketing and Data Entry* কাজের জন্য কিছু সংখ্যক কর্মী নিয়োগ দেওয়া হবে। 💼 *চাকরির সুবিধাসমূহ* ✅ কোম্পানির পক্ষ থেকে থাকার ব্যবস্থা ✅ ১ মাসের Training ✅ Training চলাকালীন খাবারের জন্য মাসিক ৪,০০০ টাকা ভাতা ✅ Training সফলভাবে সম্পন্ন করার পর বেতন ১৪,০০০–২০,০০০ টাকা ✅ প্রতি ৩ মাস পরপর Performance অনুযায়ী Increment ✅ পড়াশোনার পাশাপাশি কাজ করার সুযোগ ✅ আরামদায়ক ও বন্ধুত্বপূর্ণ কর্মপরিবেশ ✅ দীর্ঘমেয়াদে কাজের সুযোগ ✅ Team-based কাজ ও Career Growth-এর সুযোগ 🕐 *কাজের সময়* 🔹 *২টি Shift:* * Evening Shift * Night Shift ⏰ প্রতিটি Shift *৯ ঘণ্টা*। 📌 কাজের প্রয়োজন অনুযায়ী নির্ধারিত Shift-এ দায়িত্ব পালন করতে হবে। Campaign বা কাজের চাপ অনুযায়ী Team/Management-এর নির্দেশনা অনুসরণ করতে হবে। ✅ কোম্পানির প্রতি নিষ্ঠা ও দায়িত্বশীলতার সঙ্গে কাজ করতে হবে এবং প্রতিষ্ঠানের সকল প্রযোজ্য নিয়ম-কানুন মেনে চলতে হবে। 📅 *ছুটি ও Overtime* ✅ প্রতি মাসে *২ দিন নির্ধারিত ছুটি* থাকবে। ✅ প্রয়োজন অনুযায়ী অতিরিক্ত *২ দিনের কাজ Overtime হিসেবে গণনা* করা হবে, প্রতিষ্ঠানের প্রচলিত নিয়ম অনুযায়ী। ✅ Campaign বা কাজের প্রয়োজন থাকলে নির্ধারিত দায়িত্ব ও Shift সম্পন্ন করতে হবে। 🏠 *থাকা ও 🍽️ খাওয়ার ব্যবস্থা* 🏠 *থাকার ব্যবস্থা কোম্পানি বহন করবে।* 🍽️ খাবারের খরচ কর্মীর নিজস্ব দায়িত্ব এবং তা বেতনের/নির্ধারিত সুবিধার কাঠামোর মধ্যে অন্তর্ভুক্ত থাকবে। খাবারের ব্যবস্থা প্রত্যেক কর্মীর ব্যক্তিগত বিষয়। 📋 *Agreement & Team Policy* 📌 চাকরিতে যোগদানের সময় ন্যূনতম *১ বছরের Agreement* করতে হবে। 📌 প্রতিষ্ঠানের কাজের ধরন অনুযায়ী কর্মীদের *Team-based workflow*-এর মধ্যে দায়িত্ব দেওয়া হবে। 📌 একটি Team গঠনের পর Campaign/Project-এর ধারাবাহিকতা বজায় রাখার জন্য অযথা Team পরিবর্তন বা Team ভেঙে দেওয়ার বিষয়টি নিরুৎসাহিত করা হবে। 📌 দীর্ঘমেয়াদে একই Team-এর সঙ্গে কাজ করে দক্ষতা ও Performance উন্নত করার সুযোগ থাকবে। 📌 Agreement-এ চাকরির মেয়াদ, দায়িত্ব, Shift, ছুটি, Overtime, Team assignment এবং অন্যান্য প্রযোজ্য নিয়মাবলি স্পষ্টভাবে উল্লেখ থাকবে। 📈 *Increment Policy* কাজের flow, কর্মদক্ষতা, দায়িত্ব পালনের মান, সময়ানুবর্তিতা এবং প্রতিষ্ঠানের প্রতি নিষ্ঠা সন্তোষজনক থাকলে *প্রতি ৩ মাস পরপর Performance অনুযায়ী Increment* প্রদান করা হবে। 📍 *ঠিকানা:* *আরসি২এইচ+৩৯এম, শামীম ভিলা, ওয়াসা রোড, ভাটারা, ঢাকা-১২১২* 📅 *Interview/Joining:* ১০–১৫ তারিখ 📱 *যোগাযোগ (WhatsApp):* +8801783978221 👉 আগ্রহী প্রার্থীরা নির্ধারিত সময়ের মধ্যে WhatsApp-এ যোগাযোগ করুন। *সীমিত সংখ্যক পদে নিয়োগ দেওয়া হবে।*",1542072,Full Time,Computer Operator And Data Entry,,Dhaka (Vatara),True,,"Oct 6, 2026",20000,14000,Tk. 14000 - 20000 (Monthly),Internet browsing & online work ability.,5
Age 22 to 32 years Only Male   ন্যূনতম CGPA ৩.৫০ (৪.০০-এর মধ্যে) স্নাতক বা স্নাতকোত্তর এসএসসি ও এইচএসসি – উভয় পরীক্ষায় GPA ৫.০০,22 to 32 years,Send your CV to the given email kaushik@evoliq.tech or Email your CV from <strong>My Bdjobs</strong> account,,,,"Baridhara DOHS, Cantonment, Dhaka","IT Business, Consultant, Software Development",EVOLIQ TECH LTD,,"Oct 15, 2026",Bachelor of Science (BSc) Bachelor of Arts (BA) Bachelor of Business Administration (BBA) Master of Science (MSc) Master of Business Administration (MBA),,M,"নিজ বিভাগের বিভিন্ন বিষয়ে ডাটা অ্যানালাইসিস করা। কাজের পরিকল্পনা, সময়সীমা ও অগ্রগতি তদারকি করা। কাজের মান যাচাই ও চূড়ান্ত অনুমোদন প্রদান করা। টেক টিম ও ম্যানেজমেন্টের সঙ্গে সমন্বয় করা। সাপ্তাহিক ও মাসিক অগ্রগতি রিপোর্ট তৈরি করা। প্রকল্পের প্রয়োজনে নতুন কাজের প্রক্রিয়া তৈরি ও উন্নত করা।",1542064,Full Time,প্রোডাক্ট ম্যানেজার,Work at office,Dhaka (DOHS Baridhara),True,,"Oct 6, 2026",40000,30000,Tk. 30000 - 40000 (Monthly),"Bangla and English typing,Communication and interpersonal skill,Data analysis,Google docs,Google Sheets,MS Excel,ProblemSolving and Analytical Skills,Teamwork,Time Management and Prioritization",3
"Age At most 45 years   3-7 years of experience in stone sales, Handling clients for residential building/ commercial/ construction projects. Strong communication and negotiation skills. Ability to work under pressure and meet deadlines. Good knowledge of the local construction (Stone) market Must be self-motivated and result-oriented",At most 45 years,,,,,,,SS Trading (SS Group),,"Nov 5, 2026",Bachelor of Business Administration (BBA) in Marketing Bachelor/Honors,,"M,F,O","SS Trading, a sister concern of SS Group, is seeking dynamic and self-motivated professionals to drive stone sales and marketing activities across the Dhaka Division. The role focuses on expanding market presence, building strong customer relationships, and achieving business growth targets. Job Responsibilities: Develop and maintain strong relationships with clients, contractors, developers, government agencies, and EPC contractors to strengthen long-term business partnerships to sell stone. Identify new business opportunities, expand market presence, and drive market penetration strategies for stone sell. Achieve monthly, quarterly, and annual sales, revenue, and collection targets through strategic sales planning and execution. Prepare, present, and negotiate sales proposals, tenders, and commercial, residential agreements with prospective clients and large corporate accounts. Lead bidding processes for mega public infrastructure projects, including bridges, highways, industrial zones, and large-scale construction developments. Conduct regular market visits, competitor analysis, and monitor industry trends, raw material supply shifts, pricing movements, and construction sector developments. Coordinate closely with Yard/Ghaat supervisor, logistics and delivery teams to ensure timely product supply and customer satisfaction. Maintain accurate sales documentation, reports, forecasts, CRM records, and performance analysis for management review.",1542066,Full Time,Assistant/Deputy/Manager (Stone Sales & Marketing),Work at office,Dhaka,True,,"Oct 6, 2026",0,0,Negotiable,"Negotiation,Presentation skill,Reporting and Documentation,Sales & Marketing,Strategic Planning",05
"Age 28 to 40 years   7–10 years of relevant experience in Corporate Sales, B2B Sales, Project Sales, or Institutional Sales. Experience in consumer electronics, electrical products, lighting, construction materials, or related industries will be preferred. Proven experience in corporate and B2B client acquisition and relationship management. Experience in preparing quotations, proposals, and commercial offers. Good negotiation, communication, and presentation skills. Strong interpersonal skills with the ability to work independently and lead a team.",28 to 40 years,,,,,"Dhaka Corporate Office: Plot-1088, Road # 80ft-2, Block-I, Bashundhara R/A, P.O- Khilkhet, P.S-Vatara, Dhaka-1229.",,Walton Hi-Tech Industries PLC.,,"Nov 5, 2026",Bachelor of Business Administration (BBA) Master of Business Administration (MBA) Bachelor of Science (BSc) Bachelor/Honors,,"M,F,O","Regularly visit corporate offices, B2B clients, Real Estate Companies, Industries, Consultants, and Private Contractors to collect work requisitions and identify potential business opportunities in favor of Walton. Communicate and persuade concerned corporate authorities to obtain regular updates on ongoing and upcoming work opportunities. Prepare offer and quotation documents while ensuring compliance with Walton’s policies and requirements. Ensure timely submission of quotations within the specified deadlines. Monitor and guide team members to achieve individual and team targets. Achieve assigned monthly sales and collection targets while ensuring timely client collections and maintaining credit limits in accordance with company policy. Regularly follow up on product deliveries to ensure timely delivery to clients. Liaise with Logistics, Production, Delivery, and Transport teams to ensure prompt and proper service to clients. Regularly follow up with clients to maintain business relationships, generate new opportunities, and achieve assigned sales targets. Provide regular updates and reports to the HOD regarding daily activities, sales progress, collections, and business opportunities Execute additional business and operational responsibilities assigned by the Head of Sales.",1542065,Full Time,Deputy Manager/Manager- B2B sales (Lighting & Electrical Accessories),Work at office,Dhaka,True,,"Oct 6, 2026",0,0,Negotiable,,--
"Age 20 to 27 years   Minimum 2–3 years of professional experience in graphic design, video editing, motion graphics, or a related creative role. Strong practical knowledge of Adobe Photoshop, Illustrator, Premiere Pro, and After Effects. Must have experience creating social media creatives, short-form videos, reels, promotional videos, product ads, and digital marketing content. Strong understanding of typography, layout, composition, branding, color, and visual storytelling. Experience creating e-commerce product creatives and performance marketing/ad content is highly preferred. Knowledge of AI-assisted image and video generation/editing tools will be considered an advantage. Basic photography and videography skills are preferred. Must be able to manage multiple creative tasks and meet deadlines. Candidate must provide a relevant portfolio containing graphic design, video editing, and motion graphics work. Applicants without a relevant portfolio may not be shortlisted. Shortlisted candidates may be required to complete a practical creative assessment.",20 to 27 years,,,,,"Plot No 470, Road No 06 (Old 29), DOHS Mirpur, Dhaka 1216;","A2 IT is a dynamic startup IT firm from Bangladesh, dedicated to delivering innovative digital solutions.",A2IT,https://a2itltd.com,"Oct 16, 2026",Diploma Bachelor/Honors,,"M,F,O","A2 IT is looking for an experienced Creative Designer & Video Editor who can create high-quality visual content for digital marketing, e-commerce campaigns, social media, websites, and promotional activities. The candidate should be able to handle graphic design, video editing, motion graphics, product-focused content, and AI-assisted creative production independently. Key Responsibilities: Design high-quality social media posts, banners, ad creatives, carousel designs, thumbnails, website visuals, and promotional materials. Create conversion-focused creatives for Facebook, Instagram, TikTok, YouTube, and other digital platforms. Edit short-form videos, Reels, Shorts, product videos, promotional videos, UGC-style content, and TVC-style advertisements. Create professional motion graphics, animated text, transitions, product highlights, and visual effects. Produce e-commerce product creatives using product photos, raw footage, provided assets, and brand guidelines. Work closely with the Digital Marketing team to create multiple creative variations for ad testing and campaign optimization. Develop creative concepts based on campaign objectives, target audience, product features, and marketing requirements. Perform video editing including color correction, audio balancing, subtitles, sound effects, transitions, and final export. Support product photography and videography when required. Use AI-assisted creative tools for content ideation, image/video generation, enhancement, background creation, and production support. Maintain consistent branding across A2 IT and its associated brands and client projects. Create and adapt content for different formats and sizes, including Facebook Ads, Instagram Reels, TikTok, YouTube Shorts, Stories, website banners, and landing pages. Manage multiple creative tasks simultaneously while maintaining quality and meeting deadlines. Keep editable source files, project files, assets, and final outputs properly organized. Stay updated with current design trends, social media trends, advertising creative trends, motion graphics, and AI-based creative tools. Review creative output before delivery and ensure there are no spelling, alignment, product, branding, resolution, or export-related mistakes. Coordinate with marketing and management teams and revise creatives based on feedback and campaign performance.",1542062,Full Time,"Creative Designer (Graphic Design, Video Editing & Motion Graphics)",Work at office,Dhaka (DOHS Mirpur),True,,"Oct 6, 2026",23000,18000,Tk. 18000 - 23000 (Monthly),"Adobe After Effects,Adobe Illustrator and Adobe Photoshop,Graphic Design,Graphic Design and Digital Content Creation,motion graphics,TVC,Video Editing",3
"Age 24 to 30 years   Strong expertise in Adobe Premiere Pro, After Effects, Photoshop, and Illustrator Working knowledge of CapCut and Canva for fast-paced digital content production Strong ability to create trendy, engaging, and conversion-focused short-form videos Strong understanding of visual hooks, social media trends, audience attention patterns, and e-commerce content Good understanding of basic color grading, audio matching, transitions, motion graphics, and video composition. Strong creative sense with an eye for typography, composition, layout, color, and visual storytelling Ability to create attention-grabbing social media banners, ad creatives, thumbnails, and promotional graphics Ability to work under tight deadlines and manage multiple creative projects simultaneously Strong understanding of e-commerce creative optimization and performance-driven content Also encouraged to apply if they possess the required skills and portfolio.",24 to 30 years,,,,,"22/22 Khilji Road, Mohammadpur, Dhaka (Oppsite Of Shymoli Heart Diseas Hospital & Behind Anurag Restaurant )",,MYRO,,"Nov 5, 2026",Bachelor/Honors,,"M,F,O","Job Purpose To create  engaging, high-quality, and performance-driven visual content  for MYRO’s e-commerce and digital marketing campaigns by producing compelling short-form videos, product videos, social media creatives, advertisements, and promotional graphics that strengthen brand visibility, capture audience attention, and drive engagement, conversions, and sales across digital platforms. Key Responsibilities Create engaging short-form videos, Reels, promotional videos, product videos, and other video content for social media and e-commerce campaigns Develop high-converting video creatives using strong visual hooks, storytelling, trending formats, and platform-specific content strategies Design eye-catching social media banners, advertisement creatives, promotional graphics, campaign visuals, and video thumbnails Edit and enhance product and marketing videos using Adobe Premiere Pro and After Effects Create professional graphic designs using Adobe Photoshop and Illustrator while maintaining MYRO’s visual identity and brand guidelines Develop creative concepts and visual directions based on campaign objectives, target audience, products, and current social media trends Apply basic color grading, audio matching, transitions, motion graphics, text animation, and other post-production techniques to improve video quality Continuously research and apply emerging social media trends, creative formats, visual styles, hooks, and content trends relevant to e-commerce brands Optimize video and graphic content for Facebook, Instagram, TikTok, YouTube, and other digital platforms according to platform requirements Create multiple creative variations for advertisements and campaigns to support A/B testing and performance optimization Collaborate with the Marketing, Content, Sales, and E-commerce teams to understand campaign requirements and deliver creative assets within deadlines Review creative performance and incorporate insights from engagement, CTR, conversion, and other campaign metrics to improve future content Maintain organized project files, source files, templates, and creative assets for efficient future use",1542061,Full Time,Graphic Designer Cum Video Editor,Work at office,Dhaka,True,,"Oct 6, 2026",40000,25000,Tk. 25000 - 40000 (Monthly),"Visualization,Visualizer",2
Age At least 24 years Only Male,At least 24 years,,,,,"House#28, Avenue-9, Sector-15, Uttara, Dhaka -1230","Agro-1 Global Limited is the first private company where smart farmers are created by training program. Agro-1 started its business on 2020 with 2 employees, after four years of establishment Agro-1 Global Limited settled more than 100 employees. We are basically working in the vegetables industry which has the highest value in the market. Give proper training to the farmer about smart and modern farming, and all kind of technical support to start an agri-business or farmland. After that we give proper support to those entrepreneurs to make profit from their startup or business. Since we start our journey, we have trained more than 20 thousand people about high value crops farming. A huge amount of people from them are settled in agriculture industry and successfully produce high value crops. Remove the darkness of unemployment issue through agriculture- that is our main moto.",Agro1 Global Limited,https://www.agro1seed.com,"Oct 20, 2026",Diploma in Agriculture Bachelor of Business Administration (BBA) Bachelor/Honors,,M,"Handle sales & marketing operations physically. New sales and marketing planning & implement/execute. Maximum Target achievement. Management of Smart Krishi kormoshala. Conducting free workshops and Math-Dibosh. Crop & Season Specific Campaigns. Create & Maintain Smart Farmers Club/Group. Partner, Dealer & Leader Management. Leadership quality Hard working and strong personality to achieve goal. Ensuring Business growth.",1541953,Full Time,Business Development Officer / Marketing Officer,,Anywhere in Bangladesh,True,,"Oct 6, 2026",25000,15000,Tk. 15000 - 25000 (Monthly),"Energetic and self-motivated,Hardworking and Passionate. Punctual,Honest and dedicated,Target Oriented",20
Age At least 22 years,At least 22 years,,,,,"F5-B (Lift 5), House 411, Road 29,  
New DOHS, Mohakhali, Dhaka-1206","Dreambuzz Education is a Dhaka-based leading consultancy firm dedicated to helping students achieve their academic dreams in top destinations like the USA, UK, Canada, Australia, and beyond. With years of expertise in the field, we provide personalized guidance and comprehensive support throughout the entire study abroad journey.",Dreambuzz Education,,"Nov 5, 2026",Bachelor/Honors,,"M,F,O","Visa and Compliance Officer (Europe) Join the team at  Dreambuzz Education  and help students pursue their dreams of studying abroad. Requirements: A bachelor’s degree in any discipline is mandatory. Hands-on experience in preparing and submitting student visa applications for  Finland, Norway, Sweden, Denmark, Italy, Germany, and other European destinations  is essential. Strong knowledge of visa documentation, application procedures, and compliance requirements. Excellent attention to detail, communication skills, and the ability to meet deadlines. Key Responsibilities: Review and verify student visa documents for accuracy and completeness. Prepare and submit applications in accordance with destination-specific requirements. Coordinate with students and counselors to ensure timely processing. Stay updated on relevant visa requirements and procedures.",1542058,Full Time,Visa and Compliance Officer (Europe),Work at office,Dhaka (DOHS Mohakhali),True,,"Oct 6, 2026",0,0,Negotiable,"Compliance,consultancy agency,Educational consultancy,Europe Visa Processing,Student Consultancy,Student Visa,Visa Processing",2
"Age 25 to 40 years   Females are encouraged to apply. Advanced knowledge of medical ethics and risk management experience. Extensive knowledge of medical recordkeeping practice. Excellent interpersonal, communication, complaint management, and leadership skills. Valid BMDC Registration Number. Working understanding of English",25 to 40 years,,,,,"Uttara Office :
Road 13, House 1, Sector 1,
Dhaka Square Building (6th Floor)
Jashimuddin, Uttara 1230","Experience Group is one of Bangladesh’s fastest-growing and most diversified apparel, textiles, and accessories manufacturers, with leadership based in Dhaka and London. Our companies include Experience Design Limited (AMIRÁ), Harry Fashion Limited, Experience Clothing Company Limited, Experience Accessories Company Limited, and Experience Textile Limited.

We partner with leading global fashion brands and produce high-quality garments, fabrics, and packaging across multiple categories. With modern facilities, strong technical teams, and a culture built on trust, innovation, and performance, we are shaping the next generation of Bangladesh’s export industry.

At Experience Group, people grow fast. We provide a collaborative workplace, real responsibility, and opportunities to learn directly from industry leaders. If you want to build a long-term career in a dynamic and forward-thinking organization, you’ll feel at home here.",EXPERIENCE GROUP,https://www.experienceclothinggroup.com,"Nov 5, 2026",Bachelor of Medicine and Bachelor of Surgery(MBBS) Masters,,"M,F,O","Taking patients` histories, using specialized Medication & equipment to determine the wound type, and determining the best mode of treatment. Monitoring patients` healing processes and making necessary adjustments to their treatment plans. Ensure the highest standards of wound care services are being delivered. An adequate assessment of the patient`s condition, based on the history and physical examination. Verifying complex diagnoses and facilitating treatment management plan. Ensuring compliance of health care regulations and safety standards. Supervising and assigning duties to nurses. Monitoring to ensure consistent and accurate medical record keeping practices. Advising, ordering, performing and interpreting tests. Other administrative job assigned by the authority.",1542057,Full Time,Medical Officer / Doctor,Work at office,Mymensingh (Bhaluka),True,,"Oct 6, 2026",0,0,Negotiable,,01
Age At least 28 years   Minimum 5 years of experience in Risk Management or related functions within commercial banks or financial institutions.          Preference will be given to candidates having an MTO/PO background or who have been recruited through a competitive examination in any commercial bank or financial institution.         Professional certifications such as CERM or FRM will be considered an added advantage.,At least 28 years,,,,,"NCC Bank Bhaban, 13/1-2 Toyenbee Circular Road, Motijheel C/A, Dhaka-1000.",NCC Bank PLC. has been operating as one of the leading Private Commercial Banks with its strong business network of 132 branches and 10 sub-branches across the country and providing personalized & customer-friendly banking services to its client in a responsive and technology-based environment.,National Credit and Commerce Bank PLC,,"Oct 25, 2026","MBA/MBM/Master’s/Four-year Bachelor’s Degree from UGC-approved university preferably in Finance, Banking, Accounting, Economics, or Statistics, with no third class/division in academic records.         Candidates with a minimum of 16 years of education will be eligible.",,"M,F,O","Collect structured data from relevant departments and perform pre-submission quality checks, validation and reconciliation against source data prior to submission through the Bangladesh Bank portal & maintain proper records of all submissions. Identify all required documents and qualitative disclosures for unstructured RBS data submissions. Coordinate with relevant departments for timely collection and review all submissions for completeness, accuracy and quality before uploading to the Bangladesh Bank portal. Respond to data queries, observations and requests for clarification from Bangladesh Bank within the prescribed timelines. Prepare Management for RBS inspections by briefing relevant divisions on the inspection scope, areas of focus and key requirements. Track post-inspection findings and coordinate with relevant departments to ensure timely implementation and closure of corrective actions. Organize, prepare presentations for and conduct periodic RBS Coordination Committee meetings at the senior management level. Report the status of RBS data submissions, inspection preparedness, inspection observations and corrective actions to the Committee. Organize and conduct regular RBS Working Committee meetings at the operational/departmental level and monitor action points to ensure effective and timely implementation. Identify opportunities for automation of RBS data collection, validation, and CSV preparation processes and coordinates with the IT & MIS Division for the development and implementation of appropriate automation solutions. Test, validate and reconcile automated outputs against established manual benchmarks prior to implementation/go-live. Analyze RBS data across key risk parameters, including credit risk, market risk, operational risk, liquidity risk, internal control risk, and other relevant risk areas, to identify areas of inherent risk and prepare periodic Inherent Risk Summary Reports for presentation to Senior Management. Plan and coordinate RBS awareness and training programmes for employees, as well as targeted training sessions for Senior Management and Board members regarding the Bank’s RBS status and inherent risk profile. Validate Expected Credit Loss (ECL) models in accordance with IFRS 9 requirements and critically review relevant model parameters, assumptions, and methodologies. Perform any other duties and responsibilities assigned by Management from time to time.",1542055,Full Time,Risk Based Supervision (RBS) & ECL Desk: Risk Management Division (EO-FAVP),Work at office,Dhaka,True,,"Oct 6, 2026",0,0,Negotiable,Risk Management,--
Age 25 to 40 years,25 to 40 years,,,,,"44/14
West Panthapath, Dhaka - 1205",Education consultancy firm for study abroad,Brighton Global,,"Oct 21, 2026",Bachelor/Honors,,"M,F,O","Edit raw footage into engaging videos for YouTube, Facebook, Instagram, and TikTok. Create video content ideas and write simple scripts, captions, and descriptions. Add transitions, text, music, subtitles, and basic motion graphics. Optimize video titles, descriptions, tags, and thumbnails for better SEO and reach. Track video performance and use the results to improve future content. Design basic thumbnails and social media graphics (optional). Make revisions based on feedback and deliver on time. Organize and back up project files and footage.",1541550,Full Time,Video Editor,Work at office,Dhaka (PanthaPath),True,,"Oct 6, 2026",30000,20000,Tk. 20000 - 30000 (Monthly),"Adobe After Effects,Adobe Photoshop,Canva,Digital Marketing (Social Media Marketing),Digital Marketing Campaign,Graphic Design,Video Editing",01
"Age At least 25 years   Minimum 3 years of relevant experience in Risk Management, with at least 1 year of specific experience in operational risk management or related functions within commercial banks or financial institutions.",At least 25 years,,,,,"NCC Bank Bhaban, 13/1-2 Toyenbee Circular Road, Motijheel C/A, Dhaka-1000.",NCC Bank PLC. has been operating as one of the leading Private Commercial Banks with its strong business network of 132 branches and 10 sub-branches across the country and providing personalized & customer-friendly banking services to its client in a responsive and technology-based environment.,National Credit and Commerce Bank PLC,,"Oct 25, 2026","MBA/MBM/Master’s/Four-year Bachelor’s Degree from UGC-approved University preferably in Finance, Banking, Accounting, Economics or Statistics, with no third class/division in academic records.         Candidates with a minimum of 16 years of education will be eligible.",,"M,F,O","Maintain, review and update the Bank’s Operational Risk Management Manual on a periodic basis, at least annually and coordinate with relevant departments to incorporate their inputs during the revision process. Identify and establish Key Risk Indicators (KRIs) for all major operational risk categories in coordination with concerned departments, including IT, HR, Operations, Cards and Branches and define appropriate threshold levels for each KRI. Monitor KRI movements and trends on a regular basis and promptly escalate Amber/Red KRI breaches to the appropriate risk governance forum. Maintain a comprehensive KRI Register and prepare monthly KRI monitoring reports for management review. Collect Internal Audit Reports from the Internal Control & Compliance Division (ICCD) on a regular basis and analyze audit findings from an operational risk perspective, categorizing findings according to relevant risk types. Maintain a tracking register for operational risk-related audit findings and monitor their resolution and closure status. Collect and monitor fraud incident reports from ICCD and analyze fraud incidents by category, channel, magnitude and other relevant parameters. Track the implementation and effectiveness of risk mitigation measures designed to prevent recurrence. Organize, coordinate and conduct Risk Associates Forum (RAF) meetings on a regular basis, at least quarterly. Prepare agendas, discussion papers and presentations on operational risk matters; record minutes; and follow up with relevant departments and branches regarding implementation of risk mitigation actions agreed upon by the RAF. Escalate unresolved or significant operational risk issues to the Enterprise Risk Management Committee (ERMC), as appropriate. Maintain the Bank’s Operational Risk Register, covering identified risks across the key operational risk categories of people, processes, systems, and external events. Review and update the Operational Risk Register on a quarterly basis or immediately upon identification of significant/new risks. Track the progress of risk mitigation strategies and update residual risk ratings accordingly. Prepare and present Operational Risk Register Summary Reports to the Risk Associates Forum (RAF) and Enterprise Risk Management Committee (ERMC). Perform any other duties and responsibilities assigned by Management from time to time.",1542053,Full Time,Operational Risk Desk: Risk Management Division (Officer-SO),Work at office,Dhaka,True,,"Oct 6, 2026",0,0,Negotiable,Risk Management,--
"Age At least 30 years   Minimum 05 years of banking experience, including at least 03 years in corporate banking in any commercial banks/ financial institution.          Candidates currently serving in any Shariah-based bank will be given preference.        Preference will be given to candidates having an MTO/PO background or who have been recruited through a competitive examination in any commercial bank or financial institution.",At least 30 years,,,,,"NCC Bank Bhaban, 13/1-2 Toyenbee Circular Road, Motijheel C/A, Dhaka-1000.",NCC Bank PLC. has been operating as one of the leading Private Commercial Banks with its strong business network of 132 branches and 10 sub-branches across the country and providing personalized & customer-friendly banking services to its client in a responsive and technology-based environment.,National Credit and Commerce Bank PLC,,"Oct 25, 2026",MBA/MBM/Masters/Four years’ Bachelor Degree (preferably Business) from UGC approved universities having no 3rd class in academic records.          Candidate having minimum 16 years of schooling will be eligible.          Candidates having professional certification in Islamic Banking will be given preference.,,"M,F,O","Identify, acquire and onboard new corporate clients to expand the bank’s customer base, ensuring alignment with the bank’s business strategy. Build, nurture and maintain long-term, trust-based relationships with corporate clients, ensuring superior service, satisfaction and retention. Drive business by expanding the customer base and achieving targets for loans/ investments & deposit by cross-selling and up-selling appropriate banking products and services tailored to client needs. Conduct regular visits to existing and prospective clients to strengthen relationships, explore opportunities and provide proactive solutions. Address and resolve client concerns promptly, ensuring a seamless and one-stop banking experience. Perform financial analysis, assess creditworthiness and prepare credit/ investment proposals to support sound lending decisions. Monitor portfolio quality, minimize NPLs to ensure sustainable asset growth and asset quality, enforce adherence to bank policies, credit/ investment standards and regulatory guidelines. Prepare and review credit/ investment proposal/ call reports/ office notes/ memos, maintain accurate MIS and ensure proper documentation and archiving of client files. Provide updates on business, industry and regulatory developments to senior management for informed decision-making. Liaise effectively with internal teams (credit/ investment, operations, compliance, audit, etc.) and external stakeholders to ensure smooth operations and timely service delivery. Undertake any other responsibilities assigned by management to support the smooth functioning of the department.",1542051,Full Time,RM/SRM- Corporate Banking (SEO-VP),Work at office,"Chattogram, Dhaka",True,,"Oct 6, 2026",0,0,Negotiable,Corporate Banking,--
"Age At least 30 years   Minimum 05 years of banking experience, including at least 02 years in the role of Branch Manager and must currently be serving as Branch Manager.         Candidates having experience in any Shariah-based bank will be given preference.          Preference will be given to candidates having an MTO/PO background or who have been recruited through a competitive examination in any commercial bank or financial institution.",At least 30 years,,,,,"NCC Bank Bhaban, 13/1-2 Toyenbee Circular Road, Motijheel C/A, Dhaka-1000.",NCC Bank PLC. has been operating as one of the leading Private Commercial Banks with its strong business network of 132 branches and 10 sub-branches across the country and providing personalized & customer-friendly banking services to its client in a responsive and technology-based environment.,National Credit and Commerce Bank PLC,,"Oct 25, 2026",MBA/MBM/Masters/Four years’ Bachelor Degree (preferably Business) from UGC approved universities having no 3rd class in academic records.          Candidate having minimum 16 years of schooling will be eligible.          Candidates having professional certification in Islamic Banking will be given preference.,,"M,F,O","Drive business growth by expanding the customer base and achieving branch-level targets for deposits, loans/ investments, foreign trade and other commission/ fee-based areas. Identify, acquire, and onboard new corporate clients to expand the bank’s customer base, ensuring alignment with the bank’s business strategy. Build, nurture, and maintain long-term, trust-based relationships with corporate clients, ensuring superior service, satisfaction and retention. Develop and maintain strong client relationships (Retail & SME) through cross-selling, retention strategies and personalized engagement. Conduct regular visits to existing and prospective clients to strengthen relationships, explore opportunities and provide proactive solutions. Enhance the branch’s business performance by effectively managing the income statement and balance sheet. Monitor portfolio quality, ensure sustainable asset growth and asset quality, enforce adherence to bank policies, credit standards and regulatory guidelines. Evaluate client needs, assess creditworthiness, appraisal of proposal with proper scrutiny and coordinate with the credit department for approval and monitoring of facilities. Allocate business target among all RMs of the branch/business unit and supervise, guide, motivate and monitor the RMs (Sales/Business teams) to consistently achieve sales and service goals. Strong leadership and people management skills, with the ability to ensure proper distribution of work among branch personnel through clearly defined tasks and responsibilities and to place the right people in the right positions. Lead the branch in delivering superior customer service while ensuring profitability and operational efficiency. Foster an effective sales and service culture within the branch/business unit. Foster a culture of teamwork, compliance, and continuous development through coaching, performance reviews and staff training. Liaise and maintain relationship with internal teams (credit/investment, operations, compliance, audit, etc.) and external stakeholders to ensure compliance and operational excellence. Provide updates on business, industry, and regulatory developments to senior management for informed decision-making. Any other work / responsibility as and when assigned by the supervisor or Management of the Bank.",1542050,Full Time,Branch Manager (SEO-VP),Work at office,Anywhere in Bangladesh,True,,"Oct 6, 2026",0,0,Negotiable,,--
"Age At least 28 years Only Male   5 to 6 years (The Candidate must have experience in relevant field) Other Relevant Skills Modern Furniture, Interior Design Sales & Marketing Sales Target Achievement The applicants should have experience in the following business area(s): Direct Selling/Marketing Service Company, Furniture, Furniture Manufacturer, Interior",At least 28 years,,,,,"Plot-74, Road-07, Block-H, Banani C/A, Dhaka-1213; Banani",,Pabellón Deco,,"Nov 5, 2026",Bachelor/Honors Masters,,M,"Promote the company’s Furniture, interior design services. Generate leads through online and offline marketing platforms. Prepare presentations, proposals, and marketing reports. Conduct client meetings, site visits, and follow-up activities. Assist in planning marketing strategies.. Ability to network and connect with a variety of people. Analytical mind with a problem-solving attitude Maintain effective & strong relationships with potential clients. Attend new and prospective clients on a regular basis Developing new clients and maintain good relationship with existing clients. Ensure customers queries, problem & issues. Perform any other tasks assigned by the management.",1542025,Full Time,Assistant Manager (Sales & Marketing),Work at office,Dhaka (Banani),True,,"Oct 6, 2026",35000,20000,Tk. 20000 - 35000 (Monthly),,2
Age 25 to 35 years   Immediately join are encouraged to apply.,25 to 35 years,,,,,"Corporate Office, Level-10, 90/Cha,The Pearl Trade Centre (Uttar Badda), Progati Sharani, Dhaka, 1212.","Redmin Industries Ltd. is a fast-growing manufacturer, supplier, and distributor dedicated to delivering high-quality chemicals, adhesives, and coating solution products; established in 2022. We specialize in a wide range of industrial and commercial solutions, including adhesives, hot melt glue, hygiene glue, thinner and ink products, along with a growing presence in agro, baby care, and toy manufacturing.
we are driven by innovation and customer needs. Our strong R&D, product development, and technical support teams enable us to address complex manufacturing challenges and provide fast, reliable, and cost-effective solutions tailored to specific applications and processes.
Redmin stands as a multi-sector industrial group, serving both B2B and consumer markets—from essential raw materials to everyday lifestyle products—guided by our vision of creating smarter, safer, and more sustainable innovations for modern living.",Redmin Industries Limited,https://redmin.com,"Oct 15, 2026",Bachelor/Honors,,"M,F,O","To prepare HR reports, attendance summaries and payroll input data. To oversee recruitment processes for technical and non-technical roles across multiple position. To prepare monthly wages, overtime and take necessary steps to disburse. To assist and follow up daily HR activities and ensure uninterrupted daily factory HR operations. To maintain employee records, HR database and ensure proper documentation. To utilize multiple recruitment channels, including job boards, social media, professional networks and industry-specific platforms. To handle employee relations, grievances and disciplinary procedures as per company policy. To ensure compliance with labor laws and company policies during the process. To develop Skill Matrix for all relevant position and support to adhere as per development plan. To implement Employee Welfare and manage Statutory Compliance . To stay updated on industry trends and best practices in HRM.",1542048,Full Time,Sr. Executive/ Assistant Manager- HR,Work at office,Dhaka (Badda),True,,"Oct 6, 2026",40000,35000,Tk. 35000 - 40000 (Monthly),"Leadership,Negotiation Persuasion Skills,Team management",1
Age 26 to 35 years Only Male,26 to 35 years,,,,,"22/22 Khilji Road, Mohammadpur, Dhaka (Oppsite Of Shymoli Heart Diseas Hospital & Behind Anurag Restaurant )",,MYRO,,"Nov 5, 2026",Bachelor/Honors,,M,"Job Purpose To manage day-to-day accounting operations of the e-commerce business, ensuring accurate transaction recording, reconciliation, payment collection, financial reporting, and compliance with company policies and accounting standards. Key Responsibilities Manage daily accounting transactions including sales, purchases, expenses, receipts, payments, and journal entries Maintain and verify e-commerce sales and financial records across online platforms, payment gateways, COD, and other sales channels Reconcile daily sales with order management software, payment gateways, bank accounts, mobile financial services, and courier/COD statements Prepare daily, weekly, and monthly sales, collection, expense, and reconciliation reports Maintain accounts payable and receivable records and ensure timely settlement of approved payments Verify invoices, bills, vouchers, purchase documents, and supporting documents before processing transactions Coordinate with E-commerce, Sales, Customer Service, Logistics, Procurement, and Warehouse teams to resolve financial discrepancies Assist in monthly closing, financial reporting, ledger maintenance, and account reconciliation Maintain proper documentation and records of all financial transactions for audit and management review Identify accounting discrepancies, investigate the root causes, and take necessary corrective actions Support VAT, Tax, audit, and other statutory requirements as assigned by management Perform other accounting and finance-related responsibilities assigned by Management",1542046,Full Time,Executive / Senior Executive - Accounts,Work at office,Dhaka,True,,"Oct 6, 2026",0,0,Negotiable,"Accounting,Accounting Data Entry,Accounts and Finance,Accounts Payable Receivable",02
"Age 35 to 50 years   Candidate should have profound knowledge on Standard Operating Procedure (SOP), Pharmaceutical Analysis, Pharmaceutical Calibration/Validation, Process Validation, Proper Documentations, Regulatory Affairs etc. Candidate should be skilled on HPLC, FTIR, UV, ASS, GC, TLC & others QC Equipment’s. Enable to prepare MOA, COA, Method Verifications and Specifications, Method Validations. Coordinate pharmaceutical-related activities for all products.",35 to 50 years,,,"If you think you are the right person that we are looking for,  please apply through online.  Only short-listed candidates will be invited for further selection process. There will be no TA/DA facilities during the interview period.  The address for the interview is 95, Central Basabo, Sabujbagh, Dhaka-1214.",,"95, Central Basabo","Super Power Pharmaceuticals Ltd. (SPPL), Belabo, Narsingdi, Bangladesh is one of the fastest growing and value driven organizations in the pharmaceuticals industry with a mission to provide contemporary and affordable veterinary medicines & premix Items, manufactured in compliance with global quality standards that improve the health of the animal sector in our country.",M/s Super Power Pharmaceuticals Ltd.,https://www.superpowerpharma.com/,"Nov 5, 2026",Master of Pharmacy (M.Pharm) Candidate must have computer skill & well conversant with Microsoft Office applications. Candidate should have registration number given by Bangladesh Pharmacy Council.,,"M,F,O","Write, review, implement & maintain a Quality Management System (QMS) (i.e. Deviation, Investigation, risk assessment, change control, CAPA, customer complaint, Product recall, Internal audit, Personnel Training etc.) Support regulatory inspections and compliance audits. Design, implement, and update the quality manuals, policies, and systems in strict compliance with current Good Manufacturing Practices (cGMP), ICH guidelines, and global regulatory frameworks. Oversee the drafting, reviewing, updating, and approval of all critical SOPs across departments to ensure operational standardization. Ensure the manufacturing facility is continuously ready for external inspections by organization like dgda. Schedule and conduct regular internal audits across various departments (Production, QC, Engineering) to proactively catch and fix gaps. Direct the investigation into any manufacturing deviations, Out-Of-Specification (OOS) lab results, or process anomalies to establish the true root cause. Challenge, approve, and track Corrective and Preventive Actions (CAPAs) to ensure systemic flaws are permanently fixed rather than relying on surface-level patches. Review and approve changes to facility structures, manufacturing equipment, raw materials, or software systems, minimizing unexpected risks to product quality. Conduct the comprehensive final review of batch manufacturing records (BMR) and batch packaging records (BPR) to verify compliance before market release. Define, evaluate, and govern recurring GMP and compliance training programs across the entire workforce. Perform Annual Product Quality Review (APQR) of finished products. Conduct testing of raw materials, in-process, and finished products. Perform stability studies and ensure analytical method validation. Maintain laboratory compliance with safety and GLP standards. Collaborate with production and R&D for troubleshooting quality issues. Perform any other duties assigned by management as required.",1542045,Full Time,QA Manager,Work at office,Narsingdi (Belabo),True,,"Oct 6, 2026",0,0,Negotiable,Quality Assurance/ Quality Control,02
Age 18 to 35 years Only Male,18 to 35 years,Send your CV to the given email hrm@micare.com.bd,,Phone: 01898803010 (Whatsapp),,"Shyamoli Cinema Hall Building Complex, 3rd Floor (Lift 3), Ring Road, Shyamoli, Dhaka-1207",Micare Health Limited is 1st ever dedicated minimal invasive surgery center in Bangladesh. We are hiring aspiring healthcare professionals for state of the art centers.,Micare Health,https://micare.com.bd/,"Nov 5, 2026",MATS / IHT Diploma Course completed,,M,"Assist doctors during patient consultations, examinations, and medical procedures. Prepare patients and provide necessary clinical support. Maintain patient records, medical history, prescriptions, and documents accurately. Arrange and manage medical equipment, supplies, and consultation areas. Coordinate with nurses, laboratory, pharmacy, and other departments. Follow doctors’ instructions and support emergency situations when required. Communicate professionally with patients and attendants while maintaining confidentiality. Assist doctors during chamber consultations and OT procedures. Support Facebook Page and YouTube Channel activities. Perform other duties assigned by the management",1541858,Full Time,Doctor Assistant,Work at office,Dhaka,True,,"Oct 6, 2026",0,0,Negotiable,"Doctors Assistant,Medical Assistance,OT assist",--
Age 20 to 40 years,20 to 40 years,,"প্রয়োজনীয় কাগজপত্রসহ রূপালী লাইফ ইন্স্যুরেন্স পিএলসি, চাঁপাইনবাবগঞ্জ জেলা অফিসে সরাসরি যোগাযোগ করুন অথবা  সিভি পাঠান। রূপালী লাইফ ইন্স্যুরেন্স পিএলসি চাঁপাই নবাবগঞ্জ রোড, রাজশাহী, সন্ধ্যা হলের বিপরীতে, পেট্রোল পাম্পের পাশে, চাঁপাই নবাবগঞ্জ সদর, চাঁপাই নবাবগঞ্জ হোয়াটসঅ্যাপ: ০১৭৯০৪৮৫২১০ যোগাযোগের সময়: সকাল ১০টা–বিকেল ৪টা আবেদনের শেষ তারিখ ২০ অক্টোবর ২০২৬","শুধুমাত্র চাঁপাইনবাবগঞ্জ,রাজশাহী বিভাগ, জেলায় কাজ করতে আগ্রহী প্রার্থীদের আবেদন করতে অনুরোধ করা হচ্ছে। যোগ্যতা ও আগ্রহ থাকলে আজই আবেদন করুন।",,"Rupali Life Insurance PLC
Chapai Nawabganj Road, Rajshahi, 
Opposite Sandhya Hall,Beside Petrol Pump,Chapai Nawabganj Sadar,Chapai Nawabganj",,Rupali Life Insurance PLC (Chapainawabganj branch),,"Oct 20, 2026",ন্যূনতম এইচএসসি পাস বিএ/অনার্স ডিগ্রিধারীদের অগ্রাধিকার অভিজ্ঞতা আবশ্যক নয়; নতুন প্রার্থীরাও আবেদন করতে পারবেন,,"M,F,O","রূপালী লাইফ ইন্স্যুরেন্স পিএলসি , চাঁপাইনবাবগঞ্জ জেলা অফিস ব্রাঞ্চ ম্যানেজার  পদে যোগ্য ও উদ্যমী প্রার্থীদের আবেদন আহ্বান করা হচ্ছে।",1542043,Full Time,ব্রাঞ্চ ম্যানেজার / Branch Manager,,"Chapainawabganj, Faridpur, Rajshahi",True,,"Oct 6, 2026",0,0,Negotiable,Insurance,--
"Age At least 33 years   Candidates with relevant certifications in HIGG FEM/FSLM, SLCP, ISO 14001 (EMS), ISO 45001 (OH&S), and ISO 9001 (QMS) will be highly preferred. Knowledge of ESG, GHG Protocol, carbon footprint, SBTi, and sustainability reporting is an advantage. Strong experience in factory/customer audits and CAP management. Strong knowledge of Bangladesh Labour Law and applicable labour regulations.",At least 33 years,,,,,"Sofipur, Kaliakoir, Gazipur.","Founded in 1997, Liz Fashion Industry Limited is a sportswear and underwear manufacturer in Bangladesh, exporting to Europe, U.S.A., Canada, Australia and China. Our factories are situated in the industrial area of Sofipur, Gazipur.

We operate several large scale production facilities equipped with the best available machinery in the industry. Our management team consists of both local and foreign staff coming from China, Philippines, Turkey, Brazil and Canada. Throughout the years, Liz Fashion has been extremely successful in building a healthy and cooperative relationship with its employees and its communities.",Liz Fashion Industry Ltd.,,"Nov 5, 2026",Bachelor’s or Master’s degree in any discipline Candidates with a PGD in Compliance will be highly preferable.,,"M,F,O","Ensure full compliance with Bangladesh Labor Law, buyer Codes of Conduct (CoC), and company policies Maintain and update all compliance-related documents, registers, and reports, Update company policies including Code of Conduct, Worker Handbook, Training Policy, and Workplace Rules Preparing and presenting clear and concise compliance reports to the Board/ management. Monitor and manage compliance certifications and audits such as **BSCI, SEDEX, Better Work, OCS, RCS, GOTS, GRS, RSC, Nirapon, etc. Prepare, implement, and effectively monitor Corrective Action Plans (CAP) against audit findings to ensure timely and sustainable compliance Handle buyer audits including WRAP, BSCI, SEDEX, Higg Index, and C-TPAT (SCAN, GSV) Monitor daily worker health & safety issues including fire safety, accident investigation, and root cause analysis Arrange and conduct training programs such as orientation, health & safety, fire safety, first aid, MSDS, security awareness, and anti-harassment training Ensure compliance with legal requirements related to leave, wages, overtime, benefits, and compensation Maintain grievance handling and disciplinary procedures and ensure a safe, healthy, and compliant workplace across all departments Conduct regular factory walkthroughs to identify compliance gaps and recommend corrective actions. To conduct training, awareness and award programs for the employees as per company as well as Buyers policy. Maintain positive industrial relations among workers, factory management, and top management Coordinate with government and non-government organizations regarding compliance matters Review personal files, maternity benefits, discontinuation records, payroll, and salary sheets for audit readiness Conduct injury analysis, risk assessments, and preventive action planning. To Assist in developing, implementing, maintaining and reviewing of company policies, rules and regulations in compliance with all applicable employment laws and regulations. To Ensure the factory is always complying with structural, social, ethical, health and electrical and fire safety requirements of Buyers, third parties as well as concerned bodies related to the business of the company and maintaining good communications. To find out the non-compliance issues by the daily monitoring & internal audit in the factory and initiate the solve it according to Labor Law, Factory Rules and buyers CoC & other national & international legal instruments. To Maintain every compliance mechanism/tools internally; through daily, weekly, monthly and yearly comparative statistical report & tools. Review and update all legal documents/certificate/license time to time by communicating with the specific authorities. To perform any other task as assigned by the management from time to time.",1542035,Full Time,Manager - Compliance,Work at office,Gazipur,True,,"Oct 6, 2026",0,0,Negotiable,"Audit Management,Compliance,Compliance Audit,Environmental Management System,Social Compliance",--
"Age At least 18 years   The incumbent selected for Bhashanchar will be required to stay at Bhashanchar. Person Specification: Essential: Experience Minimum 3 years of working experience in Humanitarian response and WASH project implementation, particularly in hygiene promotion, awareness-raising, capacity building, hygiene tool development, implementation planning, and monitoring. Strong knowledge of behavior change, WASH sector priorities, hygiene approaches, reporting, and M&E. FDMN context is highly preferred. Core Competencies Strong competency in Project Implementation, Project Management, Social/Community Mobilization, and Facilitation. Excellent skills in Coordination, Networking and Communication. Strong competency in Monitoring & Evaluation, Reporting & Documentation, and Activity Management. Strong Leadership, Interpersonal and Behavioural Skills, with a positive attitude. Excellent Problem-Solving, Conflict Resolution and Decision-Making skills. Strong commitment to IR’s Vision and Mission and its core values of Sincerity, Excellence, Social Justice, Custodianship, and Compassion. Demonstrates a high level of Integrity and Professionalism. Commitment to self-development, continuous learning, openness to learning, and quality improvement. Strong Planning, Analytical and Strategic Management skills. Good knowledge and awareness of personal Health, Safety and Security. Willingness and ability to adapt to IR’s norms, values. Demonstrated excellence in teamwork, communication, and networking. Willingness to travel and work in Bangladesh’s most remote areas. IT Skills Proficiency in Microsoft Word/Excel /PowerPoint & Basic Internet using, Database Management, Kobo toolbox, Basic Hardware & Software Installation/Troubleshooting etc. Language Requirements Strong proficiency in reading, writing, speaking, and listening in both English, Bengali and Chittagong Dialect. Desirable Ability to understand Financial Management.",At least 18 years,,,"Female Candidates are highly encouraged to apply. However, Islamic Relief Bangladesh considers diversity in the workplace and is a committed equal- opportunity employer. We encourage applications from all suitable candidates regardless of gender, race, family or marital status, ethnicity, disability, class, caste, or religion. Interviews are expected to take place on an ongoing basis, and the vacancy may close earlier than the above closing date. Only shortlisted candidates will be contacted for the further selection process.",,"Bangladesh Country Office: House # 10, Road # 10, Block-K, Baridhara, Dhaka-1212","Islamic Relief Worldwide (IRW) - founded in 1984 and based in Birmingham, UK - is an independent humanitarian and development organization. It supports the world’s most vulnerable people in their fight against poverty & sufferings regardless of race, political affiliation, gender, or belief, and without expecting anything in return. It is a signatory to the Code of Conduct for the International Red Cross and Red Crescent Movement. 
IRW has a presence in 45 countries across the globe. Some funds of the organization come from individual donations and others from institutional donors such as the DFID, EU, SIDA, CIDA/IDRF, Forum Syd, WFP, UNDP, and ECHO.
Islamic Relief(IR) started working in Bangladesh in 1991 in order to help the distressed survivors of the devastating cyclone by providing emergency relief and supporting communities to rebuild in the wake of that cyclone. Initially, it focused on emergency relief & disaster preparedness activities. Later on, it expanded its programs on both humanitarian and development challenges. Now it works in an integrated manner combining emergency humanitarian assistance, short-term work opportunity, shelter support, awareness & training on different DRR, climate change, development, health & hygiene and social issues, cash grant, IGA means, health & nutrition, safe water & sanitation, education, advocacy and linkage with different service providers. As a registered charity, IR is open and transparent; it continually assesses its work and operational methods to improve impact and effectiveness. 
Islamic Relief values and commitment to safeguarding: IRB is committed to preventing any type of unwanted behavior at work including sexual harassment, exploitation and abuse, lack of integrity, and financial misconduct; and committed to promoting the welfare of children, young people, adults, and beneficiaries with whom IRB engages. IRB expects all staff and volunteers to share this commitment through our code of conduct. We place a high priority on ensuring that only those who share and demonstrate our values are recruited to work for us. All offers of employment will be subject to satisfactory references and appropriate screening checks, which can include criminal records checks. IRW also participates in the Inter-Agency Misconduct Disclosure Scheme.
In line with this Scheme, we will request information from job applicants’ previous employers about any findings of sexual exploitation, sexual abuse, and/or sexual harassment during employment, or incidents under investigation when the applicant left employment.

",Islamic Relief Bangladesh,,"Oct 10, 2026",Bachelor Degree in public health or social sciences or a related field.,,"M,F,O","Ensure Effective Hygiene Promotion & behaviour change Activities - 35% Organized various training sessions/orientations and HP workshops for the community people, project staff, and volunteers for hygiene awareness activities in the camp context. Proven experience & knowledge of Hygiene promotion session methodologies and approaches. Practical Knowledge of behaviour change approaches in the camp context. Practical working experience in community lead Approaches and community engagement. Experience in functioning inactive user groups and plan for 90% HP work by the community. Design BCC/IEC materials related to hygiene activities and develop the associate program. Follow and ensure gender, protection, local culture, and other important cross-cutting concerns are considered in program implementation and reporting. Proper knowledge about solid waste & environmental hygiene in the camp context. Practical knowledge of water-borne diseases and vector control in WASH. Demonstrate various HP-related technologies, i.e., chlorination process, JART test, mother solution preparation, borehole disinfection, pitcher & well mouth disinfecting, etc. Conduct daily monitoring visits to WASH facilities to ensure that the whole WASH system is well-functional with fewer risks and other WASH facilities to ensure the best uses. Experience in program design, management, implementation, monitoring, and evaluation, including CORE Humanitarian Standard, SPHERE standards, security, and protection considerations. Ability to communicate ideas in a culturally sensitive manner conducive to their practical application, especially in the Cox’s Bazar context, and ability to adapt and work within a multicultural, multilingual, and multidisciplinary environment. Experience in building the capacity of the team internally and of external stakeholders. Ability to prioritize effectively, build alternative actions into plans, review priorities and gather and deploy resources effectively. Commitment to equal opportunity, gender equality, inclusiveness, and diversity. Demonstrate experience in integrating gender and diversity issues into programs. Plan and ensured the distribution of hygiene kits and promoted the effective use of all distributed hygiene items. Prepare individual work plans according to project activity and follow up an individual work plan for quality control of project activities. Prepare a business plan at the community level and execute it as per the proposal and organizational guidelines. Follow WASH sector guidelines and WHO standards. Profound knowledge of Microsoft Office, Google applications, Kobo, and other relevant computer skills. Project intervention monitoring & Beneficiary selection according to the IR Principle and guideline - 30% Facilitate JART Assessment & Capacitate the team on JART. Provide a detailed plan and post-distribution monitoring (PDM) for the distribution of hygiene kits and top-up kits besides other hygiene materials. Assist in monitoring and sharing the water quality tests periodically in the IRB’s Catchment area. Ability to cross-check the working area's FSM and solid waste management conditions and appropriate measures to ensure a healthy environment. Follow up on house-to-house hygiene session activities and prepare and compile CHP reports weekly and monthly. Guide and assist WASH committee in community mobilization and sensitization for WASH activities. Ensure that the Do No Harm, Sphere guidelines, and CHS are introduced in community engagement. Liaise with engineers, in General, cleaning up campaigns and ensuring that solid waste is well and safely disposed of. Participate in the site selection and construction of wash facilities. Conducting Training (for community volunteers, teachers, and health workers) on hygiene promotion and basic mobilization skills. To conduct various meetings with CBC, Majhi, caretaker, and user group. Form community lead User group & volunteer group, HP group and CDG Conduct door-to-door surveys to finalize beneficiaries. Supervise the beneficiary’s identification as per fixed selection criteria and by the methodology fixed by IR. Conduct FGD with different stockholders and communities at Camp. Participate in various demographical assessments like facilities, households, WASHs, and WASH surveys. Conduct community-based meetings to identify sustainable, durable, and locally acceptable infrastructure in Ukhiya. Effective and appropriate networking and coordination with different stakeholders are needed - 15% Trains and informs existing and new staff on budget procedures, making sure that they are understood and adhered to according to each donor’s requirements, also keeping everyone updated on any changes to these. Assist in organizing inception meetings at different levels. To Participate in various coordination meeting as WASH & WASH sector meetings, CiC coordination meetings Organize various working relationship-building orientations, and training. Linkages with government officials, DPHE, CiCs, CMOs, UN agencies and NGOs Ensure the NOC after the selection of the scheme with relevant stakeholders. Communication and collaboration with SMSD, CMO, focal agencies Coordination & networking with key stakeholders. Participate in various personal development training, orientation, and workshops. Project reporting and Documentation - 15% Writing weekly reports to the line manager and verbal reports whenever necessary. Draft the filed visit, PDM and training reports in quality and submit to the deputy team lead. Preparation of session plans and training reports for all sorts of training. Provide monthly activity reports to SMSD, CMO, sector and other agencies. Maintaining all the hard records of hygiene promotion activities at office level and ensuring soft data is maintained for all hygiene promotion activities. Ensure time sheets/field reports of all hygiene teams submitted well on time Collect completion reports according to requirements. Provide the necessary documents to WASH focal points, agencies, etc. Prepare and submit a plan of the weekly activities to the line manager: Report back any problems and constraints encountered during the course of the activities and suggest operational solutions. In collaboration with the WASH Project Manager, ensure budget planning and logistic arrangements for day-to-day hygiene promotion activities: Making and following up on internal purchase requests, quality control of material delivered by suppliers, and planning team movements with logistics. Others - 5% Participate in sessional programs like winterization, Ramadhan, Qurbani etc. According to the proposal, propose some methodology and provide it with the experience and lessons learnt from the other organizations. Support the community mobilization team. Perform any other duties assigned by the Supervisor Ensure visibility of the project. Ensure the complaint response and feedback mechanism at the field level. Ensure the safety of team members from any harm, abuse, neglect, harassment and exploitation to achieve the programmer’s goals of safeguarding implementation. Act as a key source of support, guidance, and expertise on safeguarding and establishing a safe working environment. Practice, promote and endorse the issues of safeguarding policy among team members and ensure the implementation of safeguarding standards in every course of action. Follow the safeguarding reporting procedure in case any reportable incident takes place, and encourage others to do so.",1541936,Full Time,Assistant Technical Officer-Hygiene - Humanitarian Crisis Response,Work at office,"Cox`s Bazar (Ukhia), Noakhali (Hatiya)",True,,"Oct 6, 2026",97745,75189,Tk. 75189 (Monthly),"behavioral change,Capacity Building,Community Awareness,Humanitarian Response,Hygine Promotion,Planning and monitoring,Wash Project",2
"Age At least 30 years   7-8 years relevant sales/business development experience in Consumer Products Testing & Inspection (TIC sector), Garments Accessories, or related garment/textile service industries. Proven track record of direct sales generation and key account management. Required Skills & Competencies Strong business orientation, customer-centric approach, and proven buyer-handling capability. Self-motivated, proactive hunter mindset with a strong ability to close new business opportunities. Excellent written and spoken communication skills in English. Strong interpersonal skills to interact with senior client management, factory management, and internal teams.",At least 30 years,,,"Minimum 7-8 years of direct, proven sales experience in the TIC Industry (Testing Inspection & Certification), Garments Accessories, or related garment/textile service industries is mandatory.",,"Plot # 17, Road 113/A, Alauddin Tower (5-8th floor), Gulshan-2, Dhaka-1212, Bangladesh
",,TUV Rheinland Bangladesh Pvt. Ltd.,,"Oct 17, 2026","Master Degree in Marketing, Business Administration, Management or MBA major in any discipline. Or candidates having Bachelor Degree in Textile Engineering/Technology along with MBA major in Marketing will also be considered for this position.",,"M,F,O","TÜV Rheinland  stands for safety and quality in virtually all areas of business and life. Founded more than 150 years ago, the company is one of the world’s leading testing service providers with more than 28,000 employees and annual revenues of 2 billion euros. TÜV Rheinland’s highly qualified experts test technical systems and products around the world, support innovations in technology and business, train people in numerous professions, and certify management systems according to international standards. In Bangladesh, we have been operating since 2011 as a trusted third-party organization supporting the industry with Garments & Textile Testing (Physical, Chemical/Analytical, Wastewater testing), Inspection services, and CSR Audits. For more information, please visit our website:  https://www.tuv.com/bangladesh/en/ Job Context Requires extensive local travel within key industrial hubs: Dhaka, Savar, Narayanganj, Gazipur, and other manufacturing zones across Bangladesh. Major Responsibilities: Maintain regular client visits to existing and potential customers to achieve individual and company sales targets for Consumer Products Testing & Inspection. Identify and qualify new prospects across brands, retailers, buying houses, sourcing offices, traders, and garment/accessories manufacturers. Lead discovery meetings, capability presentations, site visits, and solution discussions tailored to client needs. Promote TÜV Rheinland`s brand and service portfolio across industrial territories (Savar, Gazipur, Narayanganj, etc.). Handle customer queries, generate price quotations, coordinate proposals/tenders, and negotiate commercial terms to deal closure. Collaborate with internal operations and technical teams to develop compliant and profitable proposals. Execute sales campaigns and cross-selling initiatives to expand service coverage with existing clients. Coordinate customer onboarding, credit setup, and operational handover to ensure seamless service execution upon deal conversion. Monitor initial client transactions to ensure complete revenue realization and customer satisfaction before long-term account handover. Monitor market trends, TIC (Testing, Inspection, Certification) industry dynamics, competitor activity, and client requirements. Maintain up-to-date entries in CRM/Sales tracking software for leads, customer visits, opportunities, pipeline forecasts, and win/loss analysis. Organize workshops, seminars, webinars, and client training sessions on key compliance and testing solutions. Assist in brand promotion efforts, including local industry publications and newsletters.",1542023,Full Time,"Assistant Manager, Sales (Consumer Products Testing & Inspection)",Work at office,Anywhere in Bangladesh,True,,"Oct 6, 2026",0,0,--,,--
"Age At least 18 years   The incumbent selected for Bhashanchar will be required to stay at Bhashanchar.  Person Specification: Essential: Experience Minimum 2 years of working experience in Humanitarian Response, WASH, Hygiene Promotion, Community Mobilization, Behavioral Changing Activity. Core Competencies Strong competencies in Social/Community Mobilization Skill & Facilitation Skills Coordination/Networking/Communication Skill, Activity Management skills. Strong commitment to the organization’s vision & mission Strong commitment to IR’s core values: Sincerity, Excellence, Social Justice, Custodianship, and Compassion. High level of integrity, professionalism, accountability. Commitment to self-development, continuous learning, and continuous quality improvement, with a high level of self-confidence and motivation. Positive attitude and ability to work effectively and collaboratively in diverse team environments. Strong teamwork, collaboration, and Interpersonal/Behavioral skills. Strong problem-solving, Conflict Resolution and decision-making abilities. Excellent interpersonal, communication, and relationship-building skills. Good knowledge of personal health, safety, and security practices. Willingness to uphold and adapt to IR’s organizational policies, norms, and values. Willingness to travel and work in Bangladesh’s most remote areas in emergency situations. IT Skills Proficiency in Microsoft Word/Excel /PowerPoint & Basic Internet using, Database Management, Kobo toolbox, Basic Hardware & Software Installation/Troubleshooting etc. Language Requirements Strong proficiency in reading, writing, speaking, and listening in both English, Bengali and Chittagong Dialect. Desirable Knowledge and practical understanding of Project Implementation Skill, Project management and Reporting & Documentation Skill, Monitoring & Evaluation Skills. Ability to understand Financial Management & Communication & Networking. Strong leadership ability. Excellent planning, analytical, and strategic management, conflict-resolution skills.",At least 18 years,,,"Female Candidates are highly encouraged to apply. However, Islamic Relief Bangladesh considers diversity in the workplace and is a committed equal- opportunity employer. We encourage applications from all suitable candidates regardless of gender, race, family or marital status, ethnicity, disability, class, caste, or religion. Interviews are expected to take place on an ongoing basis, and the vacancy may close earlier than the above closing date. Only shortlisted candidates will be contacted for the further selection process.",,"Bangladesh Country Office: House # 10, Road # 10, Block-K, Baridhara, Dhaka-1212","Islamic Relief Worldwide (IRW) - founded in 1984 and based in Birmingham, UK - is an independent humanitarian and development organization. It supports the world’s most vulnerable people in their fight against poverty & sufferings regardless of race, political affiliation, gender, or belief, and without expecting anything in return. It is a signatory to the Code of Conduct for the International Red Cross and Red Crescent Movement. 
IRW has a presence in 45 countries across the globe. Some funds of the organization come from individual donations and others from institutional donors such as the DFID, EU, SIDA, CIDA/IDRF, Forum Syd, WFP, UNDP, and ECHO.
Islamic Relief(IR) started working in Bangladesh in 1991 in order to help the distressed survivors of the devastating cyclone by providing emergency relief and supporting communities to rebuild in the wake of that cyclone. Initially, it focused on emergency relief & disaster preparedness activities. Later on, it expanded its programs on both humanitarian and development challenges. Now it works in an integrated manner combining emergency humanitarian assistance, short-term work opportunity, shelter support, awareness & training on different DRR, climate change, development, health & hygiene and social issues, cash grant, IGA means, health & nutrition, safe water & sanitation, education, advocacy and linkage with different service providers. As a registered charity, IR is open and transparent; it continually assesses its work and operational methods to improve impact and effectiveness. 
Islamic Relief values and commitment to safeguarding: IRB is committed to preventing any type of unwanted behavior at work including sexual harassment, exploitation and abuse, lack of integrity, and financial misconduct; and committed to promoting the welfare of children, young people, adults, and beneficiaries with whom IRB engages. IRB expects all staff and volunteers to share this commitment through our code of conduct. We place a high priority on ensuring that only those who share and demonstrate our values are recruited to work for us. All offers of employment will be subject to satisfactory references and appropriate screening checks, which can include criminal records checks. IRW also participates in the Inter-Agency Misconduct Disclosure Scheme.
In line with this Scheme, we will request information from job applicants’ previous employers about any findings of sexual exploitation, sexual abuse, and/or sexual harassment during employment, or incidents under investigation when the applicant left employment.

",Islamic Relief Bangladesh,,"Oct 10, 2026","Bachelors Degree (3 years) in Social Sciences, preferable in Social Work or Social Welfare or Sociology or Development Studies or a related discipline.",,"M,F,O","Implementation & Management of Field Level Activities - 35% Conduct door-to-door household survey to identify the most vulnerable beneficiaries at Ukhiya camps. Conduct FGD with different stockholders and communities. Organized various assessments like PDM, KAP survey, and KII as per project need. Identifying suitable sites for WASH and NFI activity implementation at Ukhiya camps. Ensure token distribution for WASH/WaSH kits distribution accordingly. Ensure daily attendance for casual labour & approved volunteer in WASH & WASH activities. Prepare a beneficiary list, Muster roll and distribution/hand over copy etc. Close communication with Majhi, community leader, SMS, protection, & other stakeholders. Casual labour management for construction work. To collect various eligible lists for distributing WASH Kits, NFI & Hygiene kits. Form community lead volunteer group, HP group and Waste management committee. Supervise the beneficiary’s identification as per fixed selection criteria and by the methodology fixed by IR. Select the most appropriate site for construction of WASH infrastructure at the Ukhiya camp and host community Finalize the beneficiary by ensuring endorsement and validation from relevant authorities. Project intervention tracking - 35% To monitor hardware activities according to the monitoring checklist. Ensure inclusive assistance of WASH & NFI support, market access. Prepare individual work plans according to project activity. Ensure safe disposal of faecal sludges and solid waste management at Camps Supervise construction activities at the beneficiary level. Ensure PSEA, safeguarding, and CFRM in project activity implementation. Prepare a business plan at the community level and execute it. Follow the individual work plan for quality control of project activities. Reading proposals and organizational guidelines and act accordingly. Ensure that standards and instructions are given by the line manager and Islamic Relief Bangladesh procedures. Supervise and monitor each stage of the activities. Mobilize the FDMN community - 20% Conduct awareness sessions in connection with project objectives and goals. Awareness raising for the HHs and community. Prepare different IEC materials related to WASH. Formation & Functional of different user groups. Others - 10% Participate & involve with seasonal programs (Ramadan, Qurbani, Winterization, etc.) activities. Assist to take initiatives to ensure the security of project staff, volunteers and participants during the intervention. Willing and able to travel frequently for extended periods and to remote areas of the projects. Ensure the safety of team members from any harm, abuse, neglect, harassment, and exploitation to achieve the program’s goals on safeguarding implementation and as well as Act as a key source of support, guidance, and expertise on safeguarding for establishing a safe working environment. Being a member of Islamic Relief as a child-friendly organization, it is the core responsibility and obligation of each staff member to understand and obey the IR Child Protection & PSEA Policy and respond accordingly as and when required. Perform any other duties assigned by the Supervisor.",1542012,Full Time,Community Mobilizer - Humanitarian Crisis Response,Work at office,"Cox`s Bazar (Ukhia), Noakhali (Hatiya)",True,,"Oct 6, 2026",50378,38753,Tk. 38753 (Monthly),"behavioral change,Community Mobilization ,Humanitarian Response,Hygine Promotion,WASH program",3
"Age At least 18 years   Person Specification: Essential: Experience Minimum 2 years of working experience in Emergency response (Distribution), Shelter, Community Mobilization, Behavioral Changing Activity. FDMN context is highly preferred. Core Competencies Strong competency in Project Implementation, Facilitation, and Social/Community Mobilization. Excellent skills in Coordination, Networking, and Communication. Good competency in Reporting & Documentation. Good competency in Financial Management, Decision-Making, Conflict Resolution, Leadership, and Problem-Solving. Strong commitment to IR’s Vision and Mission and its core values of Sincerity, Excellence, Social Justice, Custodianship, and Compassion. Strong commitment to Self-Development Good organizational and teamwork skills, with the ability to work effectively under pressure and manage workload. Willingness and ability to adapt to IR’s norms, values. Good knowledge and awareness of personal Health, Safety and Security. Proficient with Kobo toolbox. Willingness to travel and work in Bangladesh’s most remote areas. IT Skills Proficiency in Microsoft Word/Excel /PowerPoint & Basic Internet using, Database Management, Basic Hardware & Software Installation/Troubleshooting etc. Language Requirements Strong proficiency in reading, writing, speaking, and listening in both English, Bengali and Chittagong Dialect. Desirable Familiarity with Project Management. Practical exposure to Monitoring and Evaluation processes. Competence in Basic Photography techniques. Understanding of Planning and Organizational Skills. Basic knowledge and understanding of Staff Management.",At least 18 years,,,"Female Candidates are highly encouraged to apply. However, Islamic Relief Bangladesh considers diversity in the workplace and is a committed equal- opportunity employer. We encourage applications from all suitable candidates regardless of gender, race, family or marital status, ethnicity, disability, class, caste, or religion. Interviews are expected to take place on an ongoing basis, and the vacancy may close earlier than the above closing date. Only shortlisted candidates will be contacted for the further selection process.",,"Bangladesh Country Office: House # 10, Road # 10, Block-K, Baridhara, Dhaka-1212","Islamic Relief Worldwide (IRW) - founded in 1984 and based in Birmingham, UK - is an independent humanitarian and development organization. It supports the world’s most vulnerable people in their fight against poverty & sufferings regardless of race, political affiliation, gender, or belief, and without expecting anything in return. It is a signatory to the Code of Conduct for the International Red Cross and Red Crescent Movement. 
IRW has a presence in 45 countries across the globe. Some funds of the organization come from individual donations and others from institutional donors such as the DFID, EU, SIDA, CIDA/IDRF, Forum Syd, WFP, UNDP, and ECHO.
Islamic Relief(IR) started working in Bangladesh in 1991 in order to help the distressed survivors of the devastating cyclone by providing emergency relief and supporting communities to rebuild in the wake of that cyclone. Initially, it focused on emergency relief & disaster preparedness activities. Later on, it expanded its programs on both humanitarian and development challenges. Now it works in an integrated manner combining emergency humanitarian assistance, short-term work opportunity, shelter support, awareness & training on different DRR, climate change, development, health & hygiene and social issues, cash grant, IGA means, health & nutrition, safe water & sanitation, education, advocacy and linkage with different service providers. As a registered charity, IR is open and transparent; it continually assesses its work and operational methods to improve impact and effectiveness. 
Islamic Relief values and commitment to safeguarding: IRB is committed to preventing any type of unwanted behavior at work including sexual harassment, exploitation and abuse, lack of integrity, and financial misconduct; and committed to promoting the welfare of children, young people, adults, and beneficiaries with whom IRB engages. IRB expects all staff and volunteers to share this commitment through our code of conduct. We place a high priority on ensuring that only those who share and demonstrate our values are recruited to work for us. All offers of employment will be subject to satisfactory references and appropriate screening checks, which can include criminal records checks. IRW also participates in the Inter-Agency Misconduct Disclosure Scheme.
In line with this Scheme, we will request information from job applicants’ previous employers about any findings of sexual exploitation, sexual abuse, and/or sexual harassment during employment, or incidents under investigation when the applicant left employment.

",Islamic Relief Bangladesh,,"Oct 10, 2026","Bachelor Degree (3 Years) in Social Science, preferably in Social Work or Social Welfare or Sociology or Development Studies or any other relevant discipline.",,"M,F,O","Implementation & Management of Field Level Activities - 35% Conduct door-to-door household surveys/assessment, FGDs, KIIs, PDM, and KAP surveys to identify vulnerable households and assess shelter and NFI as per project needs. Identify suitable sites/HH for shelter, NFI assistance in Ukhiya Camps. Facilitate beneficiary identification, verification, and finalization in accordance with IRB selection criteria and established assessment methodologies. Coordination with Majhis, community leaders, SMS, Protection teams, CiC offices, and other relevant stakeholders to ensure effective community engagement. Facilitate community-based volunteer groups, SSL groups, and SD committees. Support shelter kit, NFI, and SSL kit distributions, including token distribution, beneficiary verification, and distribution documentation. Maintain beneficiary lists, Volunteers/Casual labor attendance records, muster rolls, distribution sheets, handover documents, and other project records. Manage and monitor volunteers and casual labourers engaged in shelter construction, repair, and site development activities. Monitor shelter material stock management, maintain proper documentation, and follow up on the appropriate utilization of distributed materials at the household and site levels. Prepare and maintain assessment reports and beneficiary documentation for review, endorsement, and validation by relevant authorities. Project intervention tracking - 35% Monitor shelter hardware activities using established monitoring checklists and project quality standards. Supervise shelter construction and repair activities at the beneficiary level to ensure quality, safety, and compliance with technical guidelines. Monitor all stages of project implementation in accordance with approved proposals, work plans, organizational guidelines, and IRB procedures. Ensure inclusive and equitable access to Shelter and NFI assistance, considering market accessibility, protection risks/lens, and the needs of vulnerable groups. Prepare and implement individual work plans aligned with project activities and timelines. Conduct regular field monitoring and follow up on corrective actions to ensure quality implementation and compliance with instructions from the line manager. Promote the safe collection, handling, and disposal of shelter waste in camps in accordance with established environmental and safety standards. Develop and implement community-based action or business plans, as required by the project. Ensure compliance with PSEA, Safeguarding, and other relevant organizational policies throughout project implementation. Facilitate Community Feedback, Response and Mechanism (CFRM) processes by documenting complaints, referring cases to the appropriate personnel, and following up in accordance with established procedures. Mobilize the FDMN Community - 20% Conduct community awareness sessions on project objectives, activities, and expected outcomes related to Shelter, NFI, and SD. Raise beneficiary awareness on the appropriate use and maintenance of shelter assistance and SD infrastructure at household and community levels. Disseminate IEC materials on shelter technical guidelines, safe construction practices, and maintenance. Facilitate the formation, capacity building, and effective functioning of EPR groups, community-led volunteer groups, SSL groups, and SD user committees within FDMN communities. Strengthening communication and coordination between FDMN communities and IRB by exploring project activities, implementation procedures, beneficiary selection criteria, and community participation mechanisms. Others - 10% Support the implementation of seasonal and emergency response activities, including Ramadan, Qurbani, winterization, and other humanitarian interventions, as required. Contribute to security and risk mitigation measures to ensure the safety and security of project staff, volunteers, and beneficiaries during field activities. Willing and able to travel frequently, including extended stays in remote project locations, as required. Promote a safe and respectful working environment by preventing and reporting harm, abuse, neglect, harassment, exploitation, and other safeguarding concerns in accordance with organizational policies. Being a member of Islamic Relief as a child-friendly organization, it is the core responsibility and obligation of each staff member to understand and obey the IR Child Protection & PSEA Policy and respond accordingly as and when required. Perform any other duties assigned by the Supervisor.",1541992,Full Time,Community Mobilizer - Humanitarian Crisis Response,Work at office,Cox`s Bazar (Ukhia),True,,"Oct 6, 2026",50378,38753,Tk. 38753 (Monthly),"behavioral change,Community Mobilization ,Distribution,Emergency response,Shelter and Site Development",2
"Age At least 18 years   Person Specification: Essential: Experience Minimum 3 years of working experience in WASH projects (FDMN context) with expertise in water, solid waste and fecal sludge management, rainwater harvesting, staff supervision, distribution events, Vendor management, budget tracking, and AutoCAD. Core Competencies Strong competency in Project Implementation, Social/Community Mobilization, and Facilitation. Excellent skills in Coordination, Networking and Communication Strong competency in Reporting & Documentation, Monitoring & Evaluation, and Activity Management. Strong Planning, Analytical, and Strategic Management skills. Strong Leadership, Teamwork, Interpersonal and Behavioral Skills, with a positive attitude. Excellent Problem-Solving, Conflict Resolution, and Decision-Making skills. Strong commitment to IR’s Vision and Mission and its core values of Sincerity, Excellence, Social Justice, Custodianship, and Compassion. High level of Integrity and Professionalism. Commitment to Self-Development, Continuous Learning, and Quality Improvement. Good knowledge of Health, Safety, and Security. Strong Self-Confidence and Self-Motivation. Willingness to adapt to IR’s norms and values. Willingness to travel and work in Bangladesh’s most remote areas. Technical & IT Skills Proven expertise in AutoCAD and construction design software. Working knowledge of Microsoft Word, Excel, PowerPoint, Basic Internet, Database Management, Kobo Toolbox, and basic hardware/software installation and troubleshooting. Language Requirements Strong proficiency in reading, writing, speaking, and listening in both English, Bengali and Chittagong Dialect. Desirable Basic knowledge of Project Management.",At least 18 years,,,"Female Candidates are highly encouraged to apply. However, Islamic Relief Bangladesh considers diversity in the workplace and is a committed equal- opportunity employer. We encourage applications from all suitable candidates regardless of gender, race, family or marital status, ethnicity, disability, class, caste, or religion. Interviews are expected to take place on an ongoing basis, and the vacancy may close earlier than the above closing date. Only shortlisted candidates will be contacted for the further selection process.",,"Bangladesh Country Office: House # 10, Road # 10, Block-K, Baridhara, Dhaka-1212","Islamic Relief Worldwide (IRW) - founded in 1984 and based in Birmingham, UK - is an independent humanitarian and development organization. It supports the world’s most vulnerable people in their fight against poverty & sufferings regardless of race, political affiliation, gender, or belief, and without expecting anything in return. It is a signatory to the Code of Conduct for the International Red Cross and Red Crescent Movement. 
IRW has a presence in 45 countries across the globe. Some funds of the organization come from individual donations and others from institutional donors such as the DFID, EU, SIDA, CIDA/IDRF, Forum Syd, WFP, UNDP, and ECHO.
Islamic Relief(IR) started working in Bangladesh in 1991 in order to help the distressed survivors of the devastating cyclone by providing emergency relief and supporting communities to rebuild in the wake of that cyclone. Initially, it focused on emergency relief & disaster preparedness activities. Later on, it expanded its programs on both humanitarian and development challenges. Now it works in an integrated manner combining emergency humanitarian assistance, short-term work opportunity, shelter support, awareness & training on different DRR, climate change, development, health & hygiene and social issues, cash grant, IGA means, health & nutrition, safe water & sanitation, education, advocacy and linkage with different service providers. As a registered charity, IR is open and transparent; it continually assesses its work and operational methods to improve impact and effectiveness. 
Islamic Relief values and commitment to safeguarding: IRB is committed to preventing any type of unwanted behavior at work including sexual harassment, exploitation and abuse, lack of integrity, and financial misconduct; and committed to promoting the welfare of children, young people, adults, and beneficiaries with whom IRB engages. IRB expects all staff and volunteers to share this commitment through our code of conduct. We place a high priority on ensuring that only those who share and demonstrate our values are recruited to work for us. All offers of employment will be subject to satisfactory references and appropriate screening checks, which can include criminal records checks. IRW also participates in the Inter-Agency Misconduct Disclosure Scheme.
In line with this Scheme, we will request information from job applicants’ previous employers about any findings of sexual exploitation, sexual abuse, and/or sexual harassment during employment, or incidents under investigation when the applicant left employment.

",Islamic Relief Bangladesh,,"Oct 10, 2026",B.Sc. in Civil Engineering or Civil and Environmental Engineering.,,"M,F,O","Ensure quality construction and installation of WASH facilities through effective planning, technical design, and supervision - 30% Develop work plans, hardware monitoring checklists, and supervision schedules for WASH construction/installation works. Prepare technical drawings, BoQs, cost estimates, and specifications for tube wells, water networks, latrines, bathing spaces, handwashing stations, rainwater harvesting systems, and drainage facilities. Use AutoCAD and other software tools to produce accurate design layouts and technical documents. Supervise construction and installation works at the field level, ensuring compliance with approved designs, sector standards, and safety protocols. Conduct regular monitoring and quality control of construction progress, providing technical guidance to field teams. Perform periodic water quality testing and ensure the provision of safe drinking water. Review designs and practices in faecal sludge management (FSM) and solid waste management to ensure alignment with sector standards. Document construction progress and challenges and submit timely reports to the Project Coordinator. Ensure quality and accountable WASH services through effective monitoring and compliance with standards - 20% Monitor all stages of construction, installation, and operational WASH activities. Verify adherence to approved BOQs, designs, and technical specifications during implementation. Ensure compliance with WASH Sector guidelines, Sphere Standards, and WHO standards. Identify gaps or risks in design/implementation and recommend corrective actions. Monitor the overall WASH services quality in camps, including solid waste management and fecal sludge management. Ensure appropriate beneficiary and site selection for WASH interventions in line with IR principles and guidelines - 20% Assist in conducting FGDs with stakeholders and community members in Ukhiya Camp. Participate in demographic and WASH assessments, including facilities, households, and surveys. Organize community meetings to identify sustainable, durable, and locally acceptable WASH infrastructure. Support site selection for WASH activity implementation. Track and ensure daily attendance of casual laborers and volunteers engaged in WASH activities. Manage volunteers efficiently, ensuring fair workload distribution. Identify and prioritize the most affected and vulnerable rightsholders. Prepare environmental and social screening checklists for hardware installation. Develop effective work plans for volunteers and beneficiaries to manage construction activities. Assist in collecting eligible lists for hygiene kit distribution. Support meetings with CBCs, Majhi, caretakers, and user groups. Facilitate formation of community-led volunteer groups, hygiene promotion groups, and Community Development Groups (CDGs). Conduct cross-check visits for door-to-door surveys to finalize beneficiaries. Supervise beneficiary identification according to IR methodology and selection criteria. Assist in finalizing beneficiaries with endorsement and validation from relevant authorities. Prepare and maintain beneficiary lists, muster rolls, and distribution/hand-over documentation. Ensure effective stakeholder coordination to support timely and collaborative WASH project implementation - 15% Assist in organizing inception meetings at different levels. To Participate in various coordination meeting as WASH & WASH sector meetings, CiC coordination meetings Organize various working relationship-building orientations, and training. Linkages with government officials, DPHE, CiCs, CMOs, UN agencies and NGOs. Formulation of the project implementation committee. Ensure the NOC after the selection of the scheme with relevant stakeholders. Involve project implementation teams in the implementation of the project Communication and collaboration with SMSD, CMO, focal agencies Coordination & networking with key stakeholders. Participate in various personal development training, orientation, and workshop. Ensure transparent and accountable WASH project implementation through timely reporting and documentation - 10% Provide monthly activity reports to SMSD, CMO, sector and other agencies. Collect completion reports according to requirements. Provide the necessary document to WASH focal points, agencies etc. Prepare and submit a plan of the weekly activities to the line manager: Report back any problems and constraints encountered during the course of the activities and suggest operational solutions. Support for the Procurement of materials like requisition, quotation collection etc. Others - 5% Participate in sessional programs like winterization, Ramadhan, Qurbani etc. According to the proposal, propose some methodology and provide it with the experience and lessons learnt from the other organizations. Support the community mobilization team. Ensure visibility of the project. Ensure the complaint response and feedback mechanism in field level. Perform any other duties assigned by Supervisor.",1541968,Full Time,Assistant Technical Officer-WASH - Humanitarian Crisis Response,Work at office,Cox`s Bazar (Ukhia),True,,"Oct 6, 2026",97745,75189,Tk. 75189 (Monthly),"AutoCAD,Distribution Mangaement,Fecal Sludge Management,Humanitarian Response,Rain water harvesting,Solid Waste Management,Staff Supervision,Vendor Management,Wash Project,Water Management",1
Age At least 22 years,At least 22 years,,,,,"12/1 Ring Road, Shyamoli, Dhaka.","Dhaka Pain Physiotherapy Rehabilitation Center (DPRC) is a leading healthcare provider in Bangladesh, renowned for its comprehensive and affordable treatment options. We offer both outdoor and indoor services with a focus on pain management, paralysis treatment, and advanced physiotherapy rehabilitation. Our modern therapy treatments are available at accessible prices, ensuring quality care for all patients.

Founded in 2005 by the visionary Dr. Md. Shafiullah Prodhan, DPRC has been dedicated to creating a world-class integrated healthcare system. We take pride in our state-of-the-art diagnostic lab, specialized Pain & Paralysis Center, and advanced Rehabilitation & Physiotherapy Center. Our mission is to continuously research and implement the latest modern technologies to provide exceptional rehabilitation and pain management services, helping patients return to their vibrant lives.",DPRC,,"Nov 5, 2026",Bachelor of Physiotherapy (BPT),,"M,F,O","থেরাপি সেশনের আগে রোগীদের সুন্দরভাবে প্রস্তুত করা, সহজভাবে সব কিছু বুঝিয়ে বলা এবং তাদের স্বাচ্ছন্দ্য ও নিরাপত্তা নিশ্চিত করা আল্ট্রাসাউন্ড, TENS, ট্র্যাকশন ও ইলেক্ট্রোথেরাপি মেশিনসহ বিভিন্ন ফিজিওথেরাপি যন্ত্রপাতি দক্ষতার সাথে ব্যবহার ও যত্ন নেওয়া চিকিৎসার সময় রোগীদের অবস্থার দিকে খেয়াল রাখা এবং কোনো সমস্যা বা উন্নতি হলে তা দায়িত্বপ্রাপ্ত ফিজিওথেরাপিস্টকে জানানো রোগীর চিকিৎসা সংক্রান্ত তথ্য, রেকর্ড এবং যন্ত্রপাতি ব্যবহারের তথ্য সঠিকভাবে সংরক্ষণ করা যন্ত্রপাতি সবসময় পরিষ্কার রাখা, ঠিকভাবে কাজ করছে কিনা তা দেখা এবং নিয়মিত রক্ষণাবেক্ষণ করা সংক্রমণ প্রতিরোধ, নিরাপত্তা এবং মান বজায় রাখার নিয়মগুলো মেনে চলা রোগীদের চলাফেরা, সঠিকভাবে বসা-শোয়া এবং ব্যায়াম করতে সহায়তা করা প্রয়োজনে সময়সূচি ঠিক করা, ওষুধ/সরঞ্জামের হিসাব রাখা এবং অন্যান্য প্রশাসনিক কাজে সহযোগিতা করা",1542024,Full Time,ফিজিওথেরাপিস্ট (Male & Female),Work at office,Dhaka (Shyamoli),True,,"Oct 6, 2026",0,0,Negotiable,"Anatomy and Physiology,Physiotherapist",15
Age 20 to 30 years,20 to 30 years,,,,,"20/4, Pallabi, Mirpur
Dhaka 1216","100% Export Oriented Jute Carpet, Jute Placemat, Handi Crafts Manufacturer. We export our finished goods in USA, Canada, Australia and Different countries all over the world.",Eco Crave Ltd,www.ecocraveworld.com,"Oct 16, 2026",,,"M,F,O","What You Will Do       Edit 8-12 minute story videos from script, voiceover, and animated or AI-generated scenes Sync visuals to narration and nasheed audio, with clean pacing for young viewers Add captions, sound effects, background music, and simple motion graphics Cut 3-5 Shorts from each long video Design thumbnails, or brief the thumbnail designer Deliver each video within [48/72] hours of receiving assets, with up to 2 revision rounds What You Need 2+ years editing YouTube content, with a portfolio of published videos Strong skills in Premiere Pro, DaVinci Resolve, or CapCut Pro, plus After Effects basics Experience with kids or animated content, and a feel for retention editing (hooks, pattern breaks, no dead air) Respect for Islamic content guidelines: no music with instruments unless approved, modest visuals, no depiction of prophets Reliable internet and written English or Bangla Nice to Have Experience with AI video tools (Kling, Runway, Higgsfield, ElevenLabs) A channel you edited that passed 100K subscribers",1542026,Full Time,YouTube Video Editor (Kids Animation Channel),Work at office,Dhaka,True,,"Oct 6, 2026",60000,30000,Tk. 30000 - 60000 (Monthly),Video Editing,4
"Age At least 20 years Only Female   Female candidates আবেদন করতে পারবেন Smart, Presentable & Well-mannered ভালো Communication Skill থাকতে হবে Basic Computer & MS Office-এ দক্ষতা থাকতে হবে Reception Management, Phone Call Handling, Visitor Handling এবং Basic Administrative কাজ করার সক্ষমতা থাকতে হবে Freshers are also encouraged to apply",At least 20 years,,,,,"Hi Khan Trade Centre, 7-23/24 (Lift-06), Block-D, Tajmahal Road, Mohammadpur, Dhaka",,OsesIT,https://osesit.com,"Nov 5, 2026",,,F,Joining: Immediate,1542008,Full Time,Front Desk Executive,Work at office,Dhaka (Mohammadpur),True,,"Oct 6, 2026",0,0,--,,--
"Age 25 to 35 years Only Male   Strong knowledge of fire prevention and workplace safety. Risk assessment and hazard identification. Emergency response and fire drill management. Incident investigation and reporting. Knowledge of fire-fighting equipment and systems. Training and presentation skills. Strong communication and leadership ability. MS Office/Excel and documentation skills. Ability to work under pressure and respond during emergencies. Strong discipline, alertness and safety mindset.",25 to 35 years,,,,,"Akij House, 198, Bir Uttam Mir Shawkat Sarak, (Gulshan Link Road), Tejgaon, Dhaka",,Akij Venture Ltd.,,"Oct 22, 2026","Bachelor’s degree in Fire Safety, Engineering, Occupational Health & Safety, Environmental Science, Disaster Management or relevant discipline. Relevant professional certification/training in Fire Safety such as NEBOSH /IOSH, OSHA, ISO 45001, ISO 14001, Occupational Safety, First Aid, Emergency Response, Risk Assessment or related areas will be preferred. Must have a six-month Fire Safety Manager Course from Bangladesh Fire Service and Civil Defence (BFSD)",,M,"Fire Safety Management:  Implement and monitor fire prevention and protection systems throughout the factory. Fire Equipment Inspection:  Regularly inspect fire extinguishers, hydrants, hose reels, fire pumps, alarms, detectors, emergency exits and other fire-fighting equipment. Emergency Preparedness:  Develop, implement and regularly review emergency response plans for fire, explosion, chemical leakage, natural disasters and other emergencies. Fire Drill & Training:  Organize regular fire drills, emergency evacuation drills, fire-fighting training and awareness sessions for employees and workers. Risk Assessment:  Conduct workplace fire and safety risk assessments, identify hazards and recommend appropriate preventive and corrective measures. Safety Inspection:  Conduct routine inspections of production, warehouse, utility, electrical, boiler, chemical storage, workshop and other high-risk areas. Permit-to-Work System:  Monitor and enforce applicable permit systems such as hot work, confined space, work at height, electrical work and other hazardous activities. PPE & Safety Compliance:  Ensure appropriate PPE availability and usage and monitor employee compliance with safety procedures. Incident Investigation:  Investigate fire, near-miss, injury and other safety incidents, identify root causes and recommend corrective/preventive actions. Emergency Response Team:  Develop and maintain trained Emergency Response/Fire Fighting Teams and ensure their readiness for emergency situations. Fire & Safety Documentation:  Maintain inspection checklists, fire equipment records, drill reports, training records, incident reports, risk assessments and other safety documentation. Legal & Regulatory Compliance:  Ensure compliance with applicable Bangladesh fire safety, occupational safety, environmental and factory-related requirements and support regulatory inspections. Contractor Safety:  Monitor safety compliance of contractors, visitors and third-party workers working inside the factory premises. Coordination with Departments:  Work closely with Production, Engineering, HR, Administration, Security, Warehouse and other departments to identify and control safety risks. Continuous Improvement:  Recommend and implement safety improvement initiatives to reduce fire hazards, workplace risks, accidents and unsafe practices.",1542018,Full Time,Sr. Executive/Executive- Fire & Safety,Work at office,Habiganj,True,,"Oct 6, 2026",0,0,Negotiable,"Disaster Management,Fire Evacuation Drill,Fire Protection and Detection System,Fire safety Management,Risk Assessment,Training & Development",--
Age At least 35 years,At least 35 years,,,,,"Jabbar Tower, 42 Gulshan South Avenue, Gulshan Circle -1, Dhaka-1212.",TM ASSETS LIMITED is a fast growing apartment based real estate Company in Bangladesh. Our aim is to create a centre of excellence by recruiting and facilitating the competent people available. In search of excellence we seek application from the right marketing people to be a part of TM family.,TM Assets Limited,,"Nov 5, 2026",Bachelor of Science (BSc) in Electrical & Electronic Engineering,,"M,F,O","Assistant Engineer (MEP) Assist in the planning, design, installation, testing, commissioning, and maintenance of MEP systems for residential, commercial, and mixed-use development projects. Coordinate Mechanical, Electrical, and Plumbing works with architectural, structural, civil, and other project disciplines. Review MEP drawings, layouts, specifications, BOQs, shop drawings, and technical documents to ensure accuracy and compliance. Monitor MEP installation works at project sites and ensure execution according to approved drawings, specifications, quality standards, and project schedules. Assist in supervising electrical systems including power distribution, lighting, earthing, generators, transformers, UPS, and related installations. Assist in supervising mechanical systems including HVAC, ventilation, pumps, equipment, and other building mechanical services. Monitor plumbing and sanitary installations, including water supply, drainage, sewerage, rainwater systems, and related works. Coordinate fire protection and fire-fighting system installations with relevant consultants and contractors. Conduct regular site inspections to identify technical issues, installation discrepancies, defects, and non-compliance. Review contractor and subcontractor work progress and ensure timely completion of assigned MEP activities. Check material specifications, samples, technical submittals, and equipment selections against approved project requirements. Assist in preparing and reviewing BOQs, material requisitions, quantity measurements, and cost estimates for MEP works. Coordinate with procurement teams to ensure timely availability of approved MEP materials and equipment. Assist in reviewing contractor bills, work measurements, variation claims, and related technical documentation. Participate in MEP coordination meetings and provide technical input for resolving site and design-related issues. Assist in testing and commissioning of MEP systems and ensure proper documentation of test results. Monitor system performance and assist in troubleshooting operational and technical problems. Ensure MEP installations comply with applicable building codes, safety regulations, project specifications, and relevant standards. Coordinate with consultants, contractors, suppliers, project managers, and site teams to resolve technical issues efficiently. Maintain proper records of drawings, inspection reports, material approvals, testing reports, progress updates, and other MEP documentation. Assist in preparing daily, weekly, and monthly MEP progress reports for management and project teams. Monitor project progress against approved schedules and promptly report delays, technical risks, and critical issues. Support implementation of energy-efficient and sustainable MEP solutions where applicable. Ensure proper health, safety, and environmental practices are maintained during MEP installation and construction activities. Assist in snagging, defect identification, rectification, and final inspection prior to project handover. Review as-built drawings and ensure that completed MEP works are properly documented. Support project handover by compiling testing, commissioning, operation, maintenance, and other required technical documents. Perform any other MEP-related duties and responsibilities assigned by the Project Manager, Chief Engineer, Head of Engineering, or Management.",1542020,Full Time,Assistant Engineer (MEP),,Dhaka (GULSHAN 1),True,,"Oct 6, 2026",0,0,Negotiable,,--
"Age 23 to 40 years   Candidates with experience in the following business areas are encouraged to apply: Travel Agency Tour Operator Immigration & Visa Processing Immigration and Education Consultancy Services Required Skills & Expertise Air Ticketing & Reservation Visa Processing B2B & B2C Sales Client Relationship Management Education & Student Counseling Immigration Consultancy Office Administration Excellent English communication and documentation skills Ability to verify visa requirements through official embassy, immigration, airline, and visa-center sources",23 to 40 years,Send your CV to the given email safabarakahtravel@gmail.com,,,,"Road-2, Section-06, Mirpur, Dhaka 1216",,Safa Barakah Travels,https://safabarakahtravel.com,"Nov 5, 2026",Bachelor/Honors,,"M,F,O","Air Ticketing & Reservation Book, reissue, and cancel domestic and international air tickets using GDS platforms such as Amadeus, Galileo, Sabre, or similar systems. Handle ticket reservations, fare quotations, changes, cancellations, and reissuance accurately. Coordinate with airlines and relevant authorities when required. Stay updated on airline policies, routes, schedules, and travel-related offers. Handle rejected, delayed, or additional-document cases professionally and advise clients according to applicable rules. Maintain confidential client and passport information securely. Ensure that no false, misleading, or fabricated documents or information are submitted. Prepare daily and monthly visa processing reports. Digital Marketing & Graphic Design Expert. Visa Categories Practical experience with multiple visa categories will be preferred, including: Tourist/Visitor Visa Business Visa Family/Visit Visa Transit Visa Student Visa, where applicable Other relevant temporary-entry visa categories Sales & Client Service Handle B2B and B2C client inquiries and develop professional relationships with customers and business partners. Counsel clients regarding suitable visa and travel options based on their requirements. Respond promptly to customer inquiries and maintain a high standard of customer service. Coordinate with the ticketing team regarding confirmed travel arrangements when required. Maintain accurate records of bookings, payments, client information, and applications. Work effectively under pressure and maintain attention to detail. Relevant professional training in Travel & Tourism, Visa Processing, Immigration Services, or related fields will be an advantage.",1541454,Full Time,"Senior Executive (Air Ticketing, Visa Processing, B2B & B2C Sales)",Work at office,Dhaka (Mirpur 2),True,,"Oct 6, 2026",0,0,Negotiable,"Accounts and Finance,Air Ticketing and Visa processing.,Client Relationship,Competent in office administration skills,Immigration Consultancy,Office Administration,Visa Processing",5
Age 20 to 40 years Only Male,20 to 40 years,,,,,"BTA Tower
Houe: 29 Road: 17 Level: 6 (South Side)
Banani C/A",,VIsa Expert Consultancy Limited,www.visaexpert.education,"Oct 27, 2026",Higher Secondary,,M,"Responsibilities and Context   Video Production & Editing:- Plan, shoot, edit, and produce engaging videos for social media, YouTube, advertisements, and promotional campaigns. Edit video footage, add graphics, text, transitions, effects, music, sound effects, and voiceovers. Perform audio synchronization, color correction, and basic color grading. Create engaging reels, promotional videos, student testimonials, and informational content. Optimize video content for different social media platforms and devices. Digital Marketing & Campaign Management:- Plan, execute, and manage digital marketing campaigns across Facebook, Instagram, LinkedIn, and YouTube. Develop creative content and campaigns to generate and nurture qualified leads for student admissions and visa services. Monitor campaign performance, analyze results, and suggest improvements to increase reach, engagement, and conversions. Stay updated with digital marketing trends, social media algorithms, content strategies, and advertising best practices. Collaborate with the marketing team to align content with campaign objectives and business goals. Creative Content & Design:- Create visually appealing social media posts, banners, promotional graphics, digital flyers, and advertisements. Use tools such as Adobe Premiere Pro, After Effects, Photoshop, Illustrator, Canva, or equivalent software. Develop fresh and creative ideas to strengthen the company’s online presence and brand identity. Digital Operations & Documentation:- Maintain and organize digital content, media files, campaign assets, and official documents. Assist in maintaining digital communication records, CRM/office databases, and marketing-related documentation. Ensure all digital content and campaign materials are properly organized and delivered within deadlines.",1542014,Full Time,Video Editor plus Digital Marketer,Work at office,Dhaka (Banani),True,,"Oct 6, 2026",45000,30000,Tk. 30000 - 45000 (Monthly),"Adobe After Effects,Adobe Photoshop,Artificial intelligence (AI),Capcut,Digital Marketing (Social Media Marketing),Documentation,Graphic Design,page modaretor,Video Editing",--
"Age At least 26 years Only Male   Minimum 1 year of relevant experience as a Personal Secretary, Executive Secretary, Executive Assistant, or similar position. Excellent communication and interpersonal skills in both English and Bangla. Strong proficiency in using AI tools, Modern digital applications, MS Office (Word, Excel, PowerPoint, Outlook), and email communication. Excellent organizational, time-management, and multitasking abilities. Smart, presentable, well-mannered, and professionally confident. Ability to maintain confidentiality and handle sensitive information with discretion. Strong follow-up and coordination skills.",At least 26 years,,,,,,,A Well-Reputed Group of Companies,,"Nov 5, 2026",Bachelor of Business Administration (BBA) Bachelor of Business Studies (BBS),,M,"Assist in preparing, editing, formatting, and proofreading business documents, reports, presentations, and correspondence. Support the planning and execution of business meetings, corporate events, and official programs. Manage the Deputy Managing Director’s personal and business calendar, appointments, schedules, and reminders. Coordinate travel arrangements, including flights, accommodation, transportation, and itineraries. Handle emails, phone calls, correspondence, and communications professionally. Prepare meeting agendas, take minutes, and coordinate meeting and event logistics. Maintain proper records, files, and important documents as required. Maintain strict confidentiality and exercise discretion when handling sensitive personal and business information. Perform other duties assigned by the Deputy Managing Director from time to time.",1542016,Full Time,Personal Secretary to Deputy Managing Director,Work at office,Dhaka,True,,"Oct 6, 2026",0,0,Negotiable,Personal Secretary,--
"Age At least 25 years Only Female   বাংলা ও ইংরেজিতে চমৎকার যোগাযোগের দক্ষতা। ভালো টাইপিং ও কম্পিউটার জ্ঞান। কাস্টমার সার্ভিস বা মার্কেটিংয়ে পূর্ব অভিজ্ঞতা থাকলে অগ্রাধিকার পাবেন। স্মার্ট, মার্জিত, ধৈর্যশীল এবং সমস্যা সমাধানের মানসিকতা। চাপের মধ্যে কাজ করা ও টার্গেট পূরণের সক্ষমতা।",At least 25 years,,,,,"Vatulia, Near of Bismillah Training Centre, Kamarpara, Uttara-10, Dhaka","Zaahi Fashion & Sports Wear – Bangladesh based clothing manufacturer. We create premium quality custom jerseys, uniforms & sportswear with your own design",Zaahi Fashion,https://www.facebook.com/Zaahifashion1,"Oct 16, 2026",,,F,,1541753,Full Time,Customer Service Executive,Work at office,Dhaka (Uttara Sector 10),True,,"Oct 6, 2026",15000,10000,Tk. 10000 - 15000 (Monthly),,2
Age 30 to 50 years Only Male   Retired Army Person Will be Preferable Retired Anser Person Will Be Preferable Retired Police Person Will Be Preferable Retired BDR Person Will Be Preferable,30 to 50 years,,,,,"Level - 2 , Zaman Tower 2, Ambika Road, Jhiltuli, Faridpur Sadar, Faridpur",Our Commitment is To Develop The Country .,Shah Farid Real Estat,https://sfrec-bd.com/about-us/,"Oct 20, 2026",SSC HSC Bachelor/Honors,,M,"Security team supervise and manage daily activities. Ensure safety and security of premises, staff & assets. Monitor entry/exit and visitor movement. Maintain security discipline and emergency response. Prepare daily security reports and incident reports. Conduct regular security checks and patrols.",1538639,Full Time,Security Supervisor,Work at office,Faridpur,True,,"Oct 6, 2026",0,0,Negotiable,"Management,Monitoring and Supervision",3
"Age At least 24 years   1-2 years of experience in similar roles in a reputed pharmaceutical manufacturing Company is preferred. Freshers are also encouraged to apply for officer position. Experience in Sterile Manufacturing Operations is preferred. Excellent business communication skills in both English and Bangla. Proficiency in Microsoft Excel, Word, and PowerPoint. Strong presentation skills.",At least 24 years,,,"If you are interested and your credentials meet the position requirements, kindly apply online through bdjobs web portal by 17th October 2026.",,"SKS Tower (7th & 8th Floor), 7 VIP Road, Mohakhali, Dhaka-1206, Bangladesh.",,Radiant Pharmaceuticals Limited,,"Oct 17, 2026",B.Pharm / M.Pharm (M.Pharm is preferable) from any reputed public or private University.,,"M,F,O","Radiant is committed to manufacturing of quality medicine through strict adherence to the internationally accepted standards of good manufacturing practices. Obligations to ethical compliance and commitments to quality assurance blended with caring approach to the customers and employees constitute the dynamics of Radiant. Currently we have vacancies to offer as `Officer, Research & Development / Quality Assurance` for the eligible candidates interested to work in our Radiant Pharmaceuticals Itd and its affiliate companies. Job Location:  Manufacturing Plant at Tongi.",1541994,Full Time,"Officer, Research & Development/Quality Assurance",,Gazipur (Tongi),True,,"Oct 6, 2026",0,0,--,,--
Age At least 32 years   8 to 10 years of experience in similar roles in a reputed pharmaceutical manufacturing Company is preferred. Proficient with MS Office Applications and SAP. Excellent business communication skills in both English and Bangla.,At least 32 years,,,"If you are interested and your credentials meet the position requirements, kindly apply online through bdjobs web portal",,"SKS Tower (7th & 8th Floor), 7 VIP Road, Mohakhali, Dhaka-1206, Bangladesh.",,Radiant Pharmaceuticals Limited,,"Oct 25, 2026",B.Pharm / M.Pharm / BBA/MBA (Major in Supply Chain Management is preferable) from a recognized public or private University.,,"M,F,O","Radiant Pharmaceuticals Limited (RPL)  is committed to manufacturing of quality medicine through strict adherence to the internationally accepted standards of good manufacturing practices. Obligations to ethical compliance and commitments to quality assurance blended with caring approach to the customers and employees constitute the dynamics of Radiant. We currently have openings for the positions of 'Sr. Assistant Manager- PPIC' at our pharmaceutical plant for RPL and its affiliate Companies. Qualified and interested candidates are invited to apply. Major Job Responsibilities: Execute material planning for raw and packaging materials based on production plans, sales forecasts, lead time, and inventory requirements. Monitor material availability and procurement schedules to ensure uninterrupted production. Raise and follow up on purchase requisitions and perform relevant SAP activities related to material planning and production orders. Monitor packaging material replacement, rejection, observation, and related corrective actions with relevant stakeholders. Prepare and maintain planning-related documents, including Change Control, Risk Assessment, and relevant quality documentation. Liaise with local suppliers and Commercial teams to ensure timely procurement and availability of required materials. Coordinate with Production, QA, QC, R&D, Warehouse, Commercial, SMD, and other relevant departments to align manufacturing and packing schedules with material delivery timelines, monitor production plans, and maintain optimum inventory levels. Supervise PPIC team activities and support departmental administrative, SHE, overtime, holiday scheduling, and other responsibilities assigned by management. Job Location:  Manufacturing Plant at Tongi.",1541989,Full Time,Sr. Assistant Manager - PPIC (Production Planning & Inventory Control)),,Gazipur (Tongi),True,,"Oct 6, 2026",0,0,--,,--
"Age At least 22 years   Experience and other Requirements: Minimum 3-years experience in the related field. Working experience at Rohingya refugee camp will be an asset/ Clinical experience as a Midwife in Bangladesh.  Ability to work effectively in a team and in challenging environments. Commitment to humanitarian principles and the well-being of Rohingya refugees. Working knowledge of Microsoft Word, Excel, PowerPoint etc. Experience in leadership is desirable.  Commitment to continuous learning. High level of ability to organise and manage own time keeping to schedule and deadlines. Practical experience facilitating and training of staff and partners, preferably for SRHR related activities. Excellent speaking and writing skills and excellent communications (in English and Bengali) and inter-personal skills.",At least 22 years,Send your CV to the given email job01@rtm-international.org,,"Applying to: job01@rtm-international.org

Interested candidates may apply to the Director (Administration), RTM International, 581 Shewrapara, Mirpur, Dhaka 1216 by sending their application and details CV along with recent passport size photographs, copy of NID, copy of all academic certificates and contact details on or before 13 October 2026 to E-mail address: job01@rtm-international.org (indicating Circular No. & Position name in the Subject line).

Job Circular No.:  20261006-017.2
(Applicant must mention job circular no. & Position in E-mail Subject Line)
Only short-listed candidates will be called for interview.
No TA/DA will be provided for attending the interview.
Director (Administration)

Read Before Apply: The incumbent will maintain and abide by the RTM International Code of Conduct in discharging any duties in the refugee camps (while interacting/treating/counseling the refugee population) and commit to abide by the PSEA core principles and other issues.

Attention: RTM International has a Policy regarding Protection against Sexual Exploitation and Abuse (PSEA), a Gender Policy, and a Child Protection Policy. The organization has a Policy of Zero Tolerance regarding this issue. Candidates having knowledge of PSEA will be preferred. Female candidates are encouraged to apply.",,,,RTM International,,"Oct 13, 2026",Diploma in Midwifery with certificate from Bangladesh Nursing and Midwifery Council and Valid BNMC registration. Candidates holding a BSc in Midwifery will be given preference as an added qualification.,,"M,F,O","Research, Training and Management (RTM) International NGO working in the Cox’s Bazar to implement different projects supported by Government of Bangladesh, UNFPA, UNICEF and others development partners. To provide Sexual and Reproductive Health (SRH) services in different location RTM requires to fill up some vacancies in Midwife Supervisor positions. Job Circular No.:  20261006-017.2 Reports To:  Medical Coordinator / International Midwife Mentor/ Sr. Project Manager Positions Summary : The overall aim of the UNFPA’s Sexual and Reproductive Health and Rights (SRHR) interventions in Cox’s bazar is to increase the number of pregnant women who have access to high quality midwifery services in Rohingya refugee camps and adjacent host communities, so as to contribute to the goal of reducing maternal mortality and morbidity in the country. UNFPA is working together with partners, to provide evidence-based, midwifery led, comprehensive SRHR services in the facilities in the camps and the adjacent host communities. Additionally UNFPA leads and coordinates the SRH Working group (SRH WG). UNFPA along with RTMI are looking for 3 graduate licensed diploma midwives to join a dynamic team of International Midwife Mentors (IMM) to improve skilled attendance at birth by developing a sustainable midwifery workforce through the placement of midwives and building the capacity of the midwives through mentorship. Job Responsibilities: On a day-to-day basis, the National Midwife Coordinator will assist and support the IMMs with the implementation of both clinical and administrative duties associated to the midwifery mentorship programme in all the UNFPA supported facilities in the Rohingya refugee camps and adjacent host communities; assuming the following duties: 1. Assist IMMs in providing capacity building and clinical mentoring Work with all UNFPA funded SRH WG implementing partners (IPs) who employ midwives to strengthen midwifery services in health facilities by supporting the IMMs with capacity building, training, mentorship and clinical supervision of midwives and midwifery supervisors. Identify midwifery staff development needs and presents the information to IMMs in order to improve care and outcomes. Contribute to the facilitation of midwifery team meetings in health facilities. Contribute to strengthening policies and guidelines to improve health service provision. 2. Reporting, administrative and professional responsibilities Participates with IMMs in the development of work plans. Contributes to the UNFPA SRHR team, SRH WG and IPs compiling reports regarding midwifery services. Presents biweekly situational reports on the needs of midwives and health facilities. Completes all required documentation and reporting on expected project results and outputs. Engages in professional development. 3. Coordination and Interagency work Participates in meetings with the wider midwifery coordinator team to improve the coordination mechanism of the midwifery mentorship program When requested, attend coordination meetings such as: SRH WG and Upazilas level Health Sector meetings. Contributes to MPMSR committee investigations and dissemination of findings. Contribute to the coordination of the roving midwives team to ensure quality midwifery staffing levels across all UNFPA supported facilities. 4. Carry out duties as directed by the Supervisors. 5. Any other responsibilities given by the Authority.",1542010,Contractual,Midwife Coordinator,Work at office,Cox`s Bazar,False,,"Oct 6, 2026",0,0,--,,--
Age At least 35 years,At least 35 years,,,,,"Jabbar Tower, 42 Gulshan South Avenue, Gulshan Circle -1, Dhaka-1212.",TM ASSETS LIMITED is a fast growing apartment based real estate Company in Bangladesh. Our aim is to create a centre of excellence by recruiting and facilitating the competent people available. In search of excellence we seek application from the right marketing people to be a part of TM family.,TM Assets Limited,,"Nov 5, 2026","Bachelor of Architecture (B.Arch) in Architecture Master of Architecture (M.Arch) in Architecture Bangladesh University of Engineering and Technology,Khulna University of Engineering and Technology,Rajshahi University of Engineering and Technology students will get preference Candidates must hold a valid DMINB Code. Candidates must have valid RAJUK Enlistment.",,"M,F,O","Architectural Leadership & Strategy Provide strategic architectural leadership across all residential, commercial, mixed-use, and large-scale real estate development projects. Establish architectural vision, design standards, planning principles, and project-specific design strategies aligned with the company’s business objectives. Lead the architectural department and provide professional direction to architects, senior architects, junior architects, interior designers, draftsmen, BIM professionals, and other technical personnel. Ensure that all architectural solutions reflect functionality, aesthetics, sustainability, constructability, commercial viability, and long-term asset value. Act as the senior architectural authority for design-related decisions and provide professional recommendations to senior management and the Board when required. Concept Development & Design Direction Lead the development of architectural concepts from initial feasibility and master planning through detailed design and construction documentation. Develop innovative design concepts that respond to project objectives, site characteristics, market requirements, customer expectations, and applicable regulations. Review and approve conceptual plans, massing studies, site layouts, floor plans, elevations, sections, façade concepts, landscape integration, and overall architectural character. Ensure that design concepts balance aesthetic excellence with functionality, construction feasibility, project budget, and development timelines. Explore contemporary architectural approaches, materials, technologies, and planning solutions appropriate for each project. Master Planning & Site Planning Lead master planning activities for large-scale residential, commercial, mixed-use, and land development projects. Analyze site conditions, access, circulation, zoning, setbacks, utilities, topography, surrounding development, environmental considerations, and future expansion opportunities. Establish appropriate relationships between buildings, roads, open spaces, landscaping, parking, recreational facilities, community amenities, and service areas. Ensure efficient land utilization while maintaining appropriate standards of safety, accessibility, functionality, and environmental quality. Coordinate with planning and engineering teams to develop integrated site development strategies. Architectural Design Management Direct the preparation and development of architectural drawings, specifications, schedules, design reports, presentations, and technical documentation. Review architectural drawings at all stages to ensure accuracy, coordination, design quality, and compliance with approved concepts. Establish drawing standards, documentation procedures, design review protocols, and quality-control processes. Ensure that design information is issued accurately and within agreed project timelines. Identify design conflicts, omissions, inconsistencies, and potential construction issues before project execution. Project Coordination Coordinate architectural activities with structural, civil, MEP, electrical, plumbing, fire protection, landscape, interior design, façade, and other specialist disciplines. Lead multidisciplinary design coordination meetings and resolve technical and architectural conflicts. Work closely with project managers, construction teams, quantity surveyors, procurement teams, consultants, contractors, and suppliers. Ensure that architectural decisions are properly communicated to all relevant stakeholders. Monitor interdisciplinary coordination throughout the design and construction phases. Regulatory Compliance & Approvals Ensure all architectural designs comply with applicable building codes, planning regulations, development guidelines, fire safety requirements, environmental standards, accessibility requirements, and other statutory provisions. Coordinate with relevant government authorities, regulatory bodies, utility agencies, and approval organizations as required. Review submission drawings and documentation prepared for statutory approvals. Provide professional guidance on approval strategies and regulatory requirements. Monitor changes in applicable codes, standards, and regulations and incorporate relevant requirements into project designs. Design Quality Assurance Establish and maintain high architectural quality standards across the company’s projects. Conduct formal design reviews, technical audits, and quality assessments at key project stages. Verify design intent, material quality, detailing, dimensions, specifications, and construction feasibility. Identify design risks and recommend corrective actions. Ensure that architectural quality is maintained from concept development through construction and final handover. Construction & Site Support Provide architectural guidance during construction and assist project teams in resolving design-related site issues. Review architectural shop drawings, material samples, mock-ups, prototypes, and technical submissions. Conduct periodic site visits to monitor compliance with approved architectural drawings and specifications. Review requests for information, site instructions, design changes, and proposed alternatives. Evaluate construction deviations and provide professional recommendations for corrective measures. Ensure that approved design intent is maintained throughout the construction process. Value Engineering Lead architectural value-engineering initiatives to optimize project cost without compromising essential functionality, safety, quality, or design intent. Evaluate alternative materials, construction systems, planning approaches, façade solutions, and building technologies. Work with commercial, procurement, engineering, and construction teams to identify cost-effective design solutions. Assess the long-term operational and maintenance implications of design alternatives. Support management in making commercially sound architectural decisions. Sustainable Design Integrate sustainable design principles into architectural planning and project development. Promote energy efficiency, natural ventilation, daylight utilization, water conservation, efficient material selection, waste reduction, and environmentally responsible construction. Evaluate opportunities for green building technologies and sustainable building systems. Encourage climate-responsive and context-sensitive architectural solutions. Consider lifecycle performance and long-term environmental impact during design development. Residential & Real Estate Development Provide architectural leadership for residential apartment developments, condominiums, gated communities, villas, commercial buildings, office developments, retail spaces, and mixed-use projects. Ensure that architectural planning responds to target-market requirements and customer expectations. Optimize apartment layouts, circulation, common facilities, parking, amenities, service areas, and usable floor areas. Support the development of marketable architectural concepts that enhance project identity and commercial value. Collaborate with sales and marketing teams to ensure that architectural features are effectively reflected in project positioning and customer communication. Client & Stakeholder Management Represent the architectural function in meetings with clients, investors, consultants, contractors, government authorities, and other stakeholders. Understand stakeholder expectations and translate them into practical architectural solutions. Present design concepts, project proposals, alternatives, and recommendations to senior management. Manage design-related discussions professionally and resolve conflicts through evidence-based technical decisions. Maintain strong professional relationships with external consultants and project partners. Consultant Management Select, evaluate, brief, and coordinate external architectural and specialist consultants. Prepare consultant scopes of work and technical requirements in coordination with management and procurement teams. Review consultant deliverables for quality, completeness, accuracy, and compliance with project requirements. Monitor consultant performance against agreed timelines and deliverables. Provide technical direction and feedback to consultants throughout project development. Team Leadership & Mentoring Lead, mentor, and develop the architectural team to achieve high professional and technical standards. Allocate responsibilities based on project priorities, individual capabilities, and professional expertise. Conduct design reviews and knowledge-sharing sessions for team members. Encourage innovation, collaboration, accountability, and continuous professional development. Support recruitment, performance evaluation, training, and succession planning within the architectural department. BIM & Digital Design Promote effective use of BIM, CAD, 3D visualization, rendering, digital coordination, and other architectural technologies. Establish appropriate BIM and digital documentation standards for projects. Encourage integrated digital coordination among architecture, structure, MEP, and other disciplines. Review BIM models and digital deliverables for coordination and design accuracy. Promote technology-driven improvements in design development, documentation, visualization, and project management. Material & Specification Management Review and approve architectural material selections, finishes, façade systems, fixtures, fittings, and design elements. Develop or review architectural specifications and material schedules. Evaluate material samples and technical data submitted by contractors and suppliers. Ensure that selected materials satisfy quality, durability, aesthetic, performance, availability, and budget requirements. Coordinate with procurement teams regarding approved architectural materials. Façade & Exterior Design Lead the development and review of building façade concepts and exterior architectural treatments. Ensure façade design reflects project identity while considering climate, durability, maintenance, energy performance, and constructability. Review façade materials, systems, details, mock-ups, and specialist proposals. Coordinate façade design with structural, MEP, waterproofing, and building-envelope requirements.",1542002,Full Time,Principal Architect,Work at office,Dhaka (GULSHAN 1),True,,"Oct 6, 2026",0,0,Negotiable,,--
"Age 30 to 35 years Only Male   The applicants should have experience in the following business area(s): Knit Garments. Leadership and supervision of QA/QC personnel, training, coaching, performance monitoring, and quality awareness programs. Ensuring compliance with buyer requirements.",30 to 35 years,,,,,"Kainjanul, Mirzapur, Gazipur Sadar, Gazipur",Garments Manufacture,Ragadi Textile Ltd.,,"Oct 31, 2026",Higher Secondary Bachelor/Honors,,M,"Overall Responsibility on Quality Assurance Sewing but good knowledge cutting to finishing area. Develop, manage implement, communicate, and maintain a quality plan to bring the Company’s Quality Assurance Systems and Policies into compliance with (QMS) quality management system requirements. Effectively interact with the Technical, Development, and Production team to maintain product quality; ensuring that targets are achieved.  Assisting technicians with checking patterns/specification and construction, identifying and resolving production impracticalities in an appropriately timely manner, and to make a final decision on quality according to company standards and requirements.  Supervise in the handling of sample evaluation and production approval by reviewing the measurement, workmanship, fitting, accessories, etc., and giving comments on the production.  Monitored QA/QC performance by gathering relevant production data and producing statistical reports to be communicated with all related departments. Identifying relevant quality-related training needs and delivering training.   Responsible for each aspect of quality control and product assembly in the factory.   Provide enough quality control seminars and coaching for company trainees   Ensuring all quality & production issue by Auditing & Controlling To give size set sample approval To conduct a pre-production meeting Doing In-line inspection to check the quality Follow up pre-final inspection To keep all necessary documents and quality SOP To provide approval such as print, embroidery, wash & as per required by the buying house. Ultimately ensure final product quality.",1541836,Full Time,Quality Incharge - Sewing,Work at office,Gazipur (Gazipur Sadar),True,,"Oct 6, 2026",0,0,Negotiable,,01
Age At least 25 years   Preference:  O-Level & A-Level completed. IELTS band score: 8.0  Experience:  3 years experience in Cambridge Curriculum School,At least 25 years,,,,,"20 Shymacharon Roy Road,Natun Bazar, Mymensingh",,John Amos International School,,"Oct 17, 2026",M A in English from any reputed public or private university,,"M,F,O","School Overview First time ever in Mymensingh city, John Amos International School is an absolute English Medium School. Only Cambridge curriculum is followed here. It’s established in later 2023 and situated an elegant building in a beautiful city location of Mymensingh, in the northern part of Bangladesh. The charming multi-storeyed building and interior have recently been modernised and refurbished, and is the perfect location for learners to study in a relaxed, friendly and informal atmosphere",1541990,Full Time,English Teacher,,Mymensingh,True,,"Oct 6, 2026",0,0,--,,2
Age At least 25 years   Preference:  Excellent Proficiency in English communication Experience:  3 years experience in the related field,At least 25 years,,,,,"20 Shymacharon Roy Road,Natun Bazar, Mymensingh",,John Amos International School,,"Oct 17, 2026",Honours degree in Computer Science & Engineering from any reputed public or private university,,"M,F,O","School Overview First time ever in Mymensingh city, John Amos International School is an absolute English Medium School. Only Cambridge curriculum is followed here. It’s established in later 2023 and situated an elegant building in a beautiful city location of Mymensingh, in the northern part of Bangladesh. The charming multi-storeyed building and interior have recently been modernised and refurbished, and is the perfect location for learners to study in a relaxed, friendly and informal atmosphere",1541996,Full Time,Computer Teacher (CSE),,Mymensingh,True,,"Oct 6, 2026",0,0,--,,2
Age 22 to 40 years Only Female,22 to 40 years,,,,,"House #1, Block #H, Banasree Main Road","We are a USA-based IT agency specializing in website design and development using WordPress, Shopify, Wix, WebFlow, PHP/Laravel, JavaScript, and custom-coded solutions. We create tailored, high-performance websites that enhance user experiences and drive business growth, delivering scalable, visually stunning, and secure digital solutions.",Web Solutions,https://websolutions.tech,"Oct 12, 2026",Bachelor/Honors,,F,"Contex: MaxxChair is a modern office chair brand specializing in premium-quality ergonomic office chairs designed for comfort and style. We’re growing fast and we’re looking for a smart, confident, and communication-savvy person to join our team. Key Responsibilities * Manage social media platforms, including regular posting and customer engagement. * Plan, execute, manage, and optimize Meta Ads (Facebook & Instagram) campaigns. * Plan and manage Google Ads campaigns, including Search, Display, and other relevant campaign types. * Monitor advertising performance, including CPC, CTR, CPL, conversions, ROAS, and overall ad spend. * Research audiences, keywords, competitors, and market trends to improve campaign performance. * Create and test ad copy, creatives, audiences, and campaign strategies to generate quality leads and sales. * Communicate with customers via phone, Messenger, and WhatsApp. * Convince potential customers and convert inquiries and ad-generated leads into confirmed sales. * Maintain strong relationships with existing and new customers. * Represent MaxxChair at corporate meetings and promotional events. * Give presentations and promote the brand professionally. * Work closely with management to increase sales, lead generation, and overall brand visibility. Requirements * Female candidate with excellent communication and presentation skills. * Must be confident, smart, professional, and customer-oriented. * Minimum 2+ years of experience in online sales and digital marketing. * Hands-on experience with Meta Ads Manager and Google Ads is required. * Strong understanding of campaign setup, audience targeting, keyword research, conversion tracking, retargeting, and campaign optimization. * Ability to analyze advertising data and optimize campaigns for better leads, sales, and ROAS. * Experience in online selling, customer communication, tele-sales, or digital marketing. * Furniture or e-commerce selling experience will be considered a plus. * Ability to handle clients professionally and maintain the brand’s reputation.",1541900,Full Time,Sales & Marketing Expert With Google and Meta Ads,Work at office,Dhaka (Banasree),True,,"Oct 6, 2026",30000,20000,Tk. 20000 - 30000 (Monthly),"Google Marketing,meta ads campaign,Sales & Marketing",1
"Age At least 22 years   Prior job experience is not required. However, candidates with good academic background will get preference Female candidates are encouraged to apply Strong Leadership skills Strong analytical skills Excellent interpersonal and communication skills Excellent time management and organization skill Good at maintaining contacts and networking Drive for result Ability to work under pressure",At least 22 years,,,,,"City Bank Center, 28, Gulshan Avenue, Gulshan 1, Dhaka 1212",,City Bank PLC,,"Oct 15, 2026",Bachelor/Honors 4 years Graduation from any Reputed Universities,,"M,F,O","Development of Sustainable Retail Business portfolio for the Bank. Identifying the target market and acquire new business to enrich the retail portfolio which includes Personal Loan, Home Loan, Current & Savings Account Deposits, Term Deposits, Credit Cards, Debit Cards etc. Maintain quality assets and liabilities through the disciplined portfolio management. Earn trusted advisor status by integrating retail business ideas, different assets and deposit solutions to help clients navigate and choose the best financial solution.",1541314,Full Time,"Trainee Assistant Manager, Branch Banking (Anywhere in Bangladesh)",,Anywhere in Bangladesh,True,,"Oct 6, 2026",65000,50000,Tk. 50000 (Monthly),,--
Age 22 to 32 years Only Male   Only interested applicants from the mentioned areas should apply. Motor Cycle Mandatory,22 to 32 years,,,,,"Minister Headquarter, House- 43/B, Road- 123 Gulshan-1, Dhaka- 1212","Minister Hi-Tech Park Ltd. & Myone Electronics Industries Ltd. is the fastest growing Electronics Industries of the country. Mr. M.A. Razzak Khan, the founder of Minister Hi-Tech Park Ltd. & Myone Electronics Industries Ltd. has established it on 2002. The latest technology oriented industry in Bangladesh has realized the value of local brand and established it in the heart of the common people of the country. From the beginning the highest level of quality, after sales service satisfaction, speedy supply chain, strong dealers network, modern show-room management and 100% employee satisfaction maximize our credibility to the country`s people. Journey of Minister Hi-Tech Park Ltd. & Myone Electronics Industries Ltd. started from the 1st June, 2002 and experiencing a lot of sweet memories and barriers as well. But our devotion is to the highest level of success in creating opportunities that forcing us to the track of ambition. CRT Television, LED Television, Refrigerator, Air Condition, Fan, Rice Cooker, Induction Chula, Blender, Washing machine are our product line & many more are in pipeline to be introduced gradually. We are always considering the purchasing power of the common people and developing our design in the highest level of ethical standard. We always welcome latest Technology in the industry and extremely care of our valued customers. Our dream is to export all over the world, to provide ECO friendly products and to implement the highest standard of social and corporate responsibilities.",Minister Hi-Tech Park Ltd.,,"Nov 5, 2026",Diploma Bachelor/Honors,,M,Ensure effective numeric distribution and appoint new Sub-dealers in the designated area Identify and explore new market opportunities for company products Ensure regular collections from dealers & sub-dealers and timely product lifting Maintain brand visibility and execute promotional activities in the assigned territory Maintain regular communication and strong relationships with dealers and other business partners Perform duties with a positive attitude and dedication in line with company instructions Submit timely reports to the supervisor and take proactive steps in problem-solving.,1542001,Full Time,Sales Officer/Sales Executive,Work at office,"Brahmanbaria, Chandpur, Chattogram, Cox`s Bazar, Cumilla, Feni, Habiganj, Lakshmipur, Moulvibazar, Netrokona, Noakhali, Sherpur, Sylhet",True,,"Oct 6, 2026",0,0,Negotiable,"Consumer Durables - Sales & Marketing,Marketing and Sales,Retail Sales,Sales,Sales & Marketing,sales and Distribution,Sales Target Achievement,Salesman",43
"Age At least 24 years   Fluent in both English and Bangla, with strong verbal and written communication skills. Strong skills in student counselling, recruitment, and student relationship management. Ability to effectively handle student enquiries, follow-ups, and application-related communication. Experience in preparing, reviewing, and editing student documents. Ability to create and update professional CVs tailored to university and course requirements. Ability to keep up to date with university admission requirements, entry criteria, intakes, tuition fees, and application procedures. Strong attention to detail, organizational skills, and the ability to manage multiple student applications simultaneously.",At least 24 years,,,,,"2nd floor,galaria shopping comlex,jollarpar,sylhet",,NextWave Associate,,"Oct 16, 2026",Higher Secondary,,"M,F,O","Assist students with document preparation, application submission, and follow-up with universities. Provide students with basic guidance on student visa documentation and the overall visa application process.",1542005,Full Time,Student Counsellor,,Sylhet (Sylhet Sadar),True,,"Oct 6, 2026",0,0,Negotiable,,--
"Age At most 45 years   Strong knowledge of HR & Administration processes and Bangladesh Labour Law. Advanced skills in MS Excel, HR analytics, and HRIS. Excellent leadership, communication, and problem-solving skills. Ability to work under pressure with strong accountability and professionalism.",At most 45 years,,"Interested candidates who fulfill the above requirements are requested to Apply Online or send their application with updated CVs to HR & Administration Department, Bangladesh Specialized Hospital, 21 Shyamoli, Mirpur Road, Dhaka-1207, Bangladesh on or before October 20, 2026. Please mention the title of the position applied for on the top of the envelope or in subject line.",,,"21, Shyamoli, Mirpur Road, Dhaka-1207","BSH has all the characteristics of a world-class hospital with wide range of services and specialists, equipments and technology, ambience and service quality. The hospital is a showcase of synergy of medical technology and advances in ICT Division through paperless medical records. The skilled nurses, technologists and administrators of Bangladesh Specialized Hospital, aided by state-of-the-art equipments, provide a congenial infrastructure for the medical professionals in providing healthcare of international standards.",Bangladesh Specialized Hospital PLC,https://bdspecializedhospital.com/,"Oct 20, 2026","Master’s degree with an MBA in Human Resource Management (HRM) or equivalent. Professional Diploma such as PGD-HRM will be preferred. Minimum 9 years of HR experience, including at least 3 years in a senior managerial or HoD position.",,"M,F,O","Job Summary Bangladesh Specialized Hospital PLC, a growing healthcare organization, is a multi-specialty hospital committed to providing quality patient care through advanced medical services, experienced healthcare professionals, and modern healthcare facilities. The hospital is seeking an experienced and strategic professional for the position of Assistant General Manager (AGM) – HR & Administration (HoD). The selected candidate will lead the overall HR and Administration functions, develop effective HR strategies, ensure policy implementation, manage employee relations, and support organizational growth through efficient people management practices. Job Description: Lead and manage all HR and Administration functions of the organization. Develop and implement HR strategies, policies, SOPs, and procedures aligned with business objectives. Manage manpower planning, recruitment, talent management, performance management, employee relations, training and development, compensation, and benefits. Oversee the proper employee documentation, personal files, attendance, leave management, payroll, HRIS, and administrative operations. Ensure compliance with Bangladesh Labour Law, organizational policies, and regulatory requirements. Handle employee engagement, grievance management, disciplinary procedures, workplace safety, and employee welfare programs. Prepare HR budgets and ensure effective cost management. Lead and develop the HR team to achieve departmental goals. Analyze HR data and provide reports and recommendations to senior management. Continuously improve HR systems, processes, and organizational practices. Perform other duties assigned by management.",1541993,Full Time,Assistant General Manager (AGM) – HR & Administration (HoD),Work at office,Dhaka (Shyamoli),True,,"Oct 6, 2026",0,0,--,,01
Age At least 26 years   At least 1 year job experience in any entity  Excellent verbal communication skill in Bangla  Experience working in South Chattogram or Cox’s Bazar is preferred; familiarity with the local context and ability to communicate in the local dialect will be an advantage.,At least 26 years,,,"If you are interested in this position and meet the required qualifications and experience, please apply online through Bdjobs by 12/10/2026. YPSA is an equal opportunity employer and is committed to child protection and the prevention of violence against women and girls. Only shortlisted candidates will be contacted. Any form of persuasion or lobbying will be considered grounds for disqualification. Smokers are discouraged from applying for this position. YPSA HUMAN RESOURCE MANAGEMENT AND DEVELOPMENT DEPARTMENT Emergency 0241388316 (Office time only)",,"House # F 10 (P), Road # 13, Block # B Chandgaon R/A, Chittagong - 4212","Young Power in Social Action (YPSA) , established in 1985 (International Youth Year) is an organization for sustainable development working in Dhaka Division, Sylhet Division, Chattogram Division including Chittagong Hill Tracts, Cox’s Bazar. YPSA has been implementing a project titled “Multi-sector recovery and empowerment support for crises affected communities in Cox's Bazar Activity” since 2020. The project is technical supported by International Rescue Committee (IRC).",Young Power in Social Action (YPSA),https://ypsa.org/,"Oct 12, 2026",At least SSC pass or equivalent from any educational institution. Experienced person will be preferred and flexible. Basic literacy and numerical skill.,,"M,F,O","Young Power in Social Action (YPSA) <www.ypsa.org> is an organization for sustainable development, working in the greater Chattogram division including Hill Tracts (CHT) since 1985 (International Youth Year). YPSA is going to implement a project titled “SheFarms” at Chakaria and Mathamuhuri in Cox’s Bazar. The project will be implemented with fund from the Federal German Ministry of Economic Cooperation and Development (BMZ) and technical support from Plan International Bangladesh. Duration: 28 Months   Job Description/Responsibilities: Maintain the Chakaria SheFarms field office, including cleanliness, organization, and basic functionality. Support logistics for SheFarms training sessions, demonstration plot field days, and MSCC meetings (set-up, materials handling, photocopying). Manage incoming and outgoing project documents and correspondence between the Chakaria office and YPSA head office. Assist visiting partners (DAE, PIB, donor representatives) during field visits to the project office. Any tasks assigned by the project team and management. Job Location:  Chakaria and Mathamuhuri, Cox’s Bazar",1541998,Contractual,Office Support Staff,,"Cox`s Bazar, Cox`s Bazar (Chakaria)",True,,"Oct 6, 2026",26650,20500,Tk. 20500 (Monthly),,1
Age At least 27 years Only Male,At least 27 years,Send your CV to the given email electronics.hrd@gmail.com or Email your CV from <strong>My Bdjobs</strong> account,,"Applicants may send their complete CV with a cover letter including two recent passport size color photographs to: Deputy Director- HR, Minister Hi-Tech Park Ltd. & Myone Electronics Industries Limited, Minister Headquarter, House-43/B, Road-123, Gulshan-1, Dhaka- 1212. Or Send Your CV to: electronics.hrd@gmail.com",,"Minister Headquarter, House- 43/B, Road- 123 Gulshan-1, Dhaka- 1212","Minister Hi-Tech Park Ltd. & Myone Electronics Industries Ltd. is the fastest growing Electronics Industries of the country. Mr. M.A. Razzak Khan, the founder of Minister Hi-Tech Park Ltd. & Myone Electronics Industries Ltd. has established it on 2002. The latest technology oriented industry in Bangladesh has realized the value of local brand and established it in the heart of the common people of the country. From the beginning the highest level of quality, after sales service satisfaction, speedy supply chain, strong dealers network, modern show-room management and 100% employee satisfaction maximize our credibility to the country`s people. Journey of Minister Hi-Tech Park Ltd. & Myone Electronics Industries Ltd. started from the 1st June, 2002 and experiencing a lot of sweet memories and barriers as well. But our devotion is to the highest level of success in creating opportunities that forcing us to the track of ambition. CRT Television, LED Television, Refrigerator, Air Condition, Fan, Rice Cooker, Induction Chula, Blender, Washing machine are our product line & many more are in pipeline to be introduced gradually. We are always considering the purchasing power of the common people and developing our design in the highest level of ethical standard. We always welcome latest Technology in the industry and extremely care of our valued customers. Our dream is to export all over the world, to provide ECO friendly products and to implement the highest standard of social and corporate responsibilities.",Minister Hi-Tech Park Ltd.,,"Oct 31, 2026",Masters,,M,"Must be fluent in English, both speaking and writing, to effectively communicate with foreign suppliers, shipping lines, and other international stakeholders. Ensure the timely preparation of all import documents to facilitate the smooth execution of import procedures and compliance with regulations. Possess sound knowledge of Letter of Credit (L/C) processes, amendments, and terms and conditions, liaising with banks and other organizations regarding L/C and payment issues. Collaborate with internal departments and suppliers to ensure the quality and timely delivery of raw materials and accessories through import processes. Experienced in operating an ERP system for group import raw materials, ensuring accurate data management and reporting. Communicate with parties in contracts to ensure mutual understanding of terms, particularly regarding financial aspects, and stay updated on market trends, material prices, and product developments. Follow up on the Procurement to Payment process in line with the Procurement Policy, maintaining and updating all Supply Chain Management (SCM) reports for relevant departments. Perform any other tasks assigned by management to support the smooth operation of the supply chain function.",1541995,Full Time,Executive / Sr. Executive - Supply Chain Management (Sourcing and Purchase),Work at office,Dhaka (GULSHAN 1),True,,"Oct 6, 2026",0,0,Negotiable,"Content Creation,Creative Design",02
"Age At least 22 years   Core Competencies Client-centered and respectful communication Referral coordination and follow-up Teamwork and collaboration Confidentiality and ethical conduct Documentation and reporting Problem-solving and responsiveness Ability to work under pressure Commitment to safeguarding, PSEA and non-discrimination Experience and other Requirements: Minimum 2 years of relevant experience in hospital, clinic, referral coordination or health programme settings. Experience in referral management, hospital coordination or SRHR-related programmes will be an advantage. Experience working in Cox’s Bazar or humanitarian/refugee response settings will be an advantage. Good understanding of hospital services, patient flow and referral processes. Good communication and interpersonal skills, with the ability to coordinate effectively with clients, caregivers, health service providers and project teams. Basic computer skills, including MS Word and Excel. Ability to maintain accurate records and work effectively in a busy hospital environment. Candidates with proficiency in Chattagram language will be given preference.",At least 22 years,Send your CV to the given email job01@rtm-international.org,,"Applying to: job01@rtm-international.org

Interested candidates may apply to the Director (Administration), RTM International, 581 Shewrapara, Mirpur, Dhaka 1216 by sending their application and details CV along with recent passport size photographs, copy of NID, copy of all academic certificates and contact details on or before 13 October 2026 to E-mail address: job01@rtm-international.org (indicating Circular No. & Position name in the Subject line).

Job Circular No.:  20261006-017.1
(Applicant must mention job circular no. & Position in E-mail Subject Line)
Only short-listed candidates will be called for interview.
No TA/DA will be provided for attending the interview.
Director (Administration)

Read Before Apply: The incumbent will maintain and abide by the RTM International Code of Conduct in discharging any duties in the refugee camps (while interacting/treating/counseling the refugee population) and commit to abide by the PSEA core principles and other issues.

Attention: RTM International has a Policy regarding Protection against Sexual Exploitation and Abuse (PSEA), a Gender Policy, and a Child Protection Policy. The organization has a Policy of Zero Tolerance regarding this issue. Candidates having knowledge of PSEA will be preferred. Female candidates are encouraged to apply.",,,,RTM International,,"Oct 13, 2026","Diploma in Medical Assistant/Medical Assistant Training (MATS)/ Medical Technology / equivalent health-related qualification, Bachelor's degree in Public Health/ Health Services Management/ Social Sciences, or a related field from a recognized institution.",,"M,F,O","Research, Training and Management (RTM) International NGO working in the Cox’s Bazar to implement different projects supported by Government of Bangladesh, UNFPA, UNICEF and others development partners. To provide Sexual and Reproductive Health (SRH) services in different location RTM requires to fill up vacancies in Medical Referral Management Assistant positions. Job Circular No.:  20261006-017.1 Reports To:  Senior Project Manager and Medical Coordinator. Job Responsibilities: Coordinate and facilitate referrals to appropriate departments and specialized services at 250-Bed District Sadar Hospital, Cox’s Bazar. Receive and facilitate patients referred from the camps to the PHC/Field Hospital and ensure appropriate referral follow-up. Prepare, verify, and complete all required referral-related documentation accurately and timely. Maintain accurate and up-to-date referral records, registers, databases, and related documentation. Ensure patient confidentiality and handle personal and medical information in accordance with organizational policies and applicable standards. Prepare regular referral reports and share relevant information and updates with supervisors for appropriate follow-up and decision-making. Receive and review referral information to ensure that clients are directed to the appropriate service point. Maintain regular communication with referring facilities, hospital service providers and project teams regarding referred clients. Assist clients and caregivers in navigating hospital services and provide clear information about the referral process. Support smooth coordination for SRHR, maternal, newborn, emergency and other priority health services as relevant to project activities. Follow up on referred clients, particularly those requiring further consultation, investigation, admission or specialized care. Maintain accurate and confidential records of referrals, including referral source, service received, follow-up and outcome. Identify referral delays, service gaps or challenges and promptly communicate them to the relevant project team. Support the development and maintenance of an updated referral directory, including available services, focal persons and contact information. Coordinate with relevant hospital departments to facilitate continuity of care and appropriate feedback to referring facilities. Support collection and compilation of referral data for routine project monitoring and reporting. Ensure that referral-related information is handled with confidentiality, informed consent and respect for clients' privacy and dignity. Participate in coordination meetings, trainings, orientations and other activities related to referral management. Support emergency referrals and facilitate communication with relevant service providers when required. Perform other relevant duties assigned by the supervisor in support of effective project implementation.",1541997,Contractual,Medical Referral Management Assistant,Work at office,Cox`s Bazar,False,,"Oct 6, 2026",0,0,--,,--
Age At least 33 years,At least 33 years,,,,,,,Large Multinational Manufacturing Organization,,"Oct 16, 2026",Bachelor/Honors,,"M,F,O","Head of Internal Audit (GM - Grade) Location:  Dhaka, Bangladesh Industry:  Large Multinational Manufacturing Organization Reports To:  Group Internal Audit  Employment Type:  Full-time About the Role We are seeking a highly experienced, commercially astute and independent Head of Internal Audit to lead the Internal Audit function of a leading multinational manufacturing organization. The successful candidate will provide independent and objective assurance, risk-based insights and strategic recommendations to the Group Internal Audit, Board of Directors, Audit Committee and CEO, helping strengthen governance, risk management, internal controls and operational effectiveness across the organization. This is a senior leadership position requiring a strong understanding of large-scale manufacturing operations, multinational business environments, finance, commercial processes, supply chain, procurement, inventory, production and operational controls. Key Responsibilities Lead the overall Internal Audit function and develop a robust, risk-based annual audit plan. Provide independent assurance to the Group Internal Audit, Board, Audit Committee and CEO on the effectiveness of governance, risk management and internal control systems. Lead audits covering manufacturing operations, production, procurement, supply chain, inventory, logistics, sales, finance, treasury, capex, fixed assets, HR, IT and commercial functions. Identify business, financial, operational, compliance and fraud risks and recommend practical mitigation measures. Evaluate the effectiveness of internal controls and identify opportunities for process improvement, cost optimization and operational efficiency. Conduct investigations into suspected fraud, irregularities, control breaches and significant financial or operational issues when required. Monitor implementation of audit recommendations and report significant overdue issues to Group Internal Audit, senior management and the Board/Audit Committee. Strengthen the Internal Audit methodology, policies, procedures, systems and use of data analytics. Develop, coach and lead a high-performing Internal Audit team. Collaborate with Finance, Operations, Supply Chain, Procurement, Commercial, HR, IT and other functions while maintaining audit independence. Coordinate, where appropriate, with external auditors, group/internal audit teams and other assurance functions. Present key audit findings, risk observations and management recommendations to the Group Internal Audit, Board/Audit Committee and senior management. Ensure Internal Audit activities are aligned with applicable professional standards, corporate policies and regulatory requirements. Candidate Profile We are looking for a senior audit professional who brings strong manufacturing and multinational corporate experience, rather than a purely audit-firm background. Mandatory Requirements: Chartered Accountant (CA) qualified from a recognized professional body. Bachelor’s degree in business administration/accounting/finance preferably from a reputed university.  Minimum 8 years of post-qualification / relevant professional experience. Significant experience in Internal Audit, Risk, Governance, Controls, Finance or Assurance. Strong professional exposure in a multinational company (MNC), preferably within a large manufacturing organization. Proven experience in a leadership/head-of-function role, managing and developing an Internal Audit team. Strong understanding of manufacturing processes including production, inventory, procurement, supply chain, costing, capex, fixed assets, logistics and commercial operations. Experience dealing with Group Internal Audit, Board/Audit Committee/CEO, senior management and matrix reporting structure. Strong knowledge of internal control frameworks, risk management, financial controls and audit methodologies. Excellent analytical, communication, presentation and stakeholder-management skills. High level of professional integrity, independence, objectivity and confidentiality. Preferred Qualifications & Experience Experience in a large-scale manufacturing sector such as FMCG, building materials, cement, steel, pharmaceuticals, chemicals, automotive or other process manufacturing industries. Experience in a regional/global MNC environment. Exposure to ERP systems such as SAP/Oracle and audit/data analytics tools. Experience in fraud risk management, forensic investigation or business process transformation will be an advantage. What We Offer A strategic leadership role with direct exposure to the Group Internal Audit. Opportunity to lead and transform the Internal Audit function of a leading multinational manufacturing organization. Exposure to a complex, large-scale and highly professional business environment. Competitive compensation and benefits commensurate with experience and qualifications. Interested candidates are invited to submit their updated CV highlighting relevant manufacturing, MNC and Internal Audit leadership experience.",1541915,Full Time,Head of Internal Audit,Work at office,Dhaka,True,,"Oct 6, 2026",0,0,--,"Accounts and Finance,Finance,Internal Audit,Internal Control",1
"Age At least 22 years   Experience and other Requirements: Minimum 2-3 years of relevant professional experience, preferably in the Rohingya refugee response, humanitarian settings, or other low-resource environments. Strong understanding of SRHR, maternal health, newborn health, family planning, adolescent health and GBV-related services. Strong skills in quality assurance, monitoring, coordination, and technical support. Ability to work with government officials, donors, facility managers and field teams. Good training management, facilitation, coaching, and supportive supervision skills. Strong report writing, documentation, data analysis, and presentation skills. Proficiency in MS Word, Excel, PowerPoint and online reporting tools. Ability to prepare technical reports, meeting minutes, monitoring reports and progress updates. Ability to travel frequently to field locations, including remote areas. Ability to work under pressure and meet deadlines. Strong interpersonal, communication, problem-solving, and teamwork skills, with a professional attitude. Commitment to confidentiality, safeguarding, PSEA principles and survivor-centred approaches. Respectful, inclusive and gender-sensitive communication skills. Ability to work effectively in a multicultural and resource-constrained environment.",At least 22 years,Send your CV to the given email job01@rtm-international.org,,"Applying to: job01@rtm-international.org

Interested candidates may apply to the Director (Administration), RTM International, 581 Shewrapara, Mirpur, Dhaka 1216 by sending their application and details CV along with recent passport size photographs, copy of NID, copy of all academic certificates and contact details on or before 13 October 2026 to E-mail address: job01@rtm-international.org (indicating Circular No. & Position name in the Subject line).

Job Circular No.:  20261006-017.6
(Applicant must mention job circular no. & Position in E-mail Subject Line)
Only short-listed candidates will be called for interview.
No TA/DA will be provided for attending the interview.
Director (Administration)

Read Before Apply: The incumbent will maintain and abide by the RTM International Code of Conduct in discharging any duties in the refugee camps (while interacting/treating/counseling the refugee population) and commit to abide by the PSEA core principles and other issues.

Attention: RTM International has a Policy regarding Protection against Sexual Exploitation and Abuse (PSEA), a Gender Policy, and a Child Protection Policy. The organization has a Policy of Zero Tolerance regarding this issue. Candidates having knowledge of PSEA will be preferred. Female candidates are encouraged to apply.",,"RTM International, Shahi Edgah , Tultikor , Near Heart foundation, Sylhet Sadar , Sylhet.",,RTM International Sylhet,,"Oct 13, 2026",Bachelor of Medicine and Bachelor of Surgery (MBBS) from a recognized institution. Master of Public Health (MPH) from a recognized university is mandatory.,,"M,F,O","Research, Training and Management (RTM) International NGO working in the Cox’s Bazar to implement different projects supported by Government of Bangladesh, UNFPA, UNICEF and others development partners. To support the UNFPA funder project implementation, RTMI requires to fill up the vacancy for the position of Technical Officer (SRH & GBV). This position is responsible for the following tasks: Job Circular No.:  20261006-017.6 Reports To:  Sr. Project Manager Job Location:  Ukhiya, Cox’s Bazar with frequent visits to other operational locations. Position Summary Under the supervision of the Senior Project Manager, the Technical Officer (SRH & GBV) will provide technical leadership and field oversight for Women Friendly Spaces (WFS), GBV response services, and SRH service delivery across project-supported facilities. The position is responsible for ensuring quality implementation of SRH and GBV interventions through regular facility monitoring, technical supervision, gap analysis, supportive mentoring, coordination with government and partners, and timely reporting. The Technical Officer will work closely with facility managers, medical teams, WFS staff, and field supervisors to strengthen service quality, address operational challenges, and ensure compliance with organizational, donor, and government standards. Key Responsibilities:  1. Technical Leadership and Facility Oversight Provide technical oversight to Women Friendly Spaces (WFS), SRH clinics, and other supported facilities. Ensure quality implementation of SRH and GBV services in accordance with UNFPA, national, and organizational guidelines. Monitor availability and quality of clinical and non-clinical services, including GBV case management referrals, clinical management of rape (CMR) referral pathways, maternal health, family planning, sexually transmitted infection/reproductive tract infection, and adolescent SRH services. Conduct regular facility assessments through a monitoring checklist, identify gaps, and recommend corrective actions to improve service quality. Support facility managers in maintaining minimum service standards and operational readiness. Ensure compliance with safeguarding, Prevention of Sexual Exploitation and Abuse (PSEA), child safeguarding, confidentiality, and informed consent principles and act as a PSEA focal of the project. Conduct health facility, UN Women Multipurpose Centers, and Women Friendly Spaces assessments and monitor to ensure safe, confidential, and survivor-centred quality SRH service delivery with awareness raising activities     Provide technical guidance to WFS/MPC teams on psychosocial support, referral pathways, information dissemination, and community engagement. Identify operational challenges affecting WFS performance and develop practical mitigation measures. Ensure availability of IEC materials and Reproductive Health Commodities and supplies, including CMR kits, and examination forms.                 2. Monitoring, Supervision and Gap Mitigation Conduct routine supportive supervision visits to project-supported facilities. Assess implementation against work plans, quality standards, and key performance indicators. Identify service delivery gaps, operational bottlenecks, staffing challenges, and resource constraints. Develop actionable recommendations and follow up on corrective actions until completion. Maintain a tracking system for identified issues and mitigation measures. Monitor compliance with clinical protocols, GBV minimum standards, infection prevention and control (IPC), and client confidentiality. Review facility records, referral documentation, and service delivery processes for quality improvement. Support implementation of quality improvement initiatives across supported facilities. Participate in joint monitoring visits with donors and government officials.      3. Coordination Coordinate with Civil Surgeon Offices, DDFP offices, Upazila Health & Family Planning Offices, District Hospitals, Upazila Health Complexes, and relevant government authorities. Maintain effective collaboration with UNFPA, implementing partners, SRHWG-CHWG partners, camp management, and humanitarian coordination mechanisms. Participate in technical working groups, coordination meetings, and review sessions. Prepare meeting minutes and ensure follow-up of agreed action points.     Coordinate with logistics teams to ensure uninterrupted service delivery. Maintain internal coordination with M&E, Logistics, ASRH, CHW, and the quality assurance team.  4. Capacity Building Identify technical capacity gaps among WFS staff, health workers, and facility teams. Support planning and delivery of trainings, orientations, mentoring sessions, and on-the-job coaching. Monitor post-training performance and provide continuous technical support. Promote best practices in SRH, GBV, safeguarding, and respectful care.  5. Data Management and Reporting Verify, compile, and analyze facility and WFS performance data. Ensure timely submission of accurate daily, weekly, monthly, and donor reports. Monitor data quality and resolve reporting discrepancies. Prepare technical monitoring reports highlighting achievements, challenges, risks, and recommended actions. Maintain organized documentation of field visits, supervision findings, and follow-up actions. Ensure and support compliance with Environmental and Social Standard (ESS requirements) identify and report ESS-related concerns and ensure safe, inclusive environment act as an ESS focal in implementation of project activities.     6. Logistics and Service Readines      Monitor stock utilization and report shortages affecting programme implementation and ensure proper entries into the e-Stock. 7. Safeguarding and Compliance The Technical Officer will overview: Uphold survivor-centered approaches in all GBV interventions. Ensure compliance with safeguarding, Prevention of Sexual Exploitation and Abuse (PSEA), child safeguarding, confidentiality, and informed consent principles. Promote gender equality, inclusion, and respectful communication. Ensure adherence to organizational policies, donor requirements, and government regulations. 8. Other Responsibilities Participate in emergency response activities as required. Support programme reviews, assessments, and donor visits. Perform additional responsibilities assigned by the supervisor in line with programme needs.",1541987,Full Time,Technical Officer (SRH & GBV),,Cox`s Bazar (Ukhia),True,,"Oct 6, 2026",143325,110250,Tk. 110250 (Monthly),,--
"Age At least 22 years   Experience and other Requirements: Minimum 3-5 years of experience in the field of Public Health with at least 1 year in the area of SRHR and/or emergency response, including field experiences.  Practical experience of Bangladesh health sector and service delivery.  Demonstrated networking and working experience with the key development partners and stakeholders.  Knowledge and understanding of UN/UNFPA humanitarian/development programming and operations and about UN common programming principles including human rights-based approach, gender equality and capacity development.  Practical experience facilitating and training of staff and partners, preferably for SRHR-related activities.  Previous experience and expertise in M&E frameworks and concepts.",At least 22 years,Send your CV to the given email job01@rtm-international.org,,"Applying to: job01@rtm-international.org

Interested candidates may apply to the Director (Administration), RTM International, 581 Shewrapara, Mirpur, Dhaka 1216 by sending their application and details CV along with recent passport size photographs, copy of NID, copy of all academic certificates and contact details on or before 13 October 2026 to E-mail address: job01@rtm-international.org (indicating Circular No. & Position name in the Subject line).

Job Circular No.:  20261006-017.5
(Applicant must mention job circular no. & Position in E-mail Subject Line)
Only short-listed candidates will be called for interview.
No TA/DA will be provided for attending the interview.
Director (Administration)

Read Before Apply: The incumbent will maintain and abide by the RTM International Code of Conduct in discharging any duties in the refugee camps (while interacting/treating/counseling the refugee population) and commit to abide by the PSEA core principles and other issues.

Attention: RTM International has a Policy regarding Protection against Sexual Exploitation and Abuse (PSEA), a Gender Policy, and a Child Protection Policy. The organization has a Policy of Zero Tolerance regarding this issue. Candidates having knowledge of PSEA will be preferred. Female candidates are encouraged to apply.",,"RTM International, Shahi Edgah , Tultikor , Near Heart foundation, Sylhet Sadar , Sylhet.",,RTM International Sylhet,,"Oct 13, 2026","Bachelor’s degree in Public Health, Population Sciences, Social Sciences, or a related discipline from a recognized institution.  Advanced University degree (Master’s or equivalent or above) in public health or relevant Social Science.",,"M,F,O","Research, Training and Management (RTM) International NGO working in the Cox’s Bazar to implement different projects supported by Government of Bangladesh, UNFPA, UNICEF and others development partners. To support the UNFPA funder project implementation, RTMI requires to fill up the vacancy for the position of Technical Officer (CHW, ASRH, TBA).  Job Circular No.:  20261006-017.5 Reports To:  Sr. Project Manager Job Location:  Ukhiya, Cox’s Bazar with frequent visits to other operational locations. POSITION’S JOB SUMMARY Under the supervision of the Sr. Project Manager, the Technical Officer (CHW, ASRH, TBA) will provide technical and operational support for community health, adolescent and sexual and reproductive health (ASRH), and Traditional Birth Attendant (TBA) program activities. The position will support program planning, design, module development, quality implementation, field-level coordination, monitoring, reporting, logistics management, and capacity strengthening of relevant field staff. Key Responsibilities:  A. Programme implementation:  Oversee all aspects of managing the Community SRH program with a focus to Community Health Workers and ASRH programme. Support in proper implementation of the community SRH programme and ASRH programme. Providing supportive supervision to the CHW supervisors, ASRH health educators, CHWs, TBAs for the quality SRH programme. Provide technical support to develop training and other informative educational communication (IEC) materials targeted for community SRH & ASRH programme. Liaise with other stakeholders in the camp, like other SRHWG partners, and the CHW-WG.  Support the integration process of the SRH, ASRH, MHPSS, and GBV programme in the community. Assessing ASRH needs of the community and designing program implementation plan in consultation with the SRHR team.  Determine appropriate strategies to improve the existing ASRH program implementation in the community.  Advocate, facilitate, and support in the development of adolescent-responsive health system to deliver adolescent-responsive SRHR services in the facilities.  Contribute and support the functioning of the Midwifery Aid/ TBA program under the SRH-WG.  Support for SRHR programming with a focus on the integration of the SRH and A&Y activities in the community.  B. Capacity Building:  Identify training needs of the community health workers and other health workforce working in the community to improve the community SRH programme and ASRH programme.  Participate in facilitating training to enhance and strengthen the Community SRH programme and the ASRH programme. Support preparing concept notes, training packages, and module development on the community health programs. Contribute to capacity-building initiatives of the health sector, SRHWG, CHWG, and GBVSS. C. Coordination:  Coordination with the community Outreach Coordinator, Sr. Program Officer, and CHW supervisors.  Work closely with UNFPA, UNFPA’s implementing partners, SRH-WG, CHW-WG partners, UN agencies and Government counterpart to represent SRHWG in field coordination meetings and to ensure that SRH issues are adequately addressed D. Monitoring and reporting:  Contribute to the preparation and dissemination of reports as required.  Contribute to timely data analysis, evaluate the program, and deliberation of reports.  Routine field monitoring visits to the implementation sites to ensure proper implementation of the community SRH & ASRH programme.  E. Any Other Duties:  Perform any other duties as required by supervisor.",1541982,Contractual,"Technical Officer (CHW, ASRH, TBA)",,Cox`s Bazar (Ukhia),True,,"Oct 6, 2026",91461,70355,Tk. 70355 (Monthly),,--
"Age At least 22 years   Core Competencies: Integrity, accountability and ethical conduct. Procurement compliance and attention to detail. Planning, organization and time management. Communication, coordination and teamwork. Problem-solving and adaptability. Commitment to humanitarian principles, safeguarding and confidentiality. Experience and other Requirements: 3-5 years of relevant experience in procurement and logistics, preferably with an NGO, INGO or development programme. Experience in procuring medical supplies, medicines and healthcare equipment is an advantage. Experience in Cox’s Bazar or humanitarian/refugee response settings is desirable. Good knowledge of procurement procedures, supplier management, inventory control and logistics operations. Proficiency in MS Office, particularly Excel and Word, and familiarity with inventory or logistics software. Strong documentation, communication, coordination, negotiation and problem-solving skills. Ability to work independently, manage multiple priorities and meet deadlines in a field-based environment.",At least 22 years,Send your CV to the given email job01@rtm-international.org,,"Applying to: job01@rtm-international.org

Interested candidates may apply to the Director (Administration), RTM International, 581 Shewrapara, Mirpur, Dhaka 1216 by sending their application and details CV along with recent passport size photographs, copy of NID, copy of all academic certificates and contact details on or before 13 October 2026 to E-mail address: job01@rtm-international.org (indicating Circular No. & Position name in the Subject line).

Job Circular No.:  20261006-017.4
(Applicant must mention job circular no. & Position in E-mail Subject Line)
Only short-listed candidates will be called for interview.
No TA/DA will be provided for attending the interview.
Director (Administration)

Read Before Apply: The incumbent will maintain and abide by the RTM International Code of Conduct in discharging any duties in the refugee camps (while interacting/treating/counseling the refugee population) and commit to abide by the PSEA core principles and other issues.

Attention: RTM International has a Policy regarding Protection against Sexual Exploitation and Abuse (PSEA), a Gender Policy, and a Child Protection Policy. The organization has a Policy of Zero Tolerance regarding this issue. Candidates having knowledge of PSEA will be preferred. Female candidates are encouraged to apply.",,"RTM International, Shahi Edgah , Tultikor , Near Heart foundation, Sylhet Sadar , Sylhet.",,RTM International Sylhet,,"Oct 13, 2026","Master’s degree in Business Administration  or Supply Chain Management, Procurement or  Logistics, Management or a relevant discipline from a recognized university.",,"M,F,O","Research, Training and Management (RTM) International NGO working in the Cox’s Bazar to implement different projects supported by Government of Bangladesh, UNFPA, UNICEF and others development partners. To provide Sexual and Reproductive Health (SRH) services in different location RTM requires to fill up vacancies in Procurement & Logistics Officer positions. Job Circular No.:  20261006-017.4 Reports To:  Sr. Project Manager Job Responsibilities: Prepare quarterly procurement  including  printing plan based on actual need of the project and assessing the health facilities (Camp and govt),  WFS, MPCs etc. as per the approved workplan and budget Review and  update procurement   and logistics plans monthly basis and  flag the critical gap and initiate the process in consultation with UNFPA to address the gap immediately.  Coordinate  with pharmacists to prepare  the procurement plan of medical supplies, medicines, equipment, office materials, printi ng items  and other project requirements in collaboration with the RTMI Headquarters Procurement Team. Follow the standard process of procurement by   quotations, prepare comparative statements, facilitate supplier selection and follow up on purchase orders, deliveries and payment documentation. Coordinate with the pharmacist, store keeper, internal program team, UNFPA and Government and OGSB to ensure required logistics supplies to the training, meeting, workshop and events for the smooth executions.  Regularly m onitor main stock, sub-stock, expiry dates and shelf life of medicines, medical supplies and other inventory items  and coordinate with facilities for timely re-distribution or donations as applicable       Ensure competitive, transparent and properly documented procurement in compliance with RTMI and UNFPA requirements. Liaise with suppliers, government authorities and relevant stakeholders regarding supplies, clearances and donated medicines or medical materials. Manage inventory, including receipt, storage, issuance, stock monitoring and timely replenishment. Maintain accurate stock records and asset registers, and conduct periodic physical verification of assets and inventory  at offices, facilities and field offices     Coordinate transportation, ambulance operations, equipment maintenance and other logistics support required for project activities. Coordinate with programme, medical, finance, administration and field teams to ensure the timely availability of supplies and logistics services  to ensure uninterrupted services. Regularly visit facilities (camp, govt) and prepare monthly status update reports of medicine and supplies stock, facility supplies, potential gap and mitigation plan and share with Sr. Project Manager, Medical Coordinator and Technical team for solutions.  Maintain complete procurement and logistics records for audits, monitoring, donor reporting and compliance purposes. Closely coordinate with RTMI Warehouse pharmacist, and i dentify supply chain and operational risks, report issues promptly to the supervisor and recommend corrective actions. Perform other relevant duties assigned by the supervisor.",1541977,Contractual,Procurement & Logistics Officer,,Cox`s Bazar (Ukhia),True,,"Oct 6, 2026",0,0,--,,1
"Age At least 22 years   Experience and other Requirements: Proven ability to lead, manage, and supervise team members, including storekeepers, support staff, and facility-level supply personnel. Demonstrated experience in inventory management systems, stock reporting software, or electronic logistics information management systems (eLIIMS/eStock). Female candidates are encouraged to apply.            At least 3-5 years of professional working experience as a Pharmacist or Medical Logistics Manager,  Preferable work experience in the humanitarian context in Cox's Bazar or NGO health project settings.",At least 22 years,Send your CV to the given email job01@rtm-international.org,,"Applying to: job01@rtm-international.org

nterested candidates may apply to the Director (Administration), RTM International, 581 Shewrapara, Mirpur, Dhaka 1216 by sending their application and details CV along with recent passport size photographs, copy of NID, copy of all academic certificates and contact details on or before 13 October 2026 to E-mail address: job01@rtm-international.org (indicating Circular No. & Position name in the Subject line).

Job Circular No.:  20261006-017.3
(Applicant must mention job circular no. & Position in E-mail Subject Line)
Only short-listed candidates will be called for interview.
No TA/DA will be provided for attending the interview.
Director (Administration)

Read Before Apply: The incumbent will maintain and abide by the RTM International Code of Conduct in discharging any duties in the refugee camps (while interacting/treating/counseling the refugee population) and commit to abide by the PSEA core principles and other issues.

Attention: RTM International has a Policy regarding Protection against Sexual Exploitation and Abuse (PSEA), a Gender Policy, and a Child Protection Policy. The organization has a Policy of Zero Tolerance regarding this issue. Candidates having knowledge of PSEA will be preferred. Female candidates are encouraged to apply.",,"RTM International, Shahi Edgah , Tultikor , Near Heart foundation, Sylhet Sadar , Sylhet.",,RTM International Sylhet,,"Oct 13, 2026",Bachelor of Pharmacy (B. Pharm) from a recognized university; a Master’s degree in pharmacy or public health/supply chain management is preferred.,,"M,F,O","Job Circular No.:  20261006-017.3 Reports To:  Sr. Project Manager Research, Training and Management (RTM) International NGO working in the Cox’s Bazar to implement different projects supported by Government of Bangladesh, UNFPA, UNICEF and others development partners. To support the UNFPA funder project implementation, RTMI requires to fill up the vacancy for the position of Pharmacist. This position is responsible for the following tasks.      POSITION SUMMARY Under the direct supervision of the Senior Project Manager and in technical collaboration with UNFPA designated personnel, the Pharmacist shall lead inventory management, supply chain operations, and quality assurance of SRH medicine and medical supplies across all project-supported health facilities. The incumbent exercises direct supervisory oversight over the Storekeeper, general logistics/pharmacy supporting staff, and facility-level personnel responsible for inventory management. The Pharmacist is responsible for implementing effective stock control systems, supporting warehouse operations, supervising electronic inventory tracking (eLIMS/), conducting regular field monitoring, and building team capacity to ensure the uninterrupted availability and rational use of medicines. Key Responsibilities and duties: A. Supervisory and Leadership Responsibilities Directly lead and supervise, guide, and manage the Secondary Warehouse (RTMI-UNFPA NGO Level) day-to-day work performance of the Storekeeper, supporting staff, and facility-level personnel responsible for inventory management. Plan, assign, and monitor task execution for secondary warehouse and facility-based inventory personnel to maintain strict compliance with standard operating procedures. Conduct regular performance appraisals, on-the-job coaching, and technical mentorship for supervised staff to ensure high operational efficiency and accuracy. Ensure direct supervisees maintain disciplined stock handling, physical storage standards, timely documentation, and workplace safety protocol compliance. B. Supply Chain and Inventory Management Establish, maintain, and oversee a compliant pharmacy storage environment with dedicated areas for receiving, packing, and full inventory management in line with WHO Good Storage and Distribution Practices (GSP/GDP) (e.g., INN labeling, dosage, pharmaceutical form, expiry date, FEFO principle). Ensure the implementation of an uninterrupted, high-quality supply chain management system adhering to organizational and donor established standards. Conduct monthly physical stock counts, reconcile balances, and submit accurate stock reports to project management at the end of each month. Conduct comprehensive quarterly and end-of-project inventory checks, submitting formal audit reports to the Senior Project Manager as well as to Donor. Maintain and update up-to-date stock/bin cards, electronic files (Excel), stock-ledger, and the UNFPA electronic Inventory Management System (eLIMS / UNFPA      ). Oversee cold chain integrity and daily temperature monitoring of storerooms, refrigerators, and air conditioning units. Track and log medical equipment and medical asset movements between project bases and facilities. C. Order Reception, Processing, and Distribution Order Reception:  Receive, verify, and inspect incoming drugs and medical supplies for quantity, physical condition, and quality compliance; issue official acknowledgments of receipt; and register all items into physical and electronic inventory records. Order Preparation & Allocation:  Review field requests for clinical rationality, pack approved orders efficiently, update inventory records immediately upon stock movement, and distribute supplies to facilities in a timely manner. Financial Estimation:  Prepare estimated budget requirements for health facility needs based on historical consumption trends and clinical forecasts. D. Forecasting, Consumption Analysis, and Rational Use Analyze consumption data proactively to identify anomalies, calculate buffer stocks, project replenishment needs, and initiate timely procurement processes to prevent stock-outs. Alert project management and Donor immediately upon the utilization of buffer stocks or identification of unexpected usage trends. Participate in Forecasted Monthly Consumption (FMC) estimation meetings, providing data-driven inputs derived from standardized consumption tools. E. Field Monitoring, Technical Support, and Capacity Building        Conduct routine field monitoring visits across all RTMI-UNFPA health facilities (including Women Friendly Spaces and Multipurpose Centers) to evaluate inventory controls, facility-level store management, and general supply chain performance. Document and disseminate formal monitoring reports detailing field findings to RTMI project management and donor representatives to ensure staff accountability. Provide technical guidance, technical training, and capacity development to facility-based drug dispensers, midwives, supervisors, and storekeepers regarding storage practices, reporting accuracy, and the rational use of medicines. F. Inter-Departmental Coordination and Representation Maintain professional collaboration with internal departments, including Finance, Human Resources, Logistics, and medical teams. Represent the organization actively in internal operational meetings, technical working groups, and external coordination meetings with donor representatives. Support operational activities at the RTMI-UNFPA Primary Warehouse (WFP Ramu Hub) in accordance with donor requirements, working in close coordination with the Assistant Warehouse Officer.",1541927,Full Time,Pharmacist,,Cox`s Bazar (Ukhia),True,,"Oct 6, 2026",87106,67005,Tk. 67005 (Monthly),,1
"Age At least 28 years   At least 3 years job experience in the development field along with relevant experience Capacity in leadership, data and gap analysis  Excellent planning, analytical, organizational and decision-making skills Good working relationships with colleagues, actors and allies Excellent communication skills including written and spoken in English Conversant in common IT applications (MS word, MS PowerPoint, internet browsing & e-mail communications)  Report writing and documentation skills Excellent in rapport building and networking  Excellent verbal and written communication skill both in English and Bangla  Proficient in Computer Operations, MS Office Application including typing preferably in English and Bengali both E-mail & Internet.",At least 28 years,,,"If you are interested in this position and meet the required qualifications and experience, please apply online through Bdjobs by 12/10/2026. YPSA is an equal opportunity employer and is committed to child protection and the prevention of violence against women and girls. Only shortlisted candidates will be contacted. Any form of persuasion or lobbying will be considered grounds for disqualification. Smokers are discouraged from applying for this position. YPSA HUMAN RESOURCE MANAGEMENT AND DEVELOPMENT DEPARTMENT Emergency 0241388316 (Office time only)",,"House # F 10 (P), Road # 13, Block # B Chandgaon R/A, Chittagong - 4212","Young Power in Social Action (YPSA) , established in 1985 (International Youth Year) is an organization for sustainable development working in Dhaka Division, Sylhet Division, Chattogram Division including Chittagong Hill Tracts, Cox’s Bazar. YPSA has been implementing a project titled “Multi-sector recovery and empowerment support for crises affected communities in Cox's Bazar Activity” since 2020. The project is technical supported by International Rescue Committee (IRC).",Young Power in Social Action (YPSA),https://ypsa.org/,"Oct 12, 2026","Master’s degree in Statistics, Data Management, Management, Computer Science, Information and Informatic Science any subject from a recognized University",,"M,F,O","Young Power in Social Action (YPSA) <www.ypsa.org> is an organization for sustainable development, working in the greater Chattogram division including Hill Tracts (CHT) since 1985 (International Youth Year). YPSA is going to implement a project titled “SheFarms” at Chakaria and Mathamuhuri in Cox’s Bazar. The project will be implemented with fund from the Federal German Ministry of Economic Cooperation and Development (BMZ) and technical support from Plan International Bangladesh. Job Title: MEAL Officer Duration: 28 Months No. of Vacancy: 1 Job Description/Responsibilities: General Responsibilities Support the Plan International MERL Coordinator/Specialist in developing and operationalizing an effective MERL system covering both quantitative and qualitative approaches. Support the development and implementation of project monitoring tools, formats, guidelines, and systems to track project progress and results. Ensure effective implementation of monitoring tools by project staff and provide guidance on their proper use. Conduct regular field visits to observe project activities, assess progress, identify gaps, and recommend improvements. Provide timely monitoring information and analysis to the Project Coordinator to support effective project implementation and decision-making. Ensure timely completion of project deliverables through regular review, monitoring, and follow-up. Prepare regular MERL inputs and contribute to monthly, quarterly, annual, and donor reports. Contribute to learning and knowledge management by identifying, documenting, and disseminating evidence, lessons learned, gaps, and bottlenecks. Prepare case studies and other evidence-based materials for reporting, advocacy, learning, and communication purposes. Technical Responsibilities Develop and operationalize the SheFarms-specific gender-disaggregated M&E framework within 60 days of project commencement, covering all four sub-objectives and the revised impact matrix. Design, develop, and administer data collection tools using KoboToolbox/ODK for baseline, midterm, and endline surveys across the five target Unions. Track progress against the 14 impact matrix indicators, including group formation, CSA adoption, market linkages, and Association establishment milestones. Conduct regular data quality checks and field-level spot-checks to ensure the accuracy, completeness, consistency, and reliability of collected data. Supervise and provide technical guidance to community mobilizers and field staff on data collection during group sessions and other project activities. Train project staff on the use of monitoring tools, guidelines, data collection procedures, and qualitative and quantitative data management. Manage the Community Feedback and Response Mechanism (CFRM) data log and verify the status and resolution of complaints raised by female farmer groups. Develop and maintain project databases and data-entry templates in coordination with Plan International Bangladesh (PIB). Manage day-to-day data entry, cleaning, validation, analysis, and maintenance of project databases. Conduct periodic quantitative and qualitative data analysis and prepare findings, presentations, and analytical summaries for project review and decision-making. Prepare quarterly and annual M&E sections of donor reports, including indicator progress tables, analysis, and variance explanations. Facilitate bi-annual learning review workshops with project staff, farmer group leaders, and other relevant stakeholders. Ensure that monitoring findings and lessons learned are shared with relevant project staff and stakeholders to inform programme improvement. IT Competencies Proficient in KoboToolbox/ODK for digital data collection, form design, data management, and monitoring. Proficient in MS Excel for data entry, cleaning, analysis, database management, and reporting. Proficient in MS Word and MS PowerPoint for report writing, documentation, presentations, and dissemination of findings. Capable of maintaining electronic databases, data-entry templates, and organized digital records. Competent in using email, internet, and other common IT applications for communication, information management, and reporting. Able to generate tables, charts, summaries, and presentations from project data for management and stakeholder use. Other Responsibilities Maintain effective coordination and linkages with relevant government, NGO, civil society, Plan International, and other stakeholders. Support the Project Coordinator and program team by providing timely evidence and information for effective and efficient project implementation. Participate in relevant coordination, review, learning, and stakeholder meetings as required. Ensure confidentiality, responsible management, and appropriate use of project and beneficiary data. Support the dissemination of monitoring findings, lessons learned, and good practices among relevant stakeholders. Contribute to strengthening a culture of evidence-based learning, accountability, and continuous program improvement. Perform any other relevant duties assigned by the Project Coordinator or Management. Job Location: Chakaria and Mathamuhuri, Cox’s Bazar",1541859,Contractual,MEAL Officer,,Cox`s Bazar (Chakaria),True,,"Oct 6, 2026",82511,63470,Tk. 63470 (Monthly),,1
"Age At least 18 years   1-3 years’ experience in development sector with International or renowned  National NGOs Knowledge: Knowledge and experience of dealing with RRRC, CiC, and other Government Officials.  Knowledge of public relations.  Skill: Have excellent writing, reporting, and analytical skills.  Have excellent knowledge and skill in Office applications (MS Word, MS PowerPoint, MS Excel).  Have excellent typing skill both in Bengali and English.  Competencies: Pro-actively seeking new ways of improving relationship with stakeholders.   Have ability to overcome obstacles in internal and external relationship building.  Have ability to visit field offices, CiC offices, UNO offices and other Govt. Officials frequently and as required from Programme needs.  Have self-motivation, goal/result-orientation and team work.",At least 18 years,,,"Applications will be reviewed on rolling basis. BRAC believes that everyone we work with including our staff, programme participants, partners, and the communities have the right to be protected from all forms of harm, abuse, neglect, harassment, and exploitation including sexual exploitation and abuse (SEA). We uphold human dignity and inclusion for all, regardless of age, race, religion, gender, disability, ethnic origin, or socio-economic condition. We are an equal opportunity employer. We especially encourage those who have shown resilience—who have faced personal struggles, bounced back, and kept pushing forward—to apply. This position is open for Bangladeshi nationals only. BRAC does not charge any fees at any stage of the recruitment process.",,"BRAC
75 Mohakhali, Dhaka-1212, Bangladesh
","BRAC believes that everyone we work with—including our staff, programme participants, partners, and the communities we serve—has the right to be protected from all forms of harm, abuse, neglect, harassment, and exploitation, including sexual exploitation and abuse.

We uphold human dignity and inclusion for all, regardless of age, race, religion, gender, disability, ethnic origin, or socio-economic background. We are an equal opportunity employer. We especially encourage those who have shown resilience—who have faced personal struggles, bounced back, and continued to move forward—to apply.

Selected candidates will have to go through a rigorous reference and background checking process which may include police verification.",BRAC,,"Nov 5, 2026",Honors / Bachelor in Social Science/ Economics/ Management/ Marketing/ Public Administration/ Political Science/ Business Administration or any other relevant subject from UGC approved reputed institution.,,"M,F,O","BRAC is an international development organisation founded in Bangladesh in 1972 that partners globally with over 100 million people living with inequality and poverty to create opportunities to realise their potential. Working at BRAC is not like any other job. It is a platform where you can bring about real change for people who need it the most. We are not just dreaming of a better world; we are building it. Join us to find the way. Purpose: This position will execute school operation and supervise the field facilitator – Rohingya and Host Volunteers. This position will identify the operational risk factors proactively. This position will be the assist Deputy Project Manager to ensure the overall administrative management of the Programme and Coordinate with relevant authorities/donors in terms of administrative & logistics issues as per Project needs. Key Responsibilities: Operation on average 10 Adult learning centers in Camps with maintaining minimum standards with principles of andragogy. Execute accelerated adult learning operating plan and oversee logistics of centers and overall management. Guide and supervise the Field Facilitator including FDMN Facilitator, Assistant Facilitator, and Caregivers to teacher guide in class. Liaison with local community and stakeholders to represent BRAC appropriately. Sign and adhere to code of conduct, ensure PSEA and safeguarding in classrooms. Maintain deadline and develop different types of report – daily, weekly and monthly Ensure proper use of teaching learning materials in classroom and maintain stock position accordingly. Identify the operational risk factors of the programme proactively and address those issues properly. Take financial responsibilities to provide incentive to facilitators and also incentive for learners. Raise request to procure necessary materials for classroom conduction, ensure quality material receiving and also maintain stock and adequately use these materials Manage classrooms with tension mangament and oversee learning outcomes of lessons Follow community feedback and response mechanism in classrooms Take basic and also monthly refresher training for continuous development of the facilitators and Asst. facilitators (refugee and host) to develop capacity of AAL. Safeguarding Responsibilities: Ensure the safety of Programme Participants, people who come into contact with the organisation and team members from any harm, abuse, neglect, harassment and exploitation including sexual exploitation and abuse (SEA) to achieve the programme`s goals of safeguarding implementation. Act as a key source of support, guidance and expertise on safeguarding for establishing a safe working environment. Practice, promote and endorse the issues of safeguarding policy among team members and ensure the implementation of safeguarding standards in every course of action. Follow the safeguarding reporting procedure in case any reportable incident takes place and encourage others to do so",1541986,Contractual,"Project Officer, Food Security, Skills and Livelihood (FSSL), HCMP",Work at office,"Cox`s Bazar (Teknaf, Ukhia)",True,,"Oct 6, 2026",0,0,Negotiable,,--
"Age 20 to 30 years   Good working knowledge of office documentation. Strong organizational, coordination, and time-management skills. Good communication and interpersonal skills with a professional attitude. Ability to maintain records, prepare reports, and handle routine administrative tasks accurately. Ability to coordinate with employees, departments, vendors, and other stakeholders. Capable of supervising routine office activities and ensuring tasks are completed on time. Ability to work independently as well as effectively within a team. Good problem-solving skills, attention to detail, and ability to handle multiple tasks. Willingness to take responsibility and maintain confidentiality of company information.",20 to 30 years,,,,,"1/5 (3rd floor), Lalmatia, D-Block, Dhaka-1207","OUTSOURCING FIRM-Image Post Production, Graphic Design, Digital Marketing Agency",Offshore Information Technologies Ltd.,https://offshoreclipping.com/,"Nov 5, 2026",Diploma in Electrical Diploma in Electronics Higher Secondary,,"M,F,O","Monitor assistant and cleaner activities. Handle payment/recharge of electricity bills. Visit banks and markets as required. Follow up on basic maintenance related to AC, electrical equipment, plumbing issues and furniture. Monitor and maintain stationery stock. Escalate urgent issues to the Admin Department promptly. Requisition and expense invoice collection.",1541940,Full Time,Junior Administration Officer/Supervisor,Work at office,Dhaka (Lalmatia),True,,"Oct 6, 2026",0,0,Negotiable,"Flexibility and Adaptability,Multitasking,Negotiation and Conflict Resolution,Organized and Disciplined,Quick learner and hard working,Time Management",1
"Age 22 to 32 years Only Male   Excellent communication, negotiation and interpersonal skills. Strong customer relationship management capability. Target-oriented and result-driven mindset. Good knowledge of Microsoft Word, Excel and PowerPoint. Experience with CRM/ERP/Sales Management Software will be an advantage. Strong market development and business development capability. Willingness to travel within Dhaka and outside Dhaka as required. Ability to work independently as well as in a team. Candidates must be proactive, disciplined, responsible and customer-focused.",22 to 32 years,,,,,"Jahir Smart Tower, 205/1-205/1/A, West Kafrul, Begum Rokeya Sharani, Mirpur, Dhaka","IT Product Sales & Distribution, National Distributor of Huawei Mobile, Enterprise Solutions, Security & Surveillance, Software, Stationery Goods, Properties, Lenovo Mobile and Motorola Mobile etc",Smart Technologies (BD) Ltd,,"Oct 31, 2026",Bachelor of Business Administration (BBA) in Marketing,,M,"Achieve assigned monthly, quarterly and annual sales targets. Develop new customers, corporate clients, dealers and distribution partners. Maintain strong business relationships with existing customers and ensure repeat business. Conduct regular market visits and identify new business opportunities. Manage distributors/dealers and ensure effective market coverage and product availability. Generate sales leads through customer visits, calls, referrals and market activities. Prepare quotations, proposals and other sales-related documents. Follow up on quotations, purchase orders, deliveries and pending business opportunities. Coordinate with Accounts, Logistics, Warehouse, Customer Service and other relevant departments for smooth order execution. Follow up on customer payments and ensure timely collection of outstanding amounts. Monitor competitor activities, pricing, products and market trends. Handle customer queries and complaints professionally and ensure timely resolution. Maintain updated customer, prospect, distributor and sales records. Prepare daily/weekly/monthly sales reports and sales forecasts. Provide regular market intelligence and competitor information to management. Ensure compliance with company policies, sales procedures and approved commercial terms.",1541981,Full Time,Executive – Distribution / Corporate Sales,,Anywhere in Bangladesh,True,,"Oct 6, 2026",0,0,Negotiable,"Client Service/ Marketing,Relationship Management,Sales & Marketing,Sales Development",01
Age At least 20 years Only Male   অভিজ্ঞতা থাকলে অগ্রাধিকার দেওয়া হবে। অভিজ্ঞতা না থাকলেও আগ্রহী প্রার্থীরা আবেদন করতে পারবেন।,At least 20 years,,,,,"Plot 16, Road 34, Sector 07, Uttara, Dhaka-1230, Bangladesh","Car Repair BD is a trusted automotive service provider dedicated to delivering reliable, affordable, and high-quality car repair solutions across Bangladesh. Our skilled technicians handle everything from routine maintenance to complex diagnostics and repairs, ensuring your vehicle runs smoothly and",Car Repair BD,,"Oct 16, 2026",JSC / JDC / 8 pass PSC/5 pass,,M,বিভিন্ন ধরনের গাড়ি নিয়ম অনুযায়ী ধোয়া ও পরিষ্কার করা গাড়ির Exterior ও Interior পরিষ্কার করা গাড়ি পরিষ্কারের সরঞ্জাম সঠিকভাবে ব্যবহার করা গাড়ির প্রতি যত্নশীল থেকে মানসম্মত পরিষেবা নিশ্চিত করা কর্মস্থলের পরিচ্ছন্নতা ও শৃঙ্খলা বজায় রাখা,1541979,Full Time,গাড়ি ওয়াশ কর্মী,Work at office,Dhaka (Uttara Sector 7),True,,"Oct 6, 2026",0,0,Negotiable,,--
"Age At least 28 years   At least 4 years of professional experience in accounting and administrative functions, preferably with a reputed national or international NGO. Sound knowledge and practical skills in accounting, procurement, inventory management, VAT/Tax compliance and financial reporting. Adequate knowledge of and practical experience with accounting software. Proficiency in common IT applications, including MS Word, MS PowerPoint, internet browsing and email communication. Excellent interpersonal and communication skills, with the ability to establish and maintain effective working relationships with colleagues, partners and other stakeholders. Ability to prioritize tasks, work under pressure, meet deadlines and manage multiple tasks effectively.",At least 28 years,,,"If you are interested in this position and meet the required qualifications and experience, please apply online through Bdjobs by 12/10/2026. YPSA is an equal opportunity employer and is committed to child protection and the prevention of violence against women and girls. Only shortlisted candidates will be contacted. Any form of persuasion or lobbying will be considered grounds for disqualification. Smokers are discouraged from applying for this position. YPSA HUMAN RESOURCE MANAGEMENT AND DEVELOPMENT DEPARTMENT Emergency 0241388316 (Office time only)",,"House # F 10 (P), Road # 13, Block # B Chandgaon R/A, Chittagong - 4212","Young Power in Social Action (YPSA) , established in 1985 (International Youth Year) is an organization for sustainable development working in Dhaka Division, Sylhet Division, Chattogram Division including Chittagong Hill Tracts, Cox’s Bazar. YPSA has been implementing a project titled “Multi-sector recovery and empowerment support for crises affected communities in Cox's Bazar Activity” since 2020. The project is technical supported by International Rescue Committee (IRC).",Young Power in Social Action (YPSA),https://ypsa.org/,"Oct 12, 2026",Master’s Degree in Accounting/Finance; CACC candidates will get priority.,,"M,F,O","Young Power in Social Action (YPSA) <www.ypsa.org> is an organization for sustainable development, working in the greater Chattogram division including Hill Tracts (CHT) since 1985 (International Youth Year). YPSA is going to implement a project titled “SheFarms” at Chakaria and Mathamuhuri in Cox’s Bazar. The project will be implemented with fund from the Federal German Ministry of Economic Cooperation and Development (BMZ) and technical support from Plan International Bangladesh. Job Title: Finance and Admin Officer Duration: 28 Months No. of Vacancy: 1 Job Description/Responsibilities: General Responsibilities: Provide financial and administrative support to the Project Coordinator to ensure effective, efficient and compliant implementation of the SheFarms project. Ensure that project financial and administrative activities are carried out in accordance with the approved budget, YPSA policies and procedures, Plan International Bangladesh and BMZ requirements and applicable rules and regulations of Govt. Coordinate with the Project Coordinator, Finance Manager, Project Focal, HR/Admin and other relevant units to ensure timely financial and administrative support to project implementation. Ensure proper documentation, filing, confidentiality and safe custody of financial and administrative records. Provide orientation to the project team on documentation and procedures of expenditures. Core Project Execution Provide timely financial and administrative support for project activities, including meetings, trainings, workshops, events and other field-level activities. Review financial requirements of project activities and ensure that necessary arrangements are made within the approved budget and applicable procedures. Provide financial and administrative advice to the Project Coordinator and project team to facilitate smooth implementation of planned activities. Support the project team in ensuring value for money and efficient utilization of project resources. HR and Administrative Responsibilities Maintain project staff personnel files and ensure their proper security, confidentiality and updating. Maintain and consolidate staff leave records and provide relevant information for payroll and administrative purposes. Provide administrative support during recruitment, onboarding and orientation of project staff in accordance with YPSA policies and procedures. Prepare or facilitate payroll-related documents, including salary sheets and other required supporting documents, in coordination with the relevant Finance and HR/Admin personnel. Provide necessary administrative and logistical support to project staff and facilitate timely resolution of routine administrative matters. Monitoring, Documentation and Reporting Monitor project expenditures against approved budget lines and provide regular updates to the Project Coordinator and Finance Manager on budget utilization and potential variances. Maintain accurate and up-to-date financial records, ledgers and supporting documentation for all project transactions. Prepare monthly, quarterly, six-monthly, annual and other financial reports in accordance with the project reporting calendar and organizational/donor requirements. Prepare monthly bank reconciliation statements and ensure that discrepancies, if any, are identified and resolved promptly. Ensure that all financial transactions are properly supported by relevant documents and appropriately recorded and authorized. Support financial monitoring, audits, donor reviews and other compliance processes by providing required documents and information. Financial Management and Control Ensure that project expenditures are incurred in accordance with the approved budget and operational plan and that expenditure does not exceed approved allocations without proper authorization. Review and process payment documents, including petty cash requisitions, cheques, vouchers and other financial documents, in accordance with YPSA's financial policies, procedures and Delegation of Authority (DOA) outlined in the YPSA Financial Policy and Procedure Manual, and YPSA Procurement Policy. Prepare and post appropriate accounting entries, including debit, credit, transfer and journal vouchers, with complete supporting documentation and required authorization. Maintain proper custody and control of project cash, cheque books and financial records in accordance with established financial control procedures. Ensure timely processing and payment of applicable Tax and VAT related to project transactions, as required. Monitor budget utilization and advise the Project Coordinator and Finance Manager on significant variances, emerging financial risks or required budget adjustments. Support the preparation and revision of project budgets by providing accurate financial information and inputs. Procurement, Inventory and Asset Management Review procurement requests and supporting documents to ensure compliance with the approved budget and YPSA procurement policies and procedures. Ensure that required quotations, comparative statements, purchase/work orders, purchase committee documentation and other procurement records are properly prepared and maintained, as applicable. Ensure that procured stock items are properly documented and recorded in the relevant stock/inventory registers. Maintain and update the project fixed asset register and coordinate periodic physical verification of assets in accordance with YPSA procedures. Ensure that project assets are appropriately tagged/numbered, recorded and properly maintained. Other Responsibilities Participate in project meetings, reviews, trainings, workshops, audits and other relevant events as required. Maintain effective coordination with relevant YPSA departments and project stakeholders on financial and administrative matters. Perform any other relevant duties assigned by the Project Coordinator, Finance Manager or management in accordance with the position's responsibilities. Job Location: Chakaria and Mathamuhuri, Cox’s Bazar",1541866,Full Time,Finance and Admin Officer,,Cox`s Bazar,True,,"Oct 6, 2026",82511,63470,Tk. 63470 (Monthly),,1
"Age At least 20 years   1-3 years of experience in short-video social media, content planning or related work Practical experience creating for Facebook, Tiktok, Youtube ,Instagram, or similar platform Ability to independently prepare monthly content plans ability to independently write short video scripts and interviews outlines Good Understanding of short-film content structure, including hook→  Content→  Story/Conflict→  CTA Good English And Bangla writing and communication skills Working Level English communication skills Creating thinking and strong understanding of social-media trends Must provide a portfolio or genuine examples of previous of content work",At least 20 years,,,,,"Lotus kamal tower two, 9th floor, Gulshan 1, Dhaka 1212","Toppay Services Limited is a registered telecommunications company offering services like mobile data, cable subscriptions, electricity bill payments, and airtime top-ups. The company``s primary business activities are classified as information technology consultancy and other related activities.",Toppay Services Limited,,"Nov 5, 2026",Bachelor/Honors,,"M,F,O","▪ To Develop monthly and weekly content plans for TOPPAY's social media channels. ▪ To Create content concepts for Facebook, TikTok, YouTube, Instagram, and other digital platforms. ▪ To Write short-video scripts, reels scripts, interview questions, and street-interview outlines. ▪ To Develop content based on the structure of Hook → Content → Story/Conflict → CTA. ▪ To Generate creative ideas for product promotions, customer stories, shop-owner interviews, campaigns, and brand awareness. ▪ To Coordinate with the videographer, presenter, and video editor to ensure smooth content production. ▪ To Monitor social-media trends and suggest relevant content opportunities. ▪ To Adapt content according to TOPPAY's brand guidelines and communication objectives. ▪ To Review published content and provide ideas for improving engagement and performance. ▪ To Write captions for social medias, website ▪ Replying in social media messages",1541925,Full Time,Content Planner / Scriptwriter,Work at office,Dhaka (GULSHAN 1),True,,"Oct 6, 2026",0,0,Negotiable,"Brand Promotion,Content Creation,Digital Marketing",1
Age At least 21 years Only Male   Competencies Analytical Thinking & Problem Solving Communication Skills Negotiation & Influencing Relationship Management Market Awareness Attention to Detail Planning & Organizing Learning Agility Result Orientation Integrity & Accountability Willingness to Travel Randomly Market Visit,At least 21 years,,,,,"198 Bir Uttam Mir Shawkat Sarak, Dhaka 1208",Akij Resources Limited also known as ARL was founded in April 2020 with a mission to ensure best quality products and services to the customers through continuous improvement that benefits society and environment.,Akij Resources,,"Oct 14, 2026","Bachelor of Architecture (B.Arch) in Business Administration, Supply Chain Management",,M,"Assist in identifying and developing reliable sources for  paddy and rice procurement . Monitor daily  paddy and rice market prices, availability, seasonal trends, and supply conditions . Collect market information from farmers, traders, aratdars, suppliers, and rice millers and report relevant updates to management. Support the development and maintenance of a reliable  supplier database . Assist in negotiating purchase prices and commercial terms with suppliers under the guidance of the procurement team. Visit procurement markets, suppliers, rice mills, and sourcing locations to gather market and supplier information. Assist in assessing paddy and rice quality based on established specifications, including  moisture, grain quality, impurities, broken percentage, variety, and other relevant parameters . Coordinate with Quality Control, Production, Warehouse, Logistics, and Finance teams for smooth procurement and delivery. Follow up with suppliers regarding  purchase orders, quantities, quality, delivery schedules, and documentation . Maintain accurate records of supplier information, market prices, procurement quantities, purchase rates, and delivery status. Assist in preparing daily, weekly, and monthly  procurement and market analysis reports . Compare supplier quotations and market prices to support cost-effective procurement decisions. Monitor supplier performance and report issues related to quality, quantity, pricing, or delivery. Support the procurement team in identifying new suppliers and alternative sourcing opportunities. Ensure all procurement-related activities and documentation comply with company policies and approved procedures.",1541958,Full Time,Assistant Officer/Officer – Paddy & Rice Procurement,Work at office,"Bogura, Chapainawabganj, Dinajpur",True,,"Oct 6, 2026",25000,15000,Tk. 15000 - 25000 (Monthly),"Data Management,Market Knowledge,Paddy Purchasing,Paddy sourcing,Procurement,Purchase and Procurement,Raw Materials Sourcing,Strategic Decision Making,Supplier Management,Supply Chain Management",--
"Age At least 28 years   At least 3 years of professional experience in accounting and administrative functions, preferably with a reputed national or international NGO. Sound knowledge and practical skills in accounting, procurement, inventory management, VAT/Tax compliance and financial reporting. Adequate knowledge of and practical experience with accounting software. Proficiency in common IT applications, including MS Word, MS PowerPoint, internet browsing and email communication. Excellent interpersonal and communication skills, with the ability to establish and maintain effective working relationships with colleagues, partners and other stakeholders. Ability to prioritize tasks, work under pressure, meet deadlines and manage multiple tasks effectively.",At least 28 years,,,"If you are interested in this position and meet the required qualifications and experience, please apply online through Bdjobs by 12/10/2026. YPSA is an equal opportunity employer and is committed to child protection and the prevention of violence against women and girls. Only shortlisted candidates will be contacted. Any form of persuasion or lobbying will be considered grounds for disqualification. Smokers are discouraged from applying for this position. YPSA HUMAN RESOURCE MANAGEMENT AND DEVELOPMENT DEPARTMENT Emergency 0241388316 (Office time only)",,"House # F 10 (P), Road # 13, Block # B Chandgaon R/A, Chittagong - 4212","Young Power in Social Action (YPSA) , established in 1985 (International Youth Year) is an organization for sustainable development working in Dhaka Division, Sylhet Division, Chattogram Division including Chittagong Hill Tracts, Cox’s Bazar. YPSA has been implementing a project titled “Multi-sector recovery and empowerment support for crises affected communities in Cox's Bazar Activity” since 2020. The project is technical supported by International Rescue Committee (IRC).",Young Power in Social Action (YPSA),https://ypsa.org/,"Oct 12, 2026",Master’s Degree in Accounting/Finance from a recognised university,,"M,F,O","Young Power in Social Action (YPSA) <www.ypsa.org> is an organization for sustainable development, working in the greater Chattogram division including Hill Tracts (CHT) since 1985 (International Youth Year). YPSA is going to implement a project titled “SheFarms” at Chakaria and Mathamuhuri in Cox’s Bazar. The project will be implemented with fund from the Federal German Ministry of Economic Cooperation and Development (BMZ) and technical support from Plan International Bangladesh. Job Title: Finance and Admin Assistant Duration: 28 Months No. of Vacancy: 1 Job Description/Responsibilities: General Responsibilities Support the Finance and Admin Officer in day-to-day financial and administrative activities of the SheFarms project. Support recording and documentation of project-related financial transactions in accordance with YPSA financial policies and procedures. Ensure timely, accurate, and complete filing of financial and administrative documents. Support project field teams with finance and administrative matters related to implementation of activities. Maintain confidentiality and proper custody of financial, personnel, and administrative records. Support compliance with approved budgets, financial procedures, documentation requirements, and internal controls. Provide necessary financial and administrative information to the Finance and Admin Officer for monitoring, reporting, and decision-making. Technical Responsibilities in Finance and Financial Documentation Support day-to-day recording of SheFarms field-level transactions, including Community Mobilizer per diems and Union-level meeting expenses. Prepare, check, and file payment vouchers, bills, receipts, attendance sheets, and other supporting documents for field activities. Maintain complete financial documentation for activities implemented across the five target Unions, including demonstration plots, courtyard sessions, Farmer Field Days, trainings, and meetings. Support verification of expenditure documents against approved budgets, activity plans, and applicable financial procedures. Assist in preparing financial summaries and transaction information for project monitoring and reporting. Support reconciliation and follow-up of field-level advances and liquidations, as assigned by the Finance and Admin Officer. Ensure proper filing and retrieval of financial documents for internal review, audit, and donor compliance. Administrative and Logistics Support Support logistics arrangements for SheFarms events, including Multi-Stakeholder Coordination Committee meetings, quarterly progress reviews, trainings, workshops, and other project events. Coordinate with field staff and relevant service providers to ensure timely availability of venues, materials, refreshments, transportation, and other logistical requirements. Maintain the SheFarms asset register for project-procured equipment and materials, including demonstration plot tools and training materials. Support physical verification, tagging, custody, and documentation of project assets as required. Maintain inventory records and support proper management of project supplies and materials. Maintain attendance and leave records of the Chakaria-based SheFarms field team and submit relevant information to the Finance and Admin Officer. Support preparation and maintenance of administrative records, correspondence, and other project documents. IT Competencies Proficient in MS Excel for financial records, transaction tracking, attendance, leave, inventory, and asset records. Proficient in MS Word and PowerPoint for preparation of administrative documents and presentations. Able to use email, internet, and other common IT applications for communication and documentation. Ability to maintain electronic databases, spreadsheets, and organised digital filing systems. Ability to prepare basic financial and administrative tables, summaries, and reports using relevant IT applications. Others Maintain effective working relationships with project staff, field teams, vendors, service providers, and relevant stakeholders. Support timely communication between the project field team and Finance and Admin Officer on financial, administrative, and logistical matters. Ensure proper handling and confidentiality of financial, personnel, and project information. Support internal monitoring, audit, verification, and compliance processes as required. Assist in maintaining an organized and efficient office and field-level administrative system. Follow YPSA policies, procedures, financial controls, safeguarding requirements, and other applicable organizational standards as well as of Plan International Bangladesh, BMZ and Govt. rules. Perform any other finance and administrative duties assigned by the Finance and Admin Officer or Project Coordinator. Job Location: Chakaria and Mathamuhuri, Cox’s Bazar",1541870,Contractual,Finance and Admin Assistant,Work at office,Cox`s Bazar,True,,"Oct 6, 2026",59215,45550,Tk. 45550 (Monthly),,1
Age 18 to 30 years Only Female   নিজের ল্যাপটপ থাকলে অগ্রাধিকার থাকবে,18 to 30 years,,,,,"Rupayan P & F Square, 65/5/E, Shagufta, Beside Of Mirpur DOSH, Mirpur Dhaka 1216","Classfun Stationery is a leading stationery brand in Bangladesh, offering high-quality, affordable paper products for businesses, students, and educational institutions. Specializing in a range of notebooks, including spiral and ruled formats, Class Fun Stationery uses top-grade materials like 55 GSM paper. Their mission is to make premium stationery accessible to everyone, ensuring satisfaction with every product. With a focus on value, quality, and innovation, they aim to support productivity and learning across the country.""",Classfun Stationery,www.classfunstationery.com,"Oct 16, 2026",Higher Secondary,,F,ফোনের মাধ্যমে সম্ভাব্য কাস্টমারের সাথে যোগাযোগ করে পণ্য বিক্রয় করা নতুন কাস্টমার তৈরি ও নিয়মিত ফলোআপ করা দৈনিক ও মাসিক সেলস টার্গেট অর্জন করা কাস্টমারের প্রয়োজন অনুযায়ী পণ্য সম্পর্কে তথ্য প্রদান করা নিয়মিত Sales Report প্রদান করা,1541770,Full Time,Telesales Executive,Work at office,Dhaka (Uttara Sector 12),True,,"Oct 6, 2026",13000,10000,Tk. 10000 (Monthly),"Customer Service,Telesales ",5
"Age 20 to 30 years   1–3 years of professional experience in UI/UX design. Strong knowledge of Figma. Good understanding of UX principles, user flows, wireframing, and prototyping. Strong knowledge of responsive web design. Good understanding of typography, color theory, spacing, layout, and visual hierarchy. Experience designing websites and landing pages. Ability to understand project requirements and work independently. Strong attention to detail and problem-solving skills. Good communication and teamwork skills. A strong portfolio demonstrating previous UI/UX projects.",20 to 30 years,,,,,"152/10/A Green Road, New Market, Kalabagan, Dhaka-1205","Welcome to Webzenova Digital Solutions! We are a dynamic and result-driven digital agency dedicated to helping businesses grow with professional SEO, Web Design, and Digital Marketing solutions. Based in Dhaka, our mission is to empower brands to maximize their online presence, reach more customers, and achieve sustainable growth through innovative, data-driven strategies.

Our Core Expertise:

- SEO Optimization: We implement advanced on-page, off-page, and technical SEO strategies to help our clients achieve higher rankings and drive organic traffic.

- Web Design & Development: We craft modern, responsive, and user-friendly websites designed to convert visitors into loyal customers.

- Digital Marketing: From performance marketing to social media strategies, we build comprehensive campaigns that deliver real ROI.

Why Join Our Team?

At Webzenova, we believe our people are the driving force behind our success. We foster a collaborative, fast-paced, and creative work environment where innovation is celebrated. When you join us, you will have the opportunity to work on exciting projects, develop your skills, and make a tangible impact on the success of businesses globally.

We are always on the lookout for passionate digital marketers, SEO specialists, web developers, and creative minds who are eager to learn, grow, and build the digital future with us.

Grow your career while helping businesses grow online. Join us today!",WebZenova,,"Oct 31, 2026",Bachelor/Honors,,"M,F,O","Webzenova  is looking for a creative and detail-oriented  UI/UX Designer  to join our team. The ideal candidate should have a strong understanding of user experience, modern web design principles, and the ability to transform ideas into clean, attractive, and user-friendly digital experiences. You will work closely with our development, sales, and project teams to design websites and digital interfaces that are visually appealing, functional, responsive, and aligned with client requirements. Responsibilities Design modern, clean, and user-friendly website interfaces. Create wireframes, prototypes, mockups, and high-fidelity UI designs. Develop responsive designs for desktop, tablet, and mobile devices. Understand client requirements and convert them into effective UI/UX solutions. Conduct basic user research and competitor analysis when required. Maintain consistency in typography, colors, spacing, components, and overall design systems. Collaborate with developers to ensure accurate implementation of designs. Review implemented designs and provide feedback for improvements. Create landing pages, business websites, dashboards, and other digital interfaces. Make design revisions based on client and project requirements. Stay updated with modern UI/UX trends, tools, and best practices",1541309,Full Time,UI/UX Designer,,"Dhaka, Dhaka (Green Road, PanthaPath)",True,,"Oct 6, 2026",30000,20000,Tk. 20000 - 30000 (Monthly),"Adobe Illustrator and Adobe Photoshop,Figma,figma to wordpess,Landing Page Design,Mobile Application Design,UX and UI Designing",5
"Age At least 29 years   At least 3 years of relevant professional experience in Climate Smart Agriculture, economic empowerment or related development programs. Strong training and workshop facilitation skills  Strong technical, analytical, planning, organizational, and problem-solving skills, including the ability to conduct market and gap analysis. Demonstrated capacity to plan, coordinate, implement, and monitor livelihood, skills development, and economic empowerment activities. Sound understanding of agriculture-based livelihoods, climate-smart agriculture, entrepreneurship, market linkages, employment, and skills development. Experience working in South Chattogram or Cox’s Bazar is preferred; familiarity with the local context and ability to communicate in the local dialect will be an advantage. Strong leadership, facilitation, networking, and partnership-building skills with government departments, private-sector actors, service providers, and other stakeholders. Excellent communication and interpersonal skills, with the ability to establish and maintain effective working relationships. Strong report writing, documentation, data management, and analytical skills. Excellent command of written and spoken English and Bangla. Proficient in MS Office applications, particularly MS Word, MS Excel, and MS PowerPoint, as well as email and internet applications. Ability to work effectively both independently and as part of a multidisciplinary team, with demonstrated commitment to quality, accountability, and timely delivery.",At least 29 years,,,"If you are interested in this position and meet the required qualifications and experience, please apply online through Bdjobs by 12/10/2026. YPSA is an equal opportunity employer and is committed to child protection and the prevention of violence against women and girls. Only shortlisted candidates will be contacted. Any form of persuasion or lobbying will be considered grounds for disqualification. Smokers are discouraged from applying for this position. YPSA HUMAN RESOURCE MANAGEMENT AND DEVELOPMENT DEPARTMENT Emergency 0241388316 (Office time only)",,"House # F 10 (P), Road # 13, Block # B Chandgaon R/A, Chittagong - 4212","Young Power in Social Action (YPSA) , established in 1985 (International Youth Year) is an organization for sustainable development working in Dhaka Division, Sylhet Division, Chattogram Division including Chittagong Hill Tracts, Cox’s Bazar. YPSA has been implementing a project titled “Multi-sector recovery and empowerment support for crises affected communities in Cox's Bazar Activity” since 2020. The project is technical supported by International Rescue Committee (IRC).",Young Power in Social Action (YPSA),https://ypsa.org/,"Oct 12, 2026",B.Sc.Ag (Honors) from a recognized University or B.Ag.Ed (Agriculture education) with 3-4 years of experience,,"M,F,O","Young Power in Social Action (YPSA) <www.ypsa.org> is an organization for sustainable development, working in the greater Chattogram division including Hill Tracts (CHT) since 1985 (International Youth Year). YPSA is going to implement a project titled “SheFarms” at Chakaria and Mathamuhuri in Cox’s Bazar. The project will be implemented with fund from the Federal German Ministry of Economic Cooperation and Development (BMZ) and technical support from Plan International Bangladesh. Job Title: Technical Officer (Livelihood) Duration: 28 Months No. of Vacancy: 1 Job Description/Responsibilities: General Responsibilities Plan, implement, monitor, and report on livelihood and economic empowerment activities for targeted young women and youth. Ensure timely and quality implementation of project activities in line with approved plans, standards, policies, and sustainability requirements. Provide technical and operational support to project staff and beneficiaries based on identified needs. Facilitate training, workshops, seminars, and other capacity-building activities for beneficiaries and stakeholders. Monitor the project context and provide timely updates and recommendations to the Project Coordinator. Collect, analyze, document, and share monitoring findings, best practices, and lessons learned. Promote sustainability by strengthening the capacity of beneficiaries and relevant service providers. Technical Responsibilities Lead the design and delivery of Climate-Smart Agriculture (CSA) training in collaboration with DAE, DLS, and DoF. Provide technical oversight of demonstration plots in five target Unions, including selection of hazard-appropriate seed varieties. Train and mentor 20 Lead Farmers through a three-day ToT and provide ongoing technical backstopping. Support the design and implementation of 50 women’s agri-enterprise start-up packages under Activities 1.1.5 and  1.2.1. Monitor CSA adoption among 1,500 trained female farmers and verify the application of at least two CSA practices under Indicator  1.2. Coordinate with DAE SAAOs on Farmer Field Days and demonstration plot management. Conduct market assessments to identify viable and market-oriented livelihood opportunities for youth and young adults. Facilitate the development of IAPs, FDPs, and BDPs based on market analysis and individual needs. Organize and facilitate work-readiness, vocational, and skills development training for targeted youth. Facilitate access to decent employment, entrepreneurship, apprenticeships, and other livelihood opportunities. Facilitate appropriate cash/in-kind start-up support and linkages with private-sector apprenticeship opportunities. Establish linkages with government departments and relevant service providers for training, employment, and livelihood opportunities. Develop and maintain partnerships and a local resource map of relevant skills development, employment, and livelihood service providers. Provide technical inputs to project planning, implementation, monitoring, and review of livelihood-related interventions. Administrative and Reporting Responsibilities Prepare periodic, quarterly, and annual progress reports on assigned project components. Maintain accurate records, databases, beneficiary information, monitoring data, and supporting documents. Track progress against approved work plans, targets, indicators, and timelines and report deviations promptly. Support the preparation of activity plans, budgets, procurement requirements, and other project documents. Ensure efficient use of project resources in accordance with approved budgets, procedures, and value-for-money principles. Ensure proper documentation of trainings, field activities, beneficiary support, and other project interventions. Contribute to project updates, success stories, case studies, and learning and communication materials. Maintain project records systematically for monitoring, review, audit, and reporting purposes. Other Responsibilities Represent YPSA and Plan International in relevant local coordination platforms, networks, meetings, and forums. Maintain effective relationships with government agencies, private-sector actors, service providers, community institutions, and development partners. Support organizational visibility, partnership development, and opportunities for scaling up relevant interventions. Maintain regular coordination with DAE, DLS, DoF, and other relevant technical and skills development service providers. Facilitate stakeholder coordination to strengthen market linkages, employment, apprenticeship, entrepreneurship, and sustainable livelihood opportunities. Perform any other relevant duties assigned by the supervisor or Project Coordinator. Job Location: Chakaria and Mathamuhuri, Cox’s Bazar",1541878,Contractual,Technical Officer (Livelihood),,Cox`s Bazar,True,,"Oct 6, 2026",82511,63470,Tk. 63470 (Monthly),,1
"Age 19 to 28 years Only Male   Good computer skills and knowledge of MS Excel. Experience with website product uploads and e-commerce operations is preferred. Knowledge of inventory and stock management systems. Basic IT troubleshooting skills.Good communication, customer service, and organizational skills. Honest, punctual, detail-oriented, and willing to learn. Previous experience in retail, watches, or e-commerce will be an advantage.",19 to 28 years,,,,,"N.I. Tower, Level 2, House 01, Road 10, Block E, Banani, Dhaka-1213, Bangladesh",,Watch Zone,https://watchzonebd.com/,"Oct 16, 2026",Higher Secondary Bachelor/Honors,,M,"Sales Responsibilities Welcome and assist customers in the showroom. Explain watch features, prices, and product details. Handle customer inquiries and provide excellent customer service. Maintain product displays and showroom cleanliness. Prepare sales records and assist with daily sales reporting. IT & Technical Responsibilities Upload new products to the company website with photos, prices, descriptions, and specifications. Update product information, prices, and availability. Process and confirm online orders. Coordinate with delivery services and follow up on order status. Handle basic customer inquiries from online sales channels. Maintain accurate stock records for showroom and online products. Update inventory when products are sold, received, or returned. Monitor stock availability and identify low-stock items. Coordinate stock transfers and assist with regular stock counting. Ensure website stock availability matches actual inventory.",1541975,Full Time,Sales & IT Executive – Watch Showroom (Banani),Work at office,Dhaka (Banani),True,,"Oct 6, 2026",0,0,Negotiable,"Communication,Ecommerce,Ecommerce website,Sales & Marketing,Sales Target Achievement,Salesman,shopping mall",1
"Age At least 20 years   Minimum 1 year of experience in Customer Care or Telesales. Freshers with strong technical knowledge and communication skills may also apply. Candidates must have a long-term work mentality and be willing to commit to a minimum 3-year employment period. Basic understanding of boilers and industrial machinery. Proficiency in MS Office (Excel, Word, PowerPoint). Strong communication, negotiation, and customer-handling skills. Smart, confident, polite, and presentable personality. Ability to work independently and visit client locations when required.",At least 20 years,,,"Candidates must bring the following documents to the interview: Updated Biodata/CV 2 copies of recent passport-size photographs Photocopy of National Identity Card (NID) Photocopies of all educational certificates Experience certificate(s), if applicable",,"House-526,Road-07,Avenue- 05, (Mirpur-DOHS)",,Alif Boiler,www.alifboiler.com,"Nov 5, 2026",Diploma in Engineering or a related field.,,"M,F,O",Handle customer calls and provide information about company products and services. Communicate with new and existing customers professionally. Follow up with potential customers through telephone calls. Promote company products and generate sales leads through telesales. Maintain regular communication and good relationships with customers. Prepare and maintain customer and call records. Coordinate with the sales and service team when required.,1541973,Full Time,Customer Care & Telesales Executive,,Dhaka (Mirpur12),True,,"Oct 6, 2026",16000,12000,Tk. 12000 - 16000 (Monthly),,--
Age At most 35 years   উল্লেখ্য নিজেরা করি’র নিজস্ব ব্যবস্থাপনায় মাঠ পর্যায়ে অবস্থান করে দরিদ্র ও অধিকার বঞ্চিত জনগোষ্ঠীকে সচেতন করা এবং অধিকার আদায়ের কার্যক্রম পরিচালনার মানসিকতা থাকতে হবে।,At most 35 years,,"আগ্রহী প্রার্থীদের আগামী ৩১ অক্টোবর ২০২৬ তারিখের মধ্যে দু`কপি ছবি, মোবাইল নম্বর উল্লেখপূর্বক জীবন বৃত্তান্ত, শিক্ষাগত যোগ্যতার সত্যায়িত সনদপত্র ও জাতীয় পরিচয়পত্রের অনুলিপিসহ সংস্থার  সমন্বয়কারী বরাবর নিজেরা করি, ৭/৮, ব্লক-সি, লালমাটিয়া, ঢাকা-১২০৭  এই ঠিকানায় আবেদন পত্র পাঠাতে অনুরোধ করা হলো।","আবেদনের ক্ষেত্রে রাজশাহী বিভাগের গাইবান্ধা জেলার সাঘাটা এবং সুন্দরগঞ্জ উপজেলা, দিনাজপুর জেলার খানসামা উপজেলা, রংপুর জেলার মিঠাপুকুর উপজেলা এবং খুলনা বিভাগের খুলনা জেলার পাইকগাছা, বটিয়াঘাটা ও ডুমুরিয়া উপজেলা  ব্যতীত  বাংলাদেশের অন্যান্য যে কোন উপজেলা থেকে আগ্রহী প্রার্থীর নিকট থেকে আবেদনপত্র আহবান করা যাচ্ছে।",,"7/8 Block C, Lalmatia, Dhaka – 1207",,Nijera Kori.,,"Oct 31, 2026",ন্যূনতম স্নাতক/স্নাতকোত্তর।,,"M,F,O",নিজেরা করি জাতীয় পর্যায়ের একটি উন্নয়ন সংস্থা যা গত চারদশক যাবত দরিদ্র ও অধিকার বঞ্চিত নারী-পুরুষের অধিকার আদায়ে মাঠ পর্যায়ে কাজ করে আসছে। ‘নিজেরা করি` সংস্থায় কিছু সংখ্যক কর্মী নিয়োগ করা হবে।,1541972,Full Time,কর্মসূচী সংগঠক,,Anywhere in Bangladesh,False,,"Oct 6, 2026",0,0,--,,--
"Age At least 30 years   At least 3 years of professional software development experience, including substantial hands-on work with Python and production web applications. Strong experience with Python 3, Django (including Django REST Framework) or FastAPI, REST API design, SQL and a relational database such as PostgreSQL or MySQL. Practical experience with Git, automated testing, Linux-based environments and deploying or maintaining live applications. Experience in system design, troubleshooting, code review and supporting other developers. Skills and Competencies Ability to turn complex operational requirements into simple, dependable software. Sound judgment on application security, data privacy, performance and maintainability. Experience with Docker, cloud platforms, background task queues, front-end integration or data-intensive applications will be an advantage. Working knowledge of Node.js, TypeScript and NestJS will be an added advantage.",At least 30 years,Send your CV to the given email office@decent-act.com,,Interested candidates should submit a CV (maximum four pages) and a brief cover letter (maximum one page). Please include the names and contact details of two professional references. Please email your application Subject Line : Application for Senior Software Developer (Python) - [Your Name] Application Deadline : 12 October 2026 (Monday) Preference will be given to candidates based in Chattogram. Only shortlisted candidates will be contacted. Decent Act International does not charge any fee at any stage of the recruitment process.,,"F Haque Tower, Level 7, 107 Bir Uttam C R Datta Road, Dhaka 1205","Decent Act International is a specialize IT consulting, ERP Implementation and System Integration Company providing solutions and advisory service to Manufacturing, Distribution and Retails Sectors.

Our industry leading expertise and wealth of experience in consulting, planning, systems integration and infrastructure management, enables us to deliver innovative, results-driven solutions to corporate clients in different sector of industries.

We work with our clients to build effective relationships that lead to long-term strategic partnerships.",Decent Act Internaitonal,,"Oct 12, 2026","Bachelor of Science (BSc) in Computer Science, Information Technology At least a Bachelor’s degree in Computer Science, Software Engineering, Information Technology or a related field; substantial equivalent professional experience may be considered.",,"M,F,O","Company Overview: Decent Act International develops practical digital solutions for organisations and businesses. We are looking for a Senior Software Developer (Python) to join our team in Chattogram and help build secure, reliable applications that meet real user needs. Position Overview The Senior Software Developer (Python) will lead the design, development and maintenance of web applications and APIs. This is a hands-on role covering technical design, implementation, testing, deployment and code review. The developer will work with product and business colleagues to clarify requirements, deliver valuable features and mentor other developers. Key Responsibilities Application Development Design, develop and maintain Python-based web applications, APIs and background tasks using frameworks such as Django, Django REST Framework (DRF) or FastAPI. Contribute to secure, maintainable backend modules and REST APIs built with Node.js, TypeScript and NestJS where projects require it. Translate user requirements into clear technical designs, delivery estimates and maintainable code. Design and optimise relational databases, write efficient queries and manage schema migrations safely. Integrate applications with approved third-party services and build clear, well-documented interfaces between systems (e.g. OpenAPI/Swagger). Quality, Security and Deployment Write meaningful automated tests (e.g. with pytest), review code and resolve defects, performance issues and production incidents. Apply secure development practices in line with OWASP guidelines, including access control, input validation, protection of sensitive data and careful management of secrets. Use Git, CI/CD pipelines (e.g. GitHub Actions or GitLab CI), containers (Docker) and deployment tools to release and monitor applications in collaboration with relevant colleagues or vendors. Maintain technical documentation, deployment instructions and clear records of major changes. Collaboration and Technical Leadership Work with product owners, designers, clients and business colleagues to prioritise features and improve usability. Guide junior developers through technical feedback, code review and practical mentoring. Communicate progress, risks and trade-offs clearly; help the team choose solutions that can be maintained over time.",1540895,Full Time,Senior Software Developer- Python,Work at office,Chattogram,True,,"Oct 4, 2026",0,0,Negotiable,,2
"Age At least 28 years   1–3 years of professional software development experience, including hands-on work with Python on web applications. Working experience with Django (including Django REST Framework) or FastAPI, REST APIs, SQL and a relational database such as PostgreSQL or MySQL. Practical experience with Git, writing automated tests and working in Linux-based environments. Good understanding of object-oriented programming, data structures and core web concepts such as HTTP, JSON and authentication. Skills and Competencies Clear, logical approach to problem-solving and debugging. Willingness to learn, accept feedback and follow team coding standards. Ability to manage assigned tasks and meet deadlines, both independently and as part of a team. Good written and spoken communication skills in English. Experience with Docker, cloud platforms (e.g. AWS, Azure or GCP), background task queues (e.g. Celery with Redis) or front-end integration (HTML, CSS, JavaScript) will be an advantage. Working knowledge of Node.js, TypeScript and NestJS will be an added advantage.",At least 28 years,Send your CV to the given email office@decent-act.com,,Interested candidates should submit a CV (maximum four pages) and a brief cover letter (maximum one page). Please include the names and contact details of two professional references. Links to a GitHub profile or relevant project work are encouraged. Please email your application Subject Line:  Application for Software Developer (Python) - [Your Name] Application Deadline : 12 October 2026 (Monday) Preference will be given to candidates based in Chattogram. Only shortlisted candidates will be contacted. Decent Act International does not charge any fee at any stage of the recruitment process.,,"F Haque Tower, Level 7, 107 Bir Uttam C R Datta Road, Dhaka 1205","Decent Act International is a specialize IT consulting, ERP Implementation and System Integration Company providing solutions and advisory service to Manufacturing, Distribution and Retails Sectors.

Our industry leading expertise and wealth of experience in consulting, planning, systems integration and infrastructure management, enables us to deliver innovative, results-driven solutions to corporate clients in different sector of industries.

We work with our clients to build effective relationships that lead to long-term strategic partnerships.",Decent Act Internaitonal,,"Oct 12, 2026","Bachelor of Science (BSc) in Computer Science, Information Technology At least a Bachelor’s degree in Computer Science, Software Engineering, Information Technology or a related field.",,"M,F,O","Company Overview Decent Act International develops practical digital solutions for organisations and businesses. We are looking for a Software Developer (Python) to join our team in Chattogram and help build secure, reliable applications that meet real user needs. Position Overview The Software Developer (Python) will work under the guidance of the Senior Software Developer to build, test and maintain web applications and APIs. This is a hands-on role covering feature development, bug fixing, testing and documentation. The developer will turn agreed requirements into working code, take part in code reviews and grow their technical skills within a supportive team. Key Responsibilities Application Development Develop and maintain Python-based web applications, APIs and background tasks using Django, Django REST Framework (DRF) or FastAPI, following agreed technical designs. Implement features and fixes from assigned tasks, providing realistic estimates and regular progress updates. Write efficient SQL queries and ORM code, and prepare database migrations under the guidance of the Senior Software Developer. Integrate applications with approved third-party services and REST APIs, and document the interfaces used (e.g. OpenAPI/Swagger). Quality, Security and Deployment Write unit and integration tests (e.g. with pytest) and fix defects found in testing or reported by users. Follow secure coding practices in line with OWASP guidelines, including input validation, access control and safe handling of sensitive data and secrets. Use Git and the team’s pull-request workflow; submit code for review and act on feedback promptly. Assist with releases through CI/CD pipelines (e.g. GitHub Actions or GitLab CI) and containers (Docker), and help investigate production issues. Keep technical documentation, setup instructions and change notes up to date. Collaboration and Learning Work closely with the Senior Software Developer, designers and business colleagues to understand requirements and deliver features on time. Take part in code reviews, sprint planning and knowledge-sharing sessions. Raise risks, blockers and questions early, and suggest practical improvements to code and processes. Keep up to date with Python and web development best practice.",1540908,Full Time,Software Developer- Python,Work at office,Chattogram,True,,"Oct 4, 2026",0,0,Negotiable,,2
"Age At least 22 years   Ability to work under pressure and handle challenging situations sensitively and creatively Good communication skills and leadership qualities Strong problem-solving abilities Proven ability to work independently and collaboratively with colleagues Experience Proven experience in Project Site Management in the Power industry will get preferences Freshers are encouraged to apply The applicants should have experience in the following area(s): Electrical Substation at least in 33KV Systems, Project site works in Electrical constructions",At least 22 years,Send your CV to the given email recruitment.controlware@gmail.com or Email your CV from <strong>My Bdjobs</strong> account,,"Send your CV with a latest photograph attached to recruitment.controlware@gmail.com with the subject line ""Assistant Engineer/ Assistant Site Engineer, Project Division"".",,"Subrina Dream (3rd floor), House -30, Road-3, Block-C, 
Monsurabad, Adabor, Mohammadpur, Dhaka-1207","Controlware was established with a view to carrying on the business of advanced diversified technology-based power projects & solutions, focused on improving industrial production and people’s lifestyle through meaningful innovation and engineering in the area of medium, high & extra-high voltage power transmission & distribution, substation engineering, substation automation system, solar power generation, compact cower solution, industrial control & automation, efficient energy management, and smart metering system. The company wants to set a standard in providing its service in medium, high & extra-high voltage substation design, engineering, erection, testing & commissioning, substation maintenance, repair & asset management.",Controlware Engineering Ltd.,https://controlware.com.bd/about-us/,"Oct 30, 2026",Diploma in Electrical Diploma in Electrical from any reputed Public Institution.,,"M,F,O","Company Overview Controlware Engineering Limited  is one of the leading Engineering, Procurement and Construction companies of Bangladesh, working dedicatedly in power utilities and with many other foreign EPC companies. Controlware is looking for young, competent and committed individuals to play a dynamic role as an Assistant Engineer/ Assistant Site Engineer in Project Division. Workplace Office of Controlware, Dhaka Site Location: Anywhere in Bangladesh  Responsibilities: Assisting in Medium, High & Extra-High Voltage Substation Electro-Mechanical Construction Works. Assisting the respective Project Manager for all the project-related works  Project site management (Work Planning, Material/equipment utilization and monitoring day-to-day project site activities) Coordinating with clients, handling project documentation & correspondence Monitoring project progress and report work status to the Project Manager/Project Director Leading the execution team at site. Any other task assigned by the management",1541974,Full Time,"Assistant Site Engineer, Project Division",,Anywhere in Bangladesh,True,,"Oct 6, 2026",0,0,--,,--
Age 20 to 35 years   Experience:  Minimum 1 year (Expert freshers may apply),20 to 35 years,Send your CV to the given email hr@thefatiha.com,,"Interested candidates are invited to send their updated Resume/CV through the following channels:
Email: hr@thefatiha.com
Subject Line: ""Application for Sales Representative - CORE""

WhatsApp: 01335074381
Facebook Page: CORE Drinks
Website: www.corefnb.com",,"Plot-4, Sector-2, Block -D, Aftabnagar, Dhaka-1212",,Core Food & Beverage Limited,,"Nov 5, 2026",Educational Qualification:  SSC / HSC / Equivalent,,"M,F,O","CORE FOOD & BEVERAGE LIMITED Vacancy:  Several Company Overview CORE Food and Beverage Limited is a rapidly growing company in the FMCG (Food & Beverage) sector, committed to delivering high-quality, refreshing products to consumers across Bangladesh. With our premium brand presence, we aim to expand our market footprint and drive excellence in distribution and sales network management. Position Summary CORE Food & Beverage Limited is looking for energetic, field-driven Sales Representatives to expand and manage our dealer and sub-dealer network across Bangladesh, ensuring strong product availability, visibility, and growth in every assigned territory. Key Responsibilities Collect company product orders and ensure their timely submission to the dealer. Ensure effective and timely delivery of products. Identify and explore new market opportunities for company products. Ensure regular collections from dealers & sub-dealers and timely product lifting. Maintain brand visibility and execute promotional activities in the assigned territory. Maintain regular communication and strong relationships with dealers and other business partners. Perform duties with a positive attitude and dedication in line with company instructions. Submit timely reports to the supervisor and take proactive steps in problem-solving.",1541689,Full Time,Sales Representative (SR),,Anywhere in Bangladesh,True,,"Oct 6, 2026",20000,15000,Tk. 15000 - 20000 (Monthly),,--
Age 27 to 40 years Only Female,27 to 40 years,,,,,"Mirpur Road, Shyamoli, Dhaka-1207","“Shamsher Heart Care” is a unique institution dedicated to comprehensive cardiac care, established in 2010. It was founded by Dr. M. Shamsher Ali (MBBS, M.Med, MD in Cardiology), a specialist in both cardiology and internal medicine. Shamsher Heart Care is a center for non-invasive cardiac treatment; all diagnostic tests and medical procedures at this facility—which provides fully scientific healthcare services—are performed using non-invasive methods. This institution offers facilities for virtually all diagnostic tests required for cardiac patients; all tests are conducted using the latest machinery by highly skilled doctors and technicians, while maintaining strict quality standards.",Shomsher Heart Care,https://shomsherheartcare.com/,"Oct 20, 2026",Bachelor of Medicine and Bachelor of Surgery(MBBS),,F,"Patient Consultation:  Examine and provide medical consultation to patients visiting the diagnostic center. History Taking:  Obtain detailed medical history, including present complaints, past illnesses, medications, and relevant family history. Physical Examination:  Conduct appropriate physical examinations based on the patient's complaints and clinical condition. Prescription & Treatment Advice:  Provide prescriptions and appropriate medical advice within the scope of practice. Diagnostic Test Recommendation:  Recommend necessary laboratory, imaging, and other diagnostic tests based on clinical findings. Test Result Review:  Review and explain diagnostic test reports to patients and provide appropriate medical guidance. Referral:  Identify cases requiring specialist consultation, hospitalization, or emergency management and refer patients accordingly. Follow-up:  Provide follow-up advice and monitor patients when required. Emergency Support:  Provide initial assessment and basic first aid/emergency management and arrange referral to an appropriate hospital when necessary. Patient Counseling:  Educate patients regarding their condition, medication, lifestyle, preventive care, and general health. Medical Documentation:  Maintain accurate patient records, consultation notes, prescriptions, and other required medical documentation. Coordination with Diagnostic Services:  Coordinate with laboratory, radiology, and other diagnostic departments to ensure appropriate patient care.",1541311,Part Time,Doctor (MBBS),,Dhaka (Shyamoli),True,,"Oct 6, 2026",0,0,Negotiable,"Health/ Medical,Medical Officer,Medical Research,Medical Technology",--
Age 22 to 35 years,22 to 35 years,,,,,"Level-7, 15/2, Bridge Momtaj Heights, Mirpur Main Road, Shyamoli, Dhaka-1207, Bangladesh",,Cluster Technologies Ltd.,,"Oct 31, 2026",Bachelor/Honors,,"M,F,O","Corporate Relations Officer (Sales and Marketing) Company:  Cluster Technologies Limited Position:  Corporate Relations Officer (Sales and Marketing) Employment Type:  Full Time Workplace:  Work at Office Job Location:  Dhaka Vacancy:  6 Experience:  1 to 5 years Fresher:  Encouraged to apply Age:  22 to 35 years’ Salary:  BDT 20,000 – 35,000 per month  (Negotiable based on experience and capability) Application Deadline:  31 October 2026 Expected Joining:  Within 2 weeks of selection About Cluster Technologies Limited Cluster Technologies Limited is a Dhaka-based IT solutions and services company specializing in  data infrastructure, database management, enterprise applications, and mission-critical IT environments . We provide professional IT services including database administration, monitoring, upgrades, migration, performance optimization, high availability, disaster recovery, infrastructure management, Oracle EBS support, and IT consultancy. Established in 2016 and incorporated as Cluster Technologies Limited in 2020, we work with organizations that depend on  reliable, secure, high-performing, and scalable technology infrastructure . Website:  www.clustechltd.com Job Summary We are looking for a  self-motivated, target-driven, and result-oriented Corporate Relations Officer  to join our Sales and Marketing team. The successful candidate will be responsible for identifying business opportunities, developing corporate relationships, generating leads, presenting our IT solutions to prospective clients, and contributing to revenue growth. This role is ideal for someone who is confident in communication, enjoys meeting corporate clients, understands business development, and is interested in working in the  IT and technology services industry . Key Responsibilities Identify and pursue new business opportunities across corporate and enterprise sectors. Generate, qualify, and manage leads through various channels, including LinkedIn, networking, referrals, market research, and direct outreach. Build and maintain strong, long-term relationships with existing and prospective clients. Understand client requirements and coordinate with the technical team to propose suitable IT solutions. Arrange and participate in corporate meetings, presentations, networking events, and business discussions. Prepare and deliver professional presentations, proposals, and service introductions. Develop and maintain a structured sales pipeline and ensure regular follow-up with prospects. Develop business development strategies aligned with the company's growth objectives. Monitor market trends, competitor activities, and emerging business opportunities. Achieve assigned monthly and quarterly sales and business development targets. Maintain accurate records of leads, opportunities, client communications, and sales activities using CRM and other business tools. Prepare regular business development and pipeline reports for management. Support the development of marketing materials, campaigns, and promotional strategies. Negotiate with prospective clients and assist in closing business deals. Coordinate with internal teams to ensure smooth communication and delivery throughout the client engagement process. Represent Cluster Technologies Limited professionally in corporate and industry forums. Educational Requirements Candidates should have a degree in any of the following: Bachelor of Science (BSc) in Computer Science & Engineering Bachelor of Business Administration (BBA) Bachelor of Arts (BA) in Business Administration Master of Business Administration (MBA) Candidates from other relevant academic backgrounds with strong sales and business development capabilities may also be considered. Experience Requirements 1 to 5 years of relevant experience in: Business Development Corporate Sales Direct Sales / Marketing IT / Software Company Market Research Client Relationship Management Service-based companies Freshers with strong communication, sales aptitude, and a willingness to build a career in IT sales are also encouraged to apply. Candidates with an existing corporate network, client portfolio, or proven B2B sales experience will receive preference. Additional Requirements Age: 22 to 35 years. Strong interest or understanding of  IT services, database solutions, software, or enterprise technology  is preferred. Excellent communication, negotiation, presentation, and interpersonal skills in both  Bangla and English . Ability to communicate confidently with corporate decision-makers and professionals. Strong lead generation, networking, and relationship-building capabilities. Proficiency in  Microsoft Office Suite  and CRM tools. Familiarity with  LinkedIn and professional networking platforms . Ability to work independently as well as collaboratively within a team. Self-motivated, target-oriented, and result-driven mindset. Strong organizational, analytical, and problem-solving skills. Willingness to attend client meetings and corporate events when required. Selected candidates are expected to join within  2 weeks . Skills & Expertise Core Skills: Business Development Corporate Sales Client Relationship Management Lead Generation B2B Sales Strategic Planning Negotiation Presentation Networking Market Research LinkedIn Marketing Technical / Business Tools: Microsoft Office Suite CRM Software LinkedIn Professional Networking Platforms Compensation & Benefits Monthly Salary:  BDT 20,000 – 35,000 Salary negotiable based on experience and capability Performance-based bonus TA/DA as applicable Mobile bill Provident Fund 2 weekly holidays 2 festival bonuses Partially subsidized lunch facilities Yearly salary review Professional development and career growth opportunities Opportunity to work with a growing IT and enterprise technology company Friendly and professional working environment Workplace & Employment Workplace:  Work at Office Employment Status:  Full Time Job Location:  Dhaka Application Procedure Interested candidates are requested to send their  updated CV along with a cover letter  mentioning the position applied for in the subject line. Email:  hello@ clustechltd.com Application Deadline:  31 October 2026 Note:  Only shortlisted candidates will be contacted for the next stage of the recruitment process.",1541964,Full Time,Corporate Relations Officer (Sales and Marketing),Work at office,Dhaka,True,,"Oct 6, 2026",35000,20000,Tk. 20000 - 35000 (Monthly),,6
"Age At least 30 years   At least 3 years of relevant experience in development, livelihood, Agriculture market development, or related programs. Strong planning, analytical, organizational, and decision-making skills, including data and gap analysis. Ability to do market forecasting for the agro-based goods and services Good leadership, networking, rapport-building, and stakeholder coordination skills. Experience working in South Chattogram or Cox’s Bazar is preferred; familiarity with the local context and ability to communicate in the local dialect will be an advantage. Experience working in South Chattogram or Cox’s Bazar is preferred; familiarity with the local context and ability to communicate in the local dialect will be an advantage. Ability to establish and maintain effective working relationships with colleagues, partners, and stakeholders. Strong report writing and documentation skills. Good written and verbal communication skills in English and Bangla. Proficient in MS Word, MS Excel, MS PowerPoint, email, internet, and other common IT applications. Ability to work effectively independently and as part of a team.",At least 30 years,,,"If you are interested in this position and meet the required qualifications and experience, please apply online through Bdjobs by 12/10/2026. YPSA is an equal opportunity employer and is committed to child protection and the prevention of violence against women and girls. Only shortlisted candidates will be contacted. Any form of persuasion or lobbying will be considered grounds for disqualification. Smokers are discouraged from applying for this position. YPSA HUMAN RESOURCE MANAGEMENT AND DEVELOPMENT DEPARTMENT Emergency 0241388316 (office time only)",,"House # F 10 (P), Road # 13, Block # B Chandgaon R/A, Chittagong - 4212","Young Power in Social Action (YPSA) , established in 1985 (International Youth Year) is an organization for sustainable development working in Dhaka Division, Sylhet Division, Chattogram Division including Chittagong Hill Tracts, Cox’s Bazar. YPSA has been implementing a project titled “Multi-sector recovery and empowerment support for crises affected communities in Cox's Bazar Activity” since 2020. The project is technical supported by International Rescue Committee (IRC).",Young Power in Social Action (YPSA),https://ypsa.org/,"Oct 12, 2026","Master’s Degree in Marketing, Economics, Supply Chain Management, Management, Development Studies from a recognized University.",,"M,F,O","Young Power in Social Action (YPSA) <www.ypsa.org> is an organization for sustainable development, working in the greater Chattogram division including Hill Tracts (CHT) since 1985 (International Youth Year). YPSA is going to implement a project titled “SheFarms” at Chakaria and Mathamuhuri in Cox’s Bazar. The project will be implemented with fund from the Federal German Ministry of Economic Cooperation and Development (BMZ) and technical support from Plan International Bangladesh. Job Title: Market Development Technical Officer Duration: 28 Months No. of Vacancy: 1 Job Description/Responsibilities: General Responsibilities Plan, coordinate, implement, monitor, and report on market development, livelihood, and economic empowerment activities in line with the approved project design and work plan. Ensure timely, quality, and sustainable implementation of project activities in accordance with relevant policies, procedures, legislation, and quality standards. Provide technical support to project staff and beneficiaries on market access, enterprise development, employment, and livelihood-related issues. Arrange and facilitate training, workshops, seminars, farmer-buyer dialogues, and other capacity-building activities for beneficiaries and stakeholders. Collect, analyze, document, and disseminate relevant market and project information to support evidence-based decision-making. Monitor changes in the market and project context and provide timely recommendations to the Project Coordinator. Identify good practices, lessons learned, gaps, and challenges and contribute to project learning and advocacy. Prepare periodic and annual progress reports on assigned project components. Technical Responsibilities Lead the start-up market mapping exercise across the five target Unions, identifying input suppliers, faria traders, bepari aggregators, agribusiness buyers, and other relevant market actors. Conduct market assessments to identify viable, market-oriented income and employment opportunities for female farmers, youth, and young adults. Facilitate pre-season planning meetings between female farmer groups and identified buyers under Activity  2.2. Negotiate and facilitate documented market linkage agreements for at least 500 female farmers under the revised Indicator  2.1. Train and support 100 Local Service Providers (LSPs) under the Firm-to-Farm approach (Activity 2.3) and facilitate documented service agreements with female farmer groups. Organize promotional campaigns, farmer-buyer dialogue sessions, and other market linkage activities under Activities 2.4– 2.6. Coordinate financial literacy and MFI cost-share sessions under Activity 2.10, including pre-verification of the suitability of MFI products for target beneficiaries. Facilitate the development of Individual Action Plans (IAPs), Family Development Plans (FDPs), and Business Development Plans (BDPs) based on market assessments and individual needs. Organize and facilitate work-readiness, vocational, and skills development training to improve youth employability and access to decent economic opportunities. Facilitate linkages between youth and private-sector actors for employment, apprenticeships, entrepreneurship, and other economic opportunities. Facilitate appropriate cash or in-kind start-up support for eligible youth to establish small-scale enterprises, where applicable. Establish linkages with government service-providing departments to facilitate access to skills development, training, employment, and other livelihood opportunities. Maintain and strengthen strategic partnerships with relevant market actors, skills development providers, private-sector entities, financial institutions, government agencies, and other service providers. Prepare and maintain a local resource map of relevant market, employment, skills development, financial, and livelihood service providers. Provide technical inputs to project planning, implementation, monitoring, and review processes, particularly on market development, enterprise development, employment, and livelihood interventions. Provide technical support to project staff and beneficiaries to address identified market, enterprise, employment, and livelihood-related challenges. IT Competencies Maintain and update databases and records of market actors, buyers, suppliers, Local Service Providers, service agreements, market linkages, and beneficiary enterprises. Use MS Excel and other appropriate digital tools for market data compilation, analysis, tracking, and reporting. Prepare presentations, tables, charts, and other digital materials to communicate market assessment findings, progress, and results. Use MS Word, MS PowerPoint, email, internet, and other common IT applications for documentation, communication, reporting, and coordination. Ensure systematic maintenance and updating of electronic project records and supporting documentation. Others Represent YPSA and Plan International in relevant local-level coordination platforms, networks, meetings, and forums. Maintain effective working relationships with government departments, private-sector actors, market intermediaries, financial institutions, service providers, community institutions, development partners, and other stakeholders. Support coordination with relevant stakeholders to strengthen market linkages, employment, apprenticeships, entrepreneurship, and sustainable livelihood opportunities. Arrange necessary resources for project activities and ensure their efficient utilization in accordance with approved budgets, organizational procedures, and value-for-money principles. Ensure proper documentation of market assessments, agreements, trainings, meetings, field activities, and other project interventions. Contribute to project learning, case studies, success stories, advocacy materials, and other communication products. Support efforts to strengthen the profile of YPSA and Plan International and facilitate opportunities for scaling up relevant interventions in the project areas. Perform any other relevant duties assigned by the Project Coordinator or Management. Job Location: Chakaria and Mathamuhuri, Cox’s Bazar",1541885,Contractual,Market Development Technical Officer,,"Cox`s Bazar, Cox`s Bazar (Chakaria)",True,,"Oct 6, 2026",82511,63470,Tk. 63470 (Monthly),,1
"Age At most 45 years   Qualifications & Experience A minimum of eight (8) to ten (10) years of progressively responsible experience in strategic communications, digital communications, stakeholder engagement, public affairs, media relations, knowledge management, or related fields is required, including at least two (3) years in a supervisory or leadership role. Prior experience working with think tanks, research institutions, international organizations, development agencies, policy-focused organizations, or donor-funded programmes will be considered a strong advantage. Candidates should have demonstrated expertise in communication strategy development, digital content management, stakeholder engagement, research dissemination, media outreach, and institutional communications, along with strong leadership, team management, and strategic advisory capabilities. Technical Skills Excellent written and verbal communication skills in both English and Bangla. Proficiency in website management, content management systems (CMS), digital publishing platforms, and web content administration. Strong knowledge of social media strategy, content planning, audience development, social listening, and digital campaign management. Experience with multimedia content development, including video production, podcasting, storytelling, graphic design coordination, and visual communication. Familiarity with SEO, Google Analytics, Meta Business Suite, LinkedIn Campaign Manager, social media analytics tools, and other digital performance measurement platforms. Knowledge of AI-enabled communication tools, digital automation platforms, content generation technologies, and emerging digital communication trends. Proficiency in Microsoft Office Suite (Word, Excel, PowerPoint, Outlook) and familiarity with design and content development software. Strong understanding of stakeholder mapping, partnership development, policy engagement processes, and development communication approaches. Knowledge of digital accessibility standards, copyright requirements, data privacy considerations, and online communication best practices.",At most 45 years,Send your CV to the given email hr-khi@outlook.com,,"Application Procedure Qualified candidates should apply with a detailed CV, portfolio/ proof of work, copies of professional certification documents, and the names and contact details of two (2) professional references to hr-khi@outlook.com, mentioning ""Application for Deputy Director (Digital Communication)"" in the subject line. Shortlisted candidates will be called for a panel interview with KHI`s Board of Trustees / senior management and may be required to deliver a presentation. KHI is an equal-opportunity employer. Only shortlisted candidates will be contacted. Canvassing in any form will lead to disqualification",,"Registered Address: Ventura Iconia, Level 3, House 37, Road No. 11, Block-H, Banani, Dhaka - 1213 
Operational Address: 22/22 Khilji Road, Mohammadpur, Dhaka","The Knowledge Hub Institute Trust (KHIT) is a results-oriented think and do tank that turns complex policy challenges into practical, evidence-based solutions, working across its six core thematic Research Units — Energy & Climate, Fiscal Justice, Business & Human Rights, Business Climate, Social Justice, and AI & Digitization — to strengthen institutions and drive inclusive impact in Bangladesh.",Knowledge Hub Institute Trust,,"Oct 15, 2026","Masters Candidates should hold a Master`s Degree in Communications, Journalism, Public Relations, International Relations, Development Studies, English, or a related discipline from a reputed university.  Professional certifications in Digital Communication, Media Relations, Strategic Communication, or Knowledge Management will be considered an advantage.",,"M,F,O","CAREER OPPORTUNITY   Deputy Director (Digital Communication) Reports To:  Executive Director Employment Type:  Full-time, Regular — Senior Management The Knowledge Hub Institute Trust (KHIT)  is a results-oriented think and do tank that turns complex policy challenges into practical, evidence-based solutions, working across its six core thematic Research Units — Energy & Climate, Fiscal Justice, Business & Human Rights, Business Climate, Social Justice, and AI & Digitization — to strengthen institutions and drive inclusive impact in Bangladesh. As a member of the senior management team, KHIT invites applications from experienced communication professionals for the position of Deputy Director (Digital Communication) to provide strategic leadership for the Institute`s digital communications, knowledge dissemination, stakeholder engagement, and institutional visibility functions. Key Responsibilities Provide strategic leadership for the Institute`s digital communication, stakeholder engagement, and institutional visibility initiatives to advance organizational priorities, policy influence, and public engagement. Develop and implement integrated digital communication strategies to strengthen KHIT`s position as a trusted source of evidence-based policy research and analysis. Oversee the management, maintenance, and continuous improvement of the Institute`s website and digital platforms, ensuring accuracy, accessibility, user engagement, and brand consistency. Lead digital campaigns to amplify research findings, policy recommendations, events, and institutional initiatives through targeted audience segmentation and outreach. Develop strategies to expand the Institute`s digital footprint and engagement with policymakers, parliamentarians, development partners, researchers, media professionals, academia, civil society organizations, and the broader public. Translate complex research and policy issues into clear, accessible, and audience-specific communication products. Oversee the production of high-quality multimedia content, including videos, podcasts, animations, infographics, social media assets, and digital storytelling products. Lead communication and outreach activities for conferences, policy dialogues, workshops, research launches, parliamentary discussions, and other high-level engagements. Monitor and analyze digital engagement metrics, audience insights, media coverage, and communication performance indicators, using data-driven approaches to optimize outreach effectiveness and audience engagement. Lead digital reputation management efforts, including online monitoring, risk identification, crisis response, and proactive reputation-building initiatives. Explore and integrate innovative communication tools and technologies, including artificial intelligence, data visualization, automation, and emerging digital platforms, to enhance research dissemination and stakeholder engagement. Strengthen the Institute`s search engine optimization (SEO) and digital discoverability to increase access to research outputs, publications, and policy resources. Ensure compliance with digital communication standards, data protection requirements, copyright regulations, accessibility standards, and organizational branding guidelines. Ensure effective management of donor visibility requirements and oversee the development of institutional communication materials, including annual reports, organizational profiles, donor reports, publications, and impact reports. Strengthen organizational knowledge-sharing practices through effective content management, documentation, and dissemination of research outputs, lessons learned, and institutional achievements. Lead, mentor, and supervise the Digital Communication team, fostering innovation, collaboration, accountability, and continuous professional development. Perform any other duties assigned by the Management.",1541970,Full Time,Deputy Director (Digital Communication),,Dhaka,True,,"Oct 6, 2026",0,0,Negotiable,,1
Age At least 30 years,At least 30 years,,,,,"House 2/8 Block D Lalmatia, Dhaka-1207",,Shayka-Shanta Associates,,"Nov 5, 2026",Bachelor of Architecture (B.Arch),,"M,F,O","Lead the design and development of architectural projects from concept to completion. Strong working knowledge of Dhaka Mahanagar Imarat Building 2025, BNBC 2020, DAP and Relevant building regulation / approval requirement.  Prepare any approval drawing for any authority.  Develop working drawings, detail drawings, and construction documentation using AutoCAD. Create 3D models and realistic renderings using Sketch Up, Lumion, D5,  Enscape.  Collaborate with structural, electrical, plumbing, and other consultants to ensure design coordination. Conduct site visits and supervision to ensure work aligns with design intent and quality standards. Perform other related design and documentation tasks as assigned by senior architects or project leads.",1541912,Full Time,Senior Architect (Studio In-Charge),Work at office,Dhaka (Lalmatia),True,,"Oct 6, 2026",60000,50000,Tk. 50000 - 60000 (Monthly),,--
"Age At least 18 years   ●	1-2 years’ working experience as a vocational trainer in the relevant field. ●	Experience in the humanitarian or development field is an added benefit. Knowledge:   ●	Knowledge on relevant vocational trade, livelihood, coordination, monitoring, report writing, presentation preparation, and safeguarding.  ●	Knowledge on people management.  Skills: ●	Ability to establish and maintain good working relationships with stakeholders in a sensitive environment. ●	Effective communication and presentation skills. ●	Have computer skills with all Microsoft Office programs (MS Word, Power Point, and Excel).   ●	Excellent influencing, negotiating and communication skills.  ●	Excellent organization, and coordination skills.  Competencies:   ●	Demonstrated ability to think technically, prioritize and meet deadlines in a challenging environment; must be culturally sensitive. ●	Ability to operate in a multipurpose organization, across functions and work on own initiative and collaboratively as part of diverse teams",At least 18 years,,,"Applications will be reviewed on rolling basis. BRAC believes that everyone we work with including our staff, programme participants, partners, and the communities have the right to be protected from all forms of harm, abuse, neglect, harassment, and exploitation including sexual exploitation and abuse (SEA). We uphold human dignity and inclusion for all, regardless of age, race, religion, gender, disability, ethnic origin, or socio-economic condition. We are an equal opportunity employer. We especially encourage those who have shown resilience—who have faced personal struggles, bounced back, and kept pushing forward—to apply. This position is open for Bangladeshi nationals only. BRAC does not charge any fees at any stage of the recruitment process.",,"BRAC
75 Mohakhali, Dhaka-1212, Bangladesh
","BRAC believes that everyone we work with—including our staff, programme participants, partners, and the communities we serve—has the right to be protected from all forms of harm, abuse, neglect, harassment, and exploitation, including sexual exploitation and abuse.

We uphold human dignity and inclusion for all, regardless of age, race, religion, gender, disability, ethnic origin, or socio-economic background. We are an equal opportunity employer. We especially encourage those who have shown resilience—who have faced personal struggles, bounced back, and continued to move forward—to apply.

Selected candidates will have to go through a rigorous reference and background checking process which may include police verification.",BRAC,,"Oct 16, 2026",Diploma/ B.Sc in Electrical/ Electronic Engineering from UGC approved reputed institution,,"M,F,O","BRAC is an international development organisation founded in Bangladesh in 1972 that partners globally with over 100 million people living with inequality and poverty to create opportunities to realise their potential. Working at BRAC is not like any other job. It is a platform where you can bring about real change for people who need it the most. We are not just dreaming of a better world; we are building it. Join us to find the way. Purpose: Technical Trainer, Solar, Food Security, Skills and Livelihood (FSSL) will facilitate formal and center-based Solar (PV) System Installation and Maintenance training to the selected Host/Rohingya youths following the training module. This position will support the implementation of day to day activities according to proposal & plan in host and camps of the Rohingya community. Key Responsibilities: Facilitation of skills training in the skills centers according to the modules. Development of training delivery plan, session plan, job sheet, progress reports, information sheet, observation checklist, etc., as needed. Assist the operational aspects of center-based skills training programs in Solar (PV) System Installation and Maintenance. Ensuring the availability of learning course materials/CBLMs and other supplies at the centers on time. Provide practical training/practice sessions for the training participants on the subject matter as per the training module. Ensure training quality and learning of the participants that would enable them to successfully complete the training and get certified. To assist Specialist - Vocational Training on technical content and instructional methods,upkeep, initiate necessary repairs and maintenance of the skills centers. Ensure proper documentation and record keeping of the skills training participants information. Performing Community Feedback and Response Mechanism functions. Provide safeguarding, PSEA, and CFRM awareness sessions weekly to the participants. Recruitment of volunteers in the skills centers. Establish a vision/dream among the participants about post-training work engagement. Coordinate and assist Specialist-Vocational Training, Project Officer-Market Linkage in monthly payments to volunteers, participants, laborers and others. Supervision of the skills center volunteers. Ensure continuous monitoring of the training courses to identify issues, gaps, and find proper solutions. Showcase the best practices of livelihood activities and disseminate the best technologies among the project beneficiaries for income generation. Perform as the technical expert on the subject matter and provide technical assistance, guidance to the Assistant Project Officers. Prepare daily and weekly reports as may be required by BRAC and the donor agency. Develop and maintain good working relationships with communities and other stakeholders Represent BRAC in coordination and collaboration meetings and other forums with the government, the UN, and other NGOs and agencies. Contribute to the project's M&E system and ensure that M&E activities are undertaken regularly and learning fed into management for decision making. Execute any other task assigned by the supervisor/ management Safeguarding Responsibilities: Ensure the safety of Programme Participants, people who come into contact with the organisation and team members from any harm, abuse, neglect, harassment and exploitation including sexual exploitation and abuse (SEA) to achieve the programme`s goals of safeguarding implementation. Act as a key source of support, guidance and expertise on safeguarding for establishing a safe working environment. Practice, promote and endorse the issues of safeguarding policy among team members and ensure the implementation of safeguarding standards in every course of action. Follow the safeguarding reporting procedure in case any reportable incident takes place and encourage others to do so",1541965,Contractual,"Technical Trainer, Solar, FSSL, HCMP",Work at office,"Cox`s Bazar (Teknaf, Ukhia)",True,,"Oct 6, 2026",0,0,Negotiable,,--
"Age At least 28 years   At least 2 years job experience in the development field along with relevant experience Capacity in leadership, data and gap analysis  Excellent planning, analytical, organizational and decision-making skills Good working relationships with colleagues, actors and allies Excellent communication skills including written and spoken in English Experience working in South Chattogram or Cox’s Bazar is preferred; familiarity with the local context and ability to communicate in the local dialect will be an advantage. Conversant in common IT applications (MS word, MS power point, internet browsing & e-mail communications)  Report writing and documentation skills Excellent in rapport building and networking  Excellent verbal and written communication skill both in English and Bangla  Proficient in Computer Operations, MS Office Application including typing preferably in English and Bengali both E-mail & Internet.",At least 28 years,,,"If you are interested in this position and meet the required qualifications and experience, please apply online through Bdjobs by 12/10/2026. YPSA is an equal opportunity employer and is committed to child protection and the prevention of violence against women and girls. Only shortlisted candidates will be contacted. Any form of persuasion or lobbying will be considered grounds for disqualification. Smokers are discouraged from applying for this position. YPSA HUMAN RESOURCE MANAGEMENT AND DEVELOPMENT DEPARTMENT Emergency 0241388316 (Office time only)",,"House # F 10 (P), Road # 13, Block # B Chandgaon R/A, Chittagong - 4212","Young Power in Social Action (YPSA) , established in 1985 (International Youth Year) is an organization for sustainable development working in Dhaka Division, Sylhet Division, Chattogram Division including Chittagong Hill Tracts, Cox’s Bazar. YPSA has been implementing a project titled “Multi-sector recovery and empowerment support for crises affected communities in Cox's Bazar Activity” since 2020. The project is technical supported by International Rescue Committee (IRC).",Young Power in Social Action (YPSA),https://ypsa.org/,"Oct 12, 2026",At least BSc/BA/BSS/Diploma in Agriculture from public or private institutions,,"M,F,O","Young Power in Social Action (YPSA)  <www.ypsa.org> is an organization for sustainable development, working in the greater Chattogram division including Hill Tracts (CHT) since 1985 (International Youth Year). YPSA is going to implement a project titled “SheFarms” at Chakaria and Mathamuhuri in Cox’s Bazar. The project will be implemented with fund from the Federal German Ministry of Economic Cooperation and Development (BMZ) and technical support from Plan International Bangladesh. Job Title: Union Supervisor Duration: 28 Months No. of Vacancy: 5 Job Description/Responsibilities: General Responsibilities Supervise day-to-day implementation of project activities in the assigned Union and directly oversee the three Community Mobilizers. Ensure timely, quality, and sustainable implementation of project activities in accordance with the approved work plan, budget, policies, procedures, and relevant legislation. Monitor field-level implementation, identify gaps and challenges, and provide timely updates and recommendations to the Project Coordinator. Conduct monthly field monitoring visits to female farmer groups and youth activities and document implementation progress and issues. Maintain quality standards and ensure proper documentation and records of project activities and achievements. Collect, analysis, document, and disseminate monitoring information and key findings. Prepare periodic and annual progress reports focusing on assigned project components. Arrange and facilitate trainings, workshops, seminars, and other capacity-building activities for beneficiaries and stakeholders. Ensure efficient use of project resources in line with approved budgets and value-for-money principles. Provide technical and operational support to Community mobilizers and beneficiaries based on identified needs. Monitor contextual changes and provide relevant updates to the Project Coordinator to inform project implementation and direction. Identify good practices, lessons learned, challenges, and emerging issues and document them for project learning and advocacy. Technical Responsibilities Verify the formal establishment and governance documentation of female farmer groups in the assigned Union and contribute to achieving the project target Provide technical oversight of demonstration plots across the five target Unions, including selection of hazard-appropriate seed varieties. Coordinate with DAE Sub-Assistant Agriculture Officers (SAAOs) on Farmer Field Day planning and joint management of demonstration plots. Support mobilization and quarterly meeting arrangements of the SheFarms-Leaders Association at Union level. Conduct market assessments to identify appropriate and market-specific income opportunities for youth and young adults. Support to the development and implementation of Individual Action Plans (IAP), Family Development Plans (FDP), and Business Development Plans (BDP) based on market analysis. Maintain strategic partnerships and networks with financial service providers, employers, private-sector actors, and other market actors and relevant stakeholders for job placement and economic opportunities. Provide technical support to staff and beneficiaries on livelihood, employment, enterprise, and market-related issues. IT Competencies Maintain electronic records and databases related to beneficiaries, farmer groups, youth participants, activities, monitoring, and project progress. Use MS Word, MS Excel, and MS PowerPoint for documentation, data management, analysis, reporting, and presentations. Use email, internet, and other common IT applications for communication, coordination, and information management. Prepare basic tables, charts, presentations, and monitoring summaries using relevant IT applications. 4. Others Escalate safeguarding concerns identified at Union level to the designated project safeguarding focal point. Represent YPSA and Plan International in relevant local-level coordination platforms and networks. Maintain effective working relationships with Union Parishad, DAE, government departments, service providers, private-sector actors, community representatives, and other stakeholders. Support visibility, networking, learning, and scale-up of project interventions in the program areas. Share relevant learning, success stories, and implementation experiences to contribute to project advocacy and organizational learning. Perform any other duties assigned by the Project Coordinator or management in support of project objectives. Job Location: Chakaria and Mathamuhuri, Cox’s Bazar",1541891,Full Time,Union Supervisor,Work at office,Cox`s Bazar,True,,"Oct 6, 2026",58500,45000,Tk. 45000 (Monthly),,5
Age 32 to 60 years Only Male,32 to 60 years,,,,,"NDE House, House # 18, Road # 04, Block # C, Banani, Dhaka-1213
Email: career@ndebd.com",,National Development Engineers Ltd. (NDE),,"Nov 5, 2026",Bachelor in Engineering (BEngg),,M,"Develop and maintain relationships with government agencies, like PWD, LGED, RHD, and other departments. Have sufficient knowledge to pursue a tender after its submission Possess adequate knowledge to follow up on a tender after submission. Follow up on submitted tenders and manage the end-to-end process to secure contracts.",1541961,Full Time,Business Development GM (Construction),Work at office,Anywhere in Bangladesh,True,,"Oct 6, 2026",0,0,Negotiable,,--
"Age At least 23 years   অভিজ্ঞতা: Healthcare Software Sales ক্ষেত্রে ন্যূনতম ২–৩ বছরের প্রাসঙ্গিক পেশাগত অভিজ্ঞতা থাকতে হবে। Healthcare Software, Hospital/Clinic Management Software, Diagnostic Software অথবা Pharmacy Management Software বিক্রয়ের অভিজ্ঞতা থাকলে অগ্রাধিকার দেওয়া হবে। অতিরিক্ত যোগ্যতা: চমৎকার যোগাযোগ ও আন্তঃব্যক্তিক যোগাযোগ দক্ষতা। ভালো Presentation ও Negotiation Skills. শক্তিশালী Sales এবং Client Relationship Management Skills. মাসিক Sales Target অর্জনের সক্ষমতা ও প্রমাণিত অভিজ্ঞতা। নির্ধারিত কর্মক্ষেত্রে প্রয়োজনে ব্যাপকভাবে ভ্রমণ করার মানসিকতা। কম্পিউটার পরিচালনায় মৌলিক দক্ষতা। স্বপ্রণোদিত, আন্তরিক, সক্রিয় ও Target-oriented হতে হবে। এককভাবে এবং টিমের সঙ্গে সমন্বয় করে কাজ করার সক্ষমতা থাকতে হবে।",At least 23 years,,,আগ্রহী ও যোগ্য প্রার্থীদের Bdjobs.com-এর মাধ্যমে হালনাগাদ CV সহ আবেদন করার জন্য অনুরোধ করা হচ্ছে। গুরুত্বপূর্ণ নির্দেশনা: Healthcare Software Sales অথবা একই/সংশ্লিষ্ট ক্ষেত্রে প্রাসঙ্গিক অভিজ্ঞতা নেই-এমন প্রার্থীদের আবেদন না করার জন্য অনুরোধ করা হচ্ছে।,,"55 Azad Center, Purana Paltan, Dhaka-1000",,Macro Health Plus Software PTE Ltd.,,"Oct 31, 2026",Bachelor/Honors যেকোনো স্বীকৃত শিক্ষা প্রতিষ্ঠান থেকে ন্যূনতম স্নাতক ডিগ্রি।,,"M,F,O","চাকরির প্রেক্ষাপট: MacroHealthPlus Software Pty Ltd., একটি অস্ট্রেলিয়ান-ভিত্তিক সফটওয়্যার কোম্পানি, যা বাংলাদেশে কার্যক্রম পরিচালনা করছে, তাদের স্বাস্থ্য ব্যবস্থাপনা সম্পর্কিত Software-এর প্রচার ও বিক্রয়ের জন্য অভিজ্ঞ, উদ্যমী ও টার্গেট-অরিয়েন্টেড বিভাগীয় বিক্রয় নির্বাহী নিয়োগ করতে আগ্রহী। চাকরির দায়িত্বসমূহ: স্বাস্থ্য ব্যবস্থাপনা সম্পর্কিত Software-এর প্রচার ও বিক্রয় নিশ্চিত করা। ক্লিনিক, হাসপাতাল, ডায়াগনস্টিক সেন্টার, ফার্মেসি এবং অন্যান্য সম্ভাব্য স্বাস্থ্যসেবা প্রতিষ্ঠানে নিয়মিত ভিজিট করা। সফটওয়্যার ডেমোনস্ট্রেশন, প্রেজেন্টেশন এবং নিয়মিত ফলো-আপ পরিচালনা করা। নতুন সেলস লিড তৈরি করা এবং সম্ভাব্য গ্রাহকদের প্রকৃত গ্রাহকে রূপান্তর করা। নির্ধারিত মাসিক সেলস টার্গেট অর্জন করা। বিদ্যমান ও সম্ভাব্য ক্লায়েন্টদের সঙ্গে দীর্ঘমেয়াদি ও পেশাদার সম্পর্ক গড়ে তোলা এবং বজায় রাখা। ক্লায়েন্টের প্রয়োজনীয় তথ্য ও সংশ্লিষ্ট ডকুমেন্ট সংগ্রহ, Report প্রস্তুত ও জমাদান ।   প্রয়োজন অনুযায়ী Management, Software Development, Implementation এবং Support Teams-এর সঙ্গে সমন্বয় করা । Management কর্তৃক অর্পিত অন্যান্য সংশ্লিষ্ট Sales কার্যক্রম সম্পাদন করা। কর্মস্থল: বিভাগীয় শহর",1541948,Full Time,বিভাগীয় বিক্রয় নির্বাহী,,Anywhere in Bangladesh,True,,"Oct 6, 2026",0,0,Negotiable,,--
Age At most 60 years   The candidate must have minimum 03 years working experience on the same post in a hatchery firm as a Hatchery Technician.,At most 60 years,,,,,"241, Khanjahan Ali Road, Khulna, Khulna Sadar, Khulna Sadar, Khulna-9100",Fish Hatchery and Shrimp Hatchery. Hatching or production PL- Freshwater prawns (Mracrobrachium orsebergii) and Asian Seabass.,LST Aqua (BD) Ltd.,,"Oct 22, 2026",Diploma in Fisheries,,"M,F,O","Broodstock Management:  Handle conditioning, spawning protocols, and select healthy adult shrimp for desirable traits like growth rate and disease resistance. Larval Rearing:  Oversee the development of shrimp from nauplii (early larvae) through post-larvae stages. Live Feed Production:  Cultivate and maintain microalgae systems (such as Thalassiosira or Chaetoceros) and manage Artemia (brine shrimp) hatching and enrichment protocols. Water Quality Monitoring:  Test and regulate key parameters like salinity, pH, temperature, and dissolved oxygen to maintain optimal tank conditions. Biosecurity & Health:  Implement strict hygiene protocols, sterilize equipment, and observe larvae for signs of stress or disease. Data & Maintenance:  Record daily production metrics, feed amounts, and mortality rates while performing routine facility maintenance. Monitor and test water quality parameters like temperature, oxygen, and pH levels. Feed stock and maintain specific nutrition routines for larvae, fry, or chicks. Clean and maintain tanks, incubators, raceways, and facility equipment. Assist with collecting, sorting, and fertilizing eggs. Conduct health checks to identify, segregate, or treat diseases early. Record batch data, growth rates, and inventory numbers. Transport and release mature stock into natural waters or load them for distribution.",1541675,Full Time,Hatchery Technician,,Khulna,True,,"Oct 6, 2026",190000,180000,Tk. 180000 - 190000 (Monthly),"Fish Feeds,Inspect Water Quality,Medicine",05
Age At least 18 years   যেকোনো Clothing Brand কোম্পানিতে ২–৩ বছরের কাজের অভিজ্ঞতা থাকতে হবে।,At least 18 years,,,"WhatsApp: ০১৮৭৩৩১৬৬৬৬ মিরপুরবাসীদের অগ্রাধিকার দেওয়া হবে। আপনার দক্ষতাই ,আমাদের শক্তি",,,,7 Eleven`s  A Sister Brand of  FR Fashion,,"Nov 5, 2026",SSC,,"M,F,O",,1541933,Full Time,Call Center / Sales Executive,Work at office,Dhaka,True,,"Oct 6, 2026",15000,12000,Tk. 12000 - 15000 (Monthly),,--
Age At least 35 years   Experience:  Minimum 10-15 years in Knit Garments as Executive Director / COO / GM. Must have experience in managing 100% export-oriented factory. Excellent buyer communication skill is mandatory.,At least 35 years,,,,,"Tayebpur, Zirabo, Ashulia, Savar, Dhaka",,Friends Knitwear & Accessories Ltd .,,"Nov 5, 2026",Bachelor/Honors Masters Graduation / Post Graduation from any reputed university.,,"M,F,O","A 100% Export Oriented Knit Garments Industry Factory Address:  Toyebpur, Zirabo, Ashulia, Savar, Dhaka We are looking for a dynamic and experienced  EXECUTIVE DIRECTOR  to lead our entire factory operations. Overall Factory & Strategic Management: Lead and oversee overall factory operations and strategic planning to achieve company goals. Directly report to the Managing Director and implement board decisions effectively. Ensure smooth coordination among all departments for operational excellence. Production & Operation Management: Develop and execute production planning to ensure on-time shipment with desired quality. Maximize productivity, minimize wastage, and ensure effective cost control. Monitor production efficiency and quality control. Business Development & Buyer Handling: Maintain strong liaison with existing buyers and explore new buyers for business growth. Lead buyer meetings, price negotiations, and order confirmations. Analyze market trends and develop business expansion strategies. Compliance & Audit: Ensure full compliance with Buyer COC, BSCI, SEDEX, WRAP, Higg FEM, ISO and all social & technical compliance. Capable of facing all types of audits (Social, Technical, Security) successfully. Ensure factory operations comply with Bangladesh Labor Law. Commercial & Finance Control: Prepare and control annual budget, monitor costing and profitability. Oversee commercial activities including import-export documentation, LC and banking.",1541963,Full Time,Executive Director,,Dhaka (Ashulia),True,,"Oct 6, 2026",0,0,Negotiable,,1
"Age At least 26 years   At least 1 years job experience in the development field along with relevant experience Capacity in leadership, data and gap analysis  Excellent planning, analytical, organizational and decision-making skills Good working relationships with colleagues, actors and allies Excellent communication skills including written and spoken in English Experience working in South Chattogram or Cox’s Bazar is preferred; familiarity with the local context and ability to communicate in the local dialect will be an advantage. Conversant in common IT applications (MS word, MS power point, internet browsing & e-mail communications)  Excellent in rapport building and networking  Proficient in Computer Operations, MS Office Application including typing preferably in English and Bengali both E-mail & Internet.",At least 26 years,,,"If you are interested in this position and meet the required qualifications and experience, please apply online through Bdjobs by 12/10/2026. YPSA is an equal opportunity employer and is committed to child protection and the prevention of violence against women and girls. Only shortlisted candidates will be contacted. Any form of persuasion or lobbying will be considered grounds for disqualification. Smokers are discouraged from applying for this position. YPSA HUMAN RESOURCE MANAGEMENT AND DEVELOPMENT DEPARTMENT Emergency 0241388316 (Office time only)",,"House # F 10 (P), Road # 13, Block # B Chandgaon R/A, Chittagong - 4212","Young Power in Social Action (YPSA) , established in 1985 (International Youth Year) is an organization for sustainable development working in Dhaka Division, Sylhet Division, Chattogram Division including Chittagong Hill Tracts, Cox’s Bazar. YPSA has been implementing a project titled “Multi-sector recovery and empowerment support for crises affected communities in Cox's Bazar Activity” since 2020. The project is technical supported by International Rescue Committee (IRC).",Young Power in Social Action (YPSA),https://ypsa.org/,"Oct 12, 2026",HSC At least HSC Pass from any educational institutions,,"M,F,O","Young Power in Social Action (YPSA) <www.ypsa.org> is an organization for sustainable development, working in the greater Chattogram division including Hill Tracts (CHT) since 1985 (International Youth Year). YPSA is going to implement a project titled “SheFarms” at Chakaria and Mathamuhuri in Cox’s Bazar. The project will be implemented with fund from the Federal German Ministry of Economic Cooperation and Development (BMZ) and technical support from Plan International Bangladesh. Job Title: Community Mobilizer Duration: 27 Months No. of Vacancy: 15 Job Description/Responsibilities: General Responsibilities Facilitate day-to-day implementation of project activities in the assigned Union and directly oversee the three Community Mobilizers. Ensure timely, quality, and sustainable implementation of project activities in accordance with the approved work plan, budget, policies, procedures, and relevant legislation. Monitor field-level implementation, identify gaps and challenges, and provide timely updates and recommendations to the Project Coordinator. Conduct monthly field monitoring visits to female farmer groups and youth activities and document implementation progress and issues. Maintain quality standards and ensure proper documentation and records of project activities and achievements. Collect, analysis, document, and disseminate monitoring information and key findings. Prepare periodic and annual progress reports focusing on assigned project components. Arrange and facilitate trainings, workshops, seminars, and other capacity-building activities for beneficiaries and stakeholders. Ensure efficient use of project resources in line with approved budgets and value-for-money principles. Provide technical and operational support to Community mobilizers and beneficiaries based on identified needs. Monitor contextual changes and provide relevant updates to the Project Coordinator to inform project implementation and direction. Identify good practices, lessons learned, challenges, and emerging issues and document them for project learning and advocacy. Technical Responsibilities Verify the formal establishment and governance documentation of female farmer groups in the assigned Union and contribute to achieving the project target Provide technical oversight of demonstration plots across the five target Unions, including selection of hazard-appropriate seed varieties. Coordinate with DAE Sub-Assistant Agriculture Officers (SAAOs) on Farmer Field Day planning and joint management of demonstration plots. Support mobilization and quarterly meeting arrangements of the SheFarms-Leaders Association at Union level. Conduct market assessments to identify appropriate and market-specific income opportunities for youth and young adults. Support to the development and implementation of Individual Action Plans (IAP), Family Development Plans (FDP), and Business Development Plans (BDP) based on market analysis. Maintain strategic partnerships and networks with financial service providers, employers, private-sector actors, and other market actors and relevant stakeholders for job placement and economic opportunities. Provide technical support to staff and beneficiaries on livelihood, employment, enterprise, and market-related issues. IT Competencies Maintain electronic records and databases related to beneficiaries, farmer groups, youth participants, activities, monitoring, and project progress. Use MS Word, MS Excel, and MS PowerPoint for documentation, data management, analysis, reporting, and presentations. Use email, internet, and other common IT applications for communication, coordination, and information management. Prepare basic tables, charts, presentations, and monitoring summaries using relevant IT applications. Others Escalate safeguarding concerns identified at Union level to the designated project safeguarding focal point. Represent YPSA and Plan International in relevant local-level coordination platforms and networks. Maintain effective working relationships with Union Parishad, DAE, government departments, service providers, private-sector actors, community representatives, and other stakeholders. Support visibility, networking, learning, and scale-up of project interventions in the program areas. Share relevant learning, success stories, and implementation experiences to contribute to project advocacy and organizational learning. Perform any other duties assigned by the Project management in support of project objectives. Job Location: Chakaria and Mathamuhuri, Cox’s Bazar",1541893,Contractual,Community Mobilizer,,Cox`s Bazar,True,,"Oct 6, 2026",26000,20000,Tk. 20000 (Monthly),,15
Age At most 45 years   Preference will be given to candidates with relevant experience  100% travelling to remote project areas.,At most 45 years,,"Interested candidates are requested to apply by clicking the “Apply Now” option on BDJobs by 25 Oct, 2026. Applicants may also submit a hard copy of their application, including: An updated CV with recent photograph, Copies of academic and professional certificates, Experience certificates related to RO plant maintenance, Contact details of two professional references and a copy of the National Identity Card (NID). The hard copy application should be addressed to: HRM Department, HEED Bangladesh, Plot-19, Block-A, Main Road, Section-11, Mirpur, Dhaka-1216, Bangladesh   HEED Bangladesh always ensures equal opportunity to everyone irrespective of race, age, gender, sexual orientation, HIV status, class, ethnicity, disability, location, and religion. HEED Bangladesh is opposed to any form of discrimination, exploitation, and abuse, including child abuse, child labor , slavery, prostitution and trafficking of persons for any purpose. In the design and implementation of programs and policies, we always work without bias, to do no harm and to reduce (rather than contribute to) the consequences of discrimination, exploitation, and abuse.",,,"Main Road, Plot#19, Section-11,Block - A, Mirpur, Dhaka-1216","HEED Bangladesh established in 1974, HEED Bangladesh has been committed to participate and promote national development through upgrading the socio-economic condition of the disadvantaged and the underprivileged people in the society. As an NGO established by Christian leaders and several western partner organizations in response to post-war needs in Bangladesh, HEED Bangladesh sustained its relevance by redesigning its strategies in accordance with its philosophy of Poverty alleviation and Empowerment of the poor.

 Throughout the years HEED Bangladesh has been serving this nation to achieve Eight SDG (SDG 1, 2, 3, 4, 6, 8, 13, and 17) in various scopes that include Health, Education (Formal and Informal), Agriculture, Capacity Building, Environmental resource management and Bio-diversity conservation, Disaster management, Socio-economic development of marginalized and underprivileged people, etc. 

Presently HEED Bangladesh is working with a motto of ‘Serving the Humanity’ in 32 districts of Bangladesh. Most impactful projects of HEED Bangladesh include Bangladesh has been working in the fields of health, education, agriculture, aquaculture, livestock, forestry, environment & natural resource management, bio-diversity conservation, disaster management, socio-economic development of marginalized and under privileged people, micro finance, nutrition & Hygiene education, water and sanitation, HIV/AIDS, Adolescents and young reproductive health, rural development, awareness raising social mobilization, arsenic mitigation , women empowerment, street children, different emergency response ,Heritage preservationand Educational projects in partnership with the Government of the People’s Republic of Bangladesh, and numerous well-reputed NGOs and INGOs.",HEED Bangladesh,,"Oct 25, 2026","Educational Requirements  Basic Requirement:  •	Diploma from a recognized institution in Civil, Chemical, Mechanical, Electrical Engineering or any relevant field. •	Preference will be given to candidates with relevant experience. •	Educational qualification may be relaxed for the deserving candidate with adequate technical knowledge and experience. Preferred: •	Candidates having bachelor degree in the relevant field with desired experience will get preference. •	Experience working in coastal regions of Bangladesh on water or WASH projects. •	Prior experience in community level projects/programs. •	Practical knowledge of water treatment chemistry, membrane handling, pump systems, and solar-hybrid power setups. •	Ability to prepare technical reports, manage budgets, and work in remote, climate-vulnerable coastal areas. •	Strong leadership skills to supervise ground-level staff.",,"M,F,O","Job Context  HEED Bangladesh is Non-Government and non-political National Organization working in the field of Health, Education and Economic Development for more than 52 (fifty-two) years. The Organization invites applications from the suitable candidates for its Safe Water Project (SWP) – Access to Safe Drinking Water for Climate-Vulnerable Coastal Communities through Solar-Generated RO Water Treatment Facilities in Khulna. Bangladesh is recognized as one of the country’s most vulnerable to the impacts of climate change. The Ministry of Environment, Forest and Climate Change (MoEFCC) has identified the coastal region as one of the major climate hotspot areas due to increasing salinity intrusion, sea-level rise, cyclones, storm surges, tidal flooding, and coastal erosion. These climate-induced hazards have significantly affected the livelihoods, health, and living conditions of coastal communities. Among the most critical challenges is the scarcity of safe drinking water, as freshwater sources are increasingly becoming saline and unsuitable for human consumption. The experience of HEED Bangladesh indicates that climate-vulnerable coastal communities continue to face severe difficulties in accessing safe and reliable drinking water. Salinity intrusion into both surface and groundwater sources, coupled with the impacts of recurrent cyclones and tidal surges, has substantially reduced the availability of potable water. As a result, people—particularly women and children—are compelled to travel long distances to collect drinking water, exposing them to health risks, economic hardship, and reduced productivity. Limited access to safe drinking water also contributes to waterborne diseases and undermines the resilience of vulnerable households. Under these circumstances, to improve access to safe drinking water and strengthen the climate resilience of vulnerable coastal communities in the Dacopeupazila of Khulna districts, HEED Bangladesh will implement the project titled “Access to Safe Drinking Water for the Climate Vulnerable People in Coastal Areas of Bangladesh through Solar-generated Reverse Osmosis Water Treatment Facilities.” The project will be financed by the Adaptation Fund (AF) through Palli Karma-Sahayak Foundation (PKSF) and will be implemented over a period of two years. The specific objectives of the project are: •	Ensure access to safe and climate-resilient drinking water for vulnerable coastal communities through the installation and operation of Reverse Osmosis (RO) water treatment plants. •	Enhance awareness and knowledge of climate-vulnerable communities on safe drinking water, health, hygiene, and climate change adaptation practices. Hence, HEED Bangladesh is seeking qualified candidates for the post of ""Technical Officer"" to implement the project and provide overall technical support for the successful implementation of the project activities. Job RESPONSIBILITIES The Technical Officer (Engineering) acts as the Technical Lead to ensure the installation, commissioning, seamless operation, technical sustainability, and quality compliance of solar-powered Reverse Osmosis (RO) plants. The role focuses on high-level monitoring, conducting technical audits, tracking operational expenditures (OpEx), and supervising the field team. The position serves as the primary technical bridge, ensuring all plant performance data and quality compliance reports are accurately submitted to PKSF for monitoring and financing purposes. The Technical Officer (Engineering) will supervise and provide technical guidance to the Technician for community engagement and field-level activity implementation. The Technical Officer (Engineering) will be responsible for the following duties: a)	Supervise the installation and commissioning process of new RO plants to ensure they meet technical specifications and quality standards. b)	Deliver high-level technical oversight for the repair and preventative maintenance of RO units, specifically focusing on membranes and filtration systems (multi-grade, iron removal, activated carbon, and micron filters), feed pumps, high-pressure pumps, solar inverters, and UV sterilizer components. c)	Execute prompt diagnostic and corrective actions for mechanical or electrical failures to ensure minimal system downtime. d)	Oversee the scheduled cleaning of reservoirs and the Clean-In-Place (CIP) process for membranes. e)	Ensure all operations meet safety standards, including the proper handling of chemicals and electrical components. f)	Regularly monitor raw water salinity and treated water quality (TDS, pH, Iron, and Arsenic levels) using field kits or accredited laboratories (DPHE / icddr,b / BUET, etc.). g)	Prepare detailed Bill of Quantities (BOQ) and cost estimates for spare parts, annual maintenance contracts, and technical upgrades. h)	Supervise the daily activities of plant operators, distribution staff, and the Technician, ensuring day-to-day smooth water production, commercial sales, and technical parameters. i)	Provide technical guidance and support to the Technician for community mobilization, beneficiary selection, and awareness activities related to RO plant operations. j)	Review and validate field reports submitted by the Technician and Plant Operators. k)	Conduct on-site training and workshops for local water user groups, operators, and other stakeholders on basic operation and maintenance of RO plants, water quality and climate change issues as well as community awareness. l)	Audit daily operational logs of water production, commercial sales, and technical parameters. m)	Initiate and support promotional activities for the plant to increase water sales and ensure revenue generation for sustainability. n)	Actively involve and coordinate with local stakeholders, including community leaders and local authorities, to ensure smooth plant operations. o)	Work in coordination with the PKSF Project Management Unit (PMU) for technical validation, reporting, and quality assurance. p)	Submit monthly operation & maintenance reports, water quality records, and incident logs in prescribed digital/printed format. q)	Perform any other duties assigned by the Focal Person as per instruction from PKSF PO Management.",1541962,Contractual,Technical Officer (Engineering),,Khulna (Dacope),True,,"Oct 6, 2026",52000,40000,Tk. 40000 (Monthly),,1
"Age At least 30 years   Hands-on skill in building Technical Specification Sheet including Bill of Materials Technical expertise in trouble shooting the production processes of various types & categories of Synthetic footwear issues related to chemical composition, conditionings, statistical process controls, mould quality checks, etc., in sample & bulk production Knowledge on development, R & D, Commercialization, QA & Lab Testing Must be capable of designing, training, implementing and sustaining very rigorous processes and procedures related to the chemical formulation, recipe & compounding of various footwear synthetic products Multitasking Ability  Application knowledge on Lean-Six Sigma, QMS & Automation is advantageous. Action Oriented & Results Driven Collaborates Communicates Effectively Customer Focus Being Resilient Instills Trust",At least 30 years,,,,,"House # 06, Road # 137, Block # SE(D), Gulshan 01, Dhaka 1212","Apex Footwear Limited (AFL) is the leading manufacturer, exporter and retailer of leather footwear in Bangladesh. The company’s export unit is the leader in leather footwear export with 15+ destinations across Europe, North America & Asia. The company’s local unit comprising both Retail and Wholesale channels has a strong footprint with 250+ own retail outlets, 270+ authorized franchisee and 150+ listed distributors across the country. Being a renowned public limited company, AFL has employed more than 13,000 people and is fully compliant with the Corporate Governance Compliance Report. The company generated revenues of USD 175 million up to June 2017.",Apex Footwear Limited,,"Nov 5, 2026","Bachelor of Science (BSc) in Chemistry Master of Science (MSc) in Chemistry The incumbent requires to have Bachelors or Master’s Degree in Polymer Science /Technology Minimum 8 years’ experience industrial product development / management or technical service experience in the field of Polymer, Rubber & Synthetic Product lines with minimum of 4 years exclusive experience in (R & D) developing, formulating the synthetic footwear products",,"M,F,O","Developing new products development plan with item-wise objective, customer forecast, estimated cost & time-line to ensure cost-effective formulation, shorter possible cycle time Improve competitiveness of Apex product portfolio with technical value proposition Create RM supplier database based on MSDS, RMIF and other inputs provided by supplier for the possible benefits in the formulations Evaluate new RM for existing products, new products & cost saving projects for updating the database Evaluate the performance of new RM / existing RM from new supplier from initial production batches so as to ensure the stability of product quality Co-ordinate with Production in First Time Production (FTP) formulations to ensure the precision as per development recipe to achieve product quality and consumption Collaborate actively with Production & Quality in resolving issues and problems with solutions for internal/external customers To customize existing formulations as per trending PM/market requirements and to ensure product deliverables meet those expectations/insights and zero incremental cost Provide the new innovative, creative inputs to achieve the budgeted material cost. Setting-up and managing the Chemical Testing Lab to serve the basic needs of Synthetic PD, R&D and Production including product & lab safety Designing, developing and implementing analytical methods, operational procedures and reliability programs to assure the consistency, accuracy & quality of the production recipe. Demonstrate the key-value of the developed products to PM & front-end operations team (Retail, Distribution & Franchise) so as to differentiate from competitor products.",1541957,Full Time,"Manager, Research & Development",Work at office,Gazipur (Kaliakair),True,,"Oct 6, 2026",0,0,Negotiable,,1
"Age At least 25 years   Strong knowledge about routing and FTTX Technology. Ability to work under a 24/7 roster shift, ensuring uninterrupted technical support and system uptime. Knowledge of ISP/Core Network architecture and Internet backbone operations Strong analytical and problem-solving ability Ability to handle network incidents and service outages under pressure Strong communication and teamwork skills",At least 25 years,,,,,"Apt. A-1, House: 03, Road: 2, Gulshan-1, Dhaka-1212.","Nationwide Internet Service Provider. Broadband (Fiber optics, Radio and Wireless), Data Connectivity, Web design, web Hosting, Domain Registration Services, Corporate Networking, Server Co-location, Mikrotik Solutions etc.",Bijoy Online Limited,,"Nov 4, 2026","Bachelor of Science (BSc) in Computer Science & Engineering, Information Technology, Electronics and Telecommunication Engineering",,"M,F,O","Manage and configure network devices such as Mikrotik routers, switches, and firewalls,OLTs ensuring smooth and secure connectivity. Monitor network systems using network monitoring tools, promptly responding to alerts and resolving any detected faults. Engage directly with clients to identify, analyze, and resolve technical and IT-related challenges efficiently. Provide technical support and respond to customer inquiries through phone calls, emails. Implement innovative network solutions and enhance existing infrastructure for improved efficiency and security. Conduct in-depth analysis of network logs, data, and performance reports to identify root causes of issues and mitigate security vulnerabilities. Maintain proper documentation and prepare necessary technical and operational reports. Deliver timely and effective network services, assistance, and solutions to ensure maximum customer satisfaction.",1541300,Full Time,Engineer / Senior Engineer – Core Network,,Dhaka,True,,"Oct 6, 2026",0,0,Negotiable,"Communication and interpersonal skill,ISP operation,Network Engineering,Network Troubleshooting",1
Age At least 22 years   Ability to work independently in rural and field-based environments Customer-focused mindset Basic reporting and data management skills Knowledge of ISP/ CATV/ Telecom sales is an added advantage,At least 22 years,,,,,"Apt. A-1, House: 03, Road: 2, Gulshan-1, Dhaka-1212.","Nationwide Internet Service Provider. Broadband (Fiber optics, Radio and Wireless), Data Connectivity, Web design, web Hosting, Domain Registration Services, Corporate Networking, Server Co-location, Mikrotik Solutions etc.",Bijoy Online Limited,,"Nov 4, 2026",Bachelor of Business Administration (BBA) Master of Business Administration (MBA),,"M,F,O","Manage existing clients and ensure customer satisfaction, retention, and long-term loyalty. Conduct regular market visits to acquire new clients and onboard them successfully. Create new markets and develop business in existing rural territories. Prepare and share daily, weekly, and monthly sales and activity reports. Manage assigned rural territories to achieve sales and revenue targets. Build and maintain strong relationships with resellers, franchise partners, and clients. Support business development activities including franchise fee collection and device sales. Coordinate with the finance team for recovery of outstanding dues. Develop, train, and lead the sales team to achieve assigned KPIs and business targets while effectively monitoring Salesforce activities and performance. Monitor area-wise costs and maintain proper documentation of expenses. Collaborate with internal teams including Transmission, Finance, Regulatory Affairs, and WiFi Haat teams.",1541320,Full Time,Senior Executive / Asst. Manager - Business Development,Work at office,Anywhere in Bangladesh,True,,"Oct 6, 2026",0,0,Negotiable,"Business Development,Communication and interpersonal skill,Customer Relationship,Negotiation Persuasion Skills,Positive mindset for fieldwork,Willing to Travel",2
"Age At least 22 years   Strong knowledge of Bangladesh Income Tax and VAT laws. Good analytical, communication, and problem-solving skills. Strong Excel and ERP/accounting software knowledge. High integrity, attention to detail, and ability to meet statutory deadlines. Ability to independently determine applicable VAT, VDS, TDS and AIT rates and amount. Strong knowledge on MS Excel and Account ERP Software.",At least 22 years,,,,,"Apt. A-1, House: 03, Road: 2, Gulshan-1, Dhaka-1212.","Nationwide Internet Service Provider. Broadband (Fiber optics, Radio and Wireless), Data Connectivity, Web design, web Hosting, Domain Registration Services, Corporate Networking, Server Co-location, Mikrotik Solutions etc.",Bijoy Online Limited,,"Nov 4, 2026","Master of Commerce (MCom) in Accounting, Finance CA/ACCA/ACMA or relevant Tax & VAT qualification will be an advantage. Professional Training / Certification in VAT, Tax will be added Advantage.",,"M,F,O","Manage Corporate Tax, Withholding Tax (TDS/AIT), VAT, and other applicable taxes. Ensure timely and accurate submission of all tax and VAT returns, statements, and regulatory reports. Ensure compliance with NBR, Income Tax, and VAT regulations. Handle tax/VAT audits, assessments, notices, queries, and regulatory correspondence. Review tax and VAT implications of vendor payments, contracts, imports, and business transactions. Monitor changes in tax and VAT laws and advise management accordingly. Identify tax/VAT risks and recommend appropriate mitigation and optimization strategies. Maintain proper tax and VAT records, documentation, and compliance calendars. Coordinate with Finance, Accounts, Procurement, Legal, Auditors, and external tax consultants.",1541308,Full Time,Assistant Manager- VAT & TAX,,Anywhere in Bangladesh,True,,"Oct 6, 2026",0,0,Negotiable,"Tax (VAT/ Customs Duty/ Income Tax),Tax Law,VAT and Tax,VAT Deduction at Source",1
"Age At least 25 years   Strong knowledge of construction methods, materials, and site management. Good understanding of building codes and construction standards. Good communication skills in Bengali and English. Ability to work independently and manage responsibilities effectively. Experience in building construction projects will be preferred.",At least 25 years,Send your CV to the given email acc360admin@gmail.com,,"Address: H 46, Rd 29, Gulshan-1, Dhaka-1212 Email: acc360admin@gmail.com",,"Gawsia Kashem Center, Level-5, 10/2 Arambagh, Motijheel C/A",,360° DESIGN STUDIO,,"Nov 5, 2026",Bachelor`s degree in Civil Engineering from any recognized university.,,"M,F,O","Job Summary We are looking for a skilled and responsible Civil Engineer (CB Engineer) who will be responsible for planning, supervising, and executing civil construction works. The candidate should have strong technical knowledge, site management skills, and the ability to coordinate with clients, consultants, contractors, and project teams to ensure quality project delivery. Department:	Engineering/Construction Job Responsibilities Civil Engineering & Technical Skills Prepare and review civil engineering drawings, structural details, and construction documents. Understand architectural, structural, and MEP drawings for proper project execution. Ensure construction works are performed according to approved drawings, specifications, and standards. Prepare quantity estimation, BOQ, and material requirements for projects. Using AutoCAD and MS Office (Excel, Word, PowerPoint). Check construction quality, materials, and workmanship as per project requirements. Ensure proper implementation of construction methods and technical procedures. Site Supervision & Project Execution Monitor daily construction activities and ensure work progress according to project schedules. Supervise site works including civil, structural, finishing, and related activities. Coordinate with contractors, subcontractors, suppliers, and site workers. Identify site issues and provide effective technical solutions. Ensure proper safety procedures are followed at the project site. Maintain site records, progress reports, and work documentation. Quality Control & Cost Management Control project costs through proper planning and resource management. Verify measurements, bills, and contractor submissions. Ensure timely completion of assigned project activities. Planning & Leadership Take ownership of assigned projects from planning to completion.",1541955,Full Time,Civil Engineer (CB Engineer),Work at office,Dhaka (GULSHAN 1),True,,"Oct 6, 2026",0,0,Negotiable,,--
Age At least 18 years   3-6 years’ experience at education program implementation and training in especially Rohingya influx Experience to supervise and lead the teams of PO/SPO/Field based staff Chittagong background would be given priority Experience in working with Rohigya (Priority) Knowledge: Knowledge on teaching and learning aspects in the stages of primary or secondary education. Skills: Communication skills. Writing and speaking skills in English and Bangla. Problem solving skills. Working in different types of education related materials or documents. Competencies: Dealing with the pressure to meet the deadline. Ability to problem solve issues. Good team player Proficiency,At least 18 years,,,"Applications will be reviewed on rolling basis. BRAC believes that everyone we work with including our staff, programme participants, partners, and the communities have the right to be protected from all forms of harm, abuse, neglect, harassment, and exploitation including sexual exploitation and abuse (SEA). We uphold human dignity and inclusion for all, regardless of age, race, religion, gender, disability, ethnic origin, or socio-economic condition. We are an equal opportunity employer. We especially encourage those who have shown resilience—who have faced personal struggles, bounced back, and kept pushing forward—to apply. This position is open for Bangladeshi nationals only. BRAC does not charge any fees at any stage of the recruitment process.",,"BRAC
75 Mohakhali, Dhaka-1212, Bangladesh
","BRAC believes that everyone we work with—including our staff, programme participants, partners, and the communities we serve—has the right to be protected from all forms of harm, abuse, neglect, harassment, and exploitation, including sexual exploitation and abuse.

We uphold human dignity and inclusion for all, regardless of age, race, religion, gender, disability, ethnic origin, or socio-economic background. We are an equal opportunity employer. We especially encourage those who have shown resilience—who have faced personal struggles, bounced back, and continued to move forward—to apply.

Selected candidates will have to go through a rigorous reference and background checking process which may include police verification.",BRAC,,"Oct 16, 2026","Master’s degree in Education, Social Science, English or any other relevant field in UGC approved reputed university",,"M,F,O","BRAC is an international development organisation founded in Bangladesh in 1972 that partners globally with over 100 million people living with inequality and poverty to create opportunities to realise their potential. Working at BRAC is not like any other job. It is a platform where you can bring about real change for people who need it the most. We are not just dreaming of a better world; we are building it. Join us to find the way. Purpose: The post Deputy Project Manager will be responsible for overall management of Accelerated Adult Learning (AAL) activities in order to operate and function the adolescent centers, manage logistics, maintain gov. and non-gov. liaison, coordinate different stakeholders and team. Key Responsibilities: Plan and implement the Accelerated Adult Learning Project (AAL) and develop a detailed project plan that outlines the tasks, schedules, budgets, resources and deliverables to achieve its goals. Support and direct the project team members in effectively operating all aspects of the adult learning programme implementation, ensuring the team has the tools and materials needed to succeed in the ADC operation. Drive to improve the facilitator's capacity for effective session delivery of AAL courses to achieve optimum results. Set targets for the AAL implementation team regarding the number of learners enrolled and their progress. Guide and motivate the project team members to gain a good understanding of AAL course packages, approaches, and principles used in adult education so that they can effectively manage the AAL sessions. Track regular progress to ensure the project meets its defined objectives and remains on schedule by prioritising tasks, mitigating delays, and accommodating challenges. Visit and follow up on the programme regularly and ensure the dissemination of observations, findings, and recommendations to team members to ensure the project's effectiveness. Lead quality assurance to meet the projects' expected quality standards, identifying inconsistencies or issues and executing corrective measures. Manage the project budget and prepare necessary financial reports and documents to update the internal management team and donors on the project's expenditures. Liaise efficiently with key stakeholders, including team members, senior management, donors and the community, to ensure everyone is informed and engaged. Identify and assess potential risks and threats to the project’s success and prepare mitigation strategies to ensure smooth execution. Prepare periodical project reports, keep comprehensive records and effective documentation of project activities such as contracts, financial statements, and communications. Safeguarding Responsibilities: Ensure the safety of Programme Participants, people who come into contact with the organisation and team members from any harm, abuse, neglect, harassment and exploitation including sexual exploitation and abuse (SEA) to achieve the programme`s goals of safeguarding implementation. Act as a key source of support, guidance and expertise on safeguarding for establishing a safe working environment. Practice, promote and endorse the issues of safeguarding policy among team members and ensure the implementation of safeguarding standards in every course of action. Follow the safeguarding reporting procedure in case any reportable incident takes place and encourage others to do so",1541945,Contractual,"Deputy Project Manager, Food Security, Skills and Livelihood (FSSL), HCMP",Work at office,Cox`s Bazar (Ukhia),True,,"Oct 6, 2026",0,0,Negotiable,,--
"Age 18 to 30 years Only Female   Requirements: Education: Bachelor’s degree preferred; HSC/Diploma holders with relevant experience are also encouraged to apply. Minimum 2 years of experience in sales or customer support (eCommerce, electronics or consumer goods preferred). Strong communication and persuasion skills in Bangla; basic English is a plus. Comfortable handling Facebook/Messenger inboxes, WhatsApp and web-based CRM tools. Basic computer skills (MS Excel / Google Sheets) for maintaining lead and sales records. Able to multitask in a fast-paced, target-driven environment. Organized, punctual and customer-oriented.",18 to 30 years,Send your CV to the given email atik@torayvinobd.com or Email your CV from <strong>My Bdjobs</strong> account,,How to Apply: Send your CV to atik@torayvinobd.com & use the subject line: Application for Sales & Customer Support Executive - Torayvino BD https://www.torayvinobd.com/,,"House-13, Flat: 3A, Road: 04, Old DOHS, Banani, Dhaka.","Torayvino BD is the exclusive importer and national distributor of Torayvino water purifiers in Bangladesh. Our mission is to make Japanese water purification technology accessible, affordable, and adaptable to the real-life water challenges faced by Bangladeshi households and institutions.",Torayvinobd,https://www.torayvinobd.com/,"Nov 5, 2026",HSC Bachelor/Honors Diploma,,F,"About the Company: Torayvino BD (Mapal International) is the exclusive importer and official distributor of Japan`s trusted Torayvino Water Purifiers in Bangladesh. Our mission is to bring safe, affordable and high-quality water purification to every home. With a strong online presence and an expanding dealer network, we are growing fast and looking for talented people to grow with us. Job Summary: We are looking for a dynamic Sales & Customer Support Executive to handle inbound inquiries, convert leads into sales, and give customers an excellent experience after the sale. Key Responsibilities: Respond to customer inquiries on Facebook Messenger, WhatsApp, website chat and phone calls. Explain product features and benefits clearly, including filtration and water quality (TDS), and guide customers to purchase. Follow up with interested leads regularly and convert them into confirmed sales. Confirm orders, enter them into the system, and coordinate with the delivery team for on-time delivery. Maintain organized records of customer conversations, leads and sales. Prepare daily/weekly sales and lead follow-up reports. Work closely with the digital marketing, retail and dealer sales teams. Handle after-sales queries and keep customers satisfied.",1541735,Full Time,Telesales & Customer Care Executive,Work at office,Dhaka (DOHS Banani),True,,"Oct 6, 2026",0,0,Negotiable,"Client Service,Customer Care,Customer Support through Phone,Ecommerce,Sales,Sales & Marketing,Sales Target Achievement,Telecommunication Service,Telesales ",05
"Age At most 45 years   •	Training on financial management, planning, financial reporting, project accounting and PPR 2025. •	Experience working in coastal regions of Bangladesh on development projects. •	Prior experience in managing accounts for donor-funded projects (e.g., Adaptation Fund, World Bank, European Union). •	Advanced accounting skills and practical knowledge of standard accounting software. •	Strong understanding of budgeting, financial reporting, reimbursement reporting and fund management. •	Knowledge of International Accounting Standards (IAS) and International Financial Reporting Standards (IFRS). •	Ability to prepare financial statements, budgets, and reports in prescribed formats. •	Excellent oral and written communication skills in English and Bangla. •	Strong computer proficiency, especially in MS Office Packages (Excel, Word, PowerPoint). •	Interpersonal skills to perform adequately in a team environment and with partner organizations. 100% travelling to remote project areas",At most 45 years,,"Interested candidates are requested to apply by clicking the “Apply Now” option on BDJobs by  25 Oct, 2026.  Applicants may also submit a hard copy of their application, including: An updated CV with recent photograph, Copies of academic, professional and training certificates, Experience certificates related to financial management & accounting, Contact details of two professional references and a copy of the National Identity Card (NID). The hard copy application should be addressed to: HRM Department, HEED Bangladesh, Plot-19, Block-A, Main Road, Section-11, Mirpur, Dhaka-1216, Bangladesh",,,"Main Road, Plot#19, Section-11,Block - A, Mirpur, Dhaka-1216","HEED Bangladesh established in 1974, HEED Bangladesh has been committed to participate and promote national development through upgrading the socio-economic condition of the disadvantaged and the underprivileged people in the society. As an NGO established by Christian leaders and several western partner organizations in response to post-war needs in Bangladesh, HEED Bangladesh sustained its relevance by redesigning its strategies in accordance with its philosophy of Poverty alleviation and Empowerment of the poor.

 Throughout the years HEED Bangladesh has been serving this nation to achieve Eight SDG (SDG 1, 2, 3, 4, 6, 8, 13, and 17) in various scopes that include Health, Education (Formal and Informal), Agriculture, Capacity Building, Environmental resource management and Bio-diversity conservation, Disaster management, Socio-economic development of marginalized and underprivileged people, etc. 

Presently HEED Bangladesh is working with a motto of ‘Serving the Humanity’ in 32 districts of Bangladesh. Most impactful projects of HEED Bangladesh include Bangladesh has been working in the fields of health, education, agriculture, aquaculture, livestock, forestry, environment & natural resource management, bio-diversity conservation, disaster management, socio-economic development of marginalized and under privileged people, micro finance, nutrition & Hygiene education, water and sanitation, HIV/AIDS, Adolescents and young reproductive health, rural development, awareness raising social mobilization, arsenic mitigation , women empowerment, street children, different emergency response ,Heritage preservationand Educational projects in partnership with the Government of the People’s Republic of Bangladesh, and numerous well-reputed NGOs and INGOs.",HEED Bangladesh,,"Oct 25, 2026",,,"M,F,O","HEED Bangladesh is Non-Government and non-political National Organization working in the field of Health, Education and Economic Development for more than 52 (fifty-two) years. The Organization invites applications from the suitable candidates for its Safe Water Project (SWP) – Access to Safe Drinking Water for Climate-Vulnerable Coastal Communities through Solar-Generated RO Water Treatment Facilities in Khulna area.  Bangladesh is recognized as one of the country’s most vulnerable to the impacts of climate change. The Ministry of Environment, Forest and Climate Change (MoEFCC) has identified the coastal region as one of the major climate hotspot areas due to increasing salinity intrusion, sea-level rise, cyclones, storm surges, tidal flooding, and coastal erosion. These climate-induced hazards have significantly affected the livelihoods, health, and living conditions of coastal communities. Among the most critical challenges is the scarcity of safe drinking water, as freshwater sources are increasingly becoming saline and unsuitable for human consumption. The experience of HEED Bangladesh indicates that climate-vulnerable coastal communities continue to face severe difficulties in accessing safe and reliable drinking water. Salinity intrusion into both surface and groundwater sources, coupled with the impacts of recurrent cyclones and tidal surges, has substantially reduced the availability of potable water. As a result, people—particularly women and children—are compelled to travel long distances to collect drinking water, exposing them to health risks, economic hardship, and reduced productivity. Limited access to safe drinking water also contributes to waterborne diseases and undermines the resilience of vulnerable households. Under these circumstances, to improve access to safe drinking water and strengthen the climate resilience of vulnerable coastal communities in the Dacope upazila of Khulna districts, HEED Bangladesh will implement the project titled “Access to Safe Drinking Water for the Climate Vulnerable People in Coastal Areas of Bangladesh through Solar-generated Reverse Osmosis Water Treatment Facilities.” The project will be financed by the Adaptation Fund (AF) through Palli Karma-Sahayak Foundation (PKSF) and will be implemented over a period of two years. The specific objectives of the project are: •	Ensure access to safe and climate-resilient drinking water for vulnerable coastal communities through the installation and operation of Reverse Osmosis (RO) water treatment plants. •	Enhance awareness and knowledge of climate-vulnerable communities on safe drinking water, health, hygiene, and climate change adaptation practices. Hence, HEED Bangladesh is seeking qualified candidates for the post of “OFFICER (Accounts and Procurement)"" to implement the project and provide overall technical support for the successful implementation of the project activities. BACKGROUD OF THE PROJECT Bangladesh is one of the countries, most vulnerable to the adverse impacts of climate change. Coastal communities are particularly exposed to sea-level rise, cyclones, storm surges, salinity intrusion, riverbank erosion, waterlogging, and irregular rainfall. These climate-related hazards have severely affected surface water and groundwater sources, creating an acute shortage of safe drinking water and increasing risks to the health, livelihoods, and overall well-being of coastal populations. To address this challenge, Palli Karma-Sahayak Foundation (PKSF), with financial support from the Adaptation Fund under the United Nations Framework Convention on Climate Change (UNFCCC), is implementing the three-year project titled “Access to Safe Drinking Water for the Climate Vulnerable People in Coastal Areas of Bangladesh through Solar-generated Reverse Osmosis (RO) Water Treatment Facilities.” Under the project, a total of 180 Reverse Osmosis water treatment plants will be installed in selected climate-vulnerable areas of Khulna districts to improve access to safe and climate-resilient drinking water. The project is being implemented through Operating Entities (OEs) selected by PKSF. Its major activities include the procurement, installation, commissioning, operation, and maintenance of RO water treatment plants; establishment of three (03) Knowledge Hub; procurement and use of water-testing kits; and capacity-building of beneficiaries, local technicians, and relevant stakeholders. The project also includes awareness-raising activities on safe water management, water quality, hygiene, and public health. Job Responsibilities: The Officer acts as the Financial Lead at the HEED Bangladesh level to ensure transparent, compliant, and efficient financial management of the sub-project. The role focuses on maintaining accurate books of accounts, managing fund flows, preparing budgets, financial reports, and reimbursement application ensuring strict adherence to PKSF and donor financial policies. The position serves as the primary financial liaison between the PO and the PKSF’s Project Management Unit (PMU) of Safe water Project (SWP) for all accounting and reporting matters. The Officer will be responsible for the following duties: a) Maintain separate books of accounts for the sub-project on an accrual basis under the historical cost convention, following the accounting manual of PKSF, International Accounting Standards (IAS) and International Financial Reporting Standards (IFRS). b) Operate and maintain a computerized accounting system to record all financial transactions of the sub-project accurately and promptly. c) Prepare and submit monthly financial report and six-monthly reimbursement report according to the PKSF’s Project Management Unit (PMU) of Safe water Project (SWP) financial guideline and template.   d) Support the preparation of annual, half-yearly, and quarterly budgets for the sub-project, aligning with procurement plans and work plans. e) Monitor the flow of funds from the Project to the sub-project and ensure smooth disbursement of funds to vendors, contractors, and for operational expenses in accordance with approved budgets. f) Prepare and submit annual financial statements incorporating disclosure on income and expenditure, receipts and payments, and the financial position of the sub-project, along with relevant notes and information. g) Ensure adequate internal controls are in place for the proper utilization, management, and accounting of funds at the sub-project level. h) Prepare monthly bank reconciliation statements for sub-project bank accounts. i) Prepare and review all sub-project budgets, reimbursement bills, and financial claims from partners/vendors before submission to the PMU. j) Assist in the preparation of cost proposals for new activities, training, and other project-related events. k) Ensure that shared cost amounts are correctly budgeted in each proposal for sub-project activities. l) Coordinate with PKSF’s PMU of SWP accounts and internal audit department of PO’s by providing necessary information and documentation for audits. m) Support external auditors with required information, records, and documentation for project/sub-project audits. n) Review external and internal audit reports, along with management letters, and assist in implementing audit recommendations. o) Provide advice and monitoring support to project and PO’s staff on the efficient operation of sub-project bank accounts and fund utilization. p) Ensure compliance with all PKSF’s PMU of SWP financial, accounting and procurement policies, procedures and donor requirements. r) Work in coordination with the PKSF’s Project Management Unit (PMU) of Safe Water Project (SWP) for financial validation, reporting, and quality assurance. s) Assist to prepare tender documents and evaluation procedure of RO plant installation and construction according to PPR 2025.  t)  Frequent field visit to monitor the RO Plant. u) Any other task which is assign by HEED Bangladesh, PKSF and Donor.",1541952,Contractual,OFFICER (Accounts and Procurement),,Khulna (Dacope),True,,"Oct 6, 2026",52000,40000,Tk. 40000 (Monthly),,1
Age 18 to 35 years Only Male   Must know how to ride a motorcycle. Candidates with their own motorcycle will get preference.,18 to 35 years,,,,,,,Walton Electric Solution,,"Oct 31, 2026",Bachelor/Honors Higher Secondary,,M,Market visits and inspection of potential dealers and retail electrical outlets. Creation of new dealers in designated areas. Implementation of monthly sales targets. Constantly monitoring the activities of dealers and establishing good relations to increase sales. Analyzing product demand and reporting to superiors. Taking appropriate measures for the collection of dues from dealers. Ensuring delivery of goods to dealers by notifying the logistics section of the collected money by updating the software. Perform other duties as directed by Head of Department. Contribute to the sales development of the company from time to time to achieve the highest company sales target and collection target.,1541947,Full Time,"Sales Executive, Walton Cables",Work at office,Anywhere in Bangladesh,True,,"Oct 6, 2026",0,0,Negotiable,Sales,--
"Age At least 30 years   Experience:  1 to 5 years of experience in Agro-based firms (including Agro Processing/Seed/GM). Industry Background: Minimum 1 to 5 years of experience specifically in reputed Poultry / Fish Feed Industries. Experience in sales and marketing within a China-based feed company or top-level company will be given high preference. Must have a mindset and capability for extensive field visits. MBA in Agri-Business / MBA with Major in Marketing BSS (Honors) and Masters in Marketing Bachelor of Science (BSc) / Bachelor of Social Science (BSS) Note: HSC pass candidates with extensive relevant experience are also encouraged to apply. বি:দ্র: RSM পোস্টের জন্য মাছের ফিড কোম্পানিতে কমপক্ষে ২ বছর কাজ করার বাস্তব অভিজ্ঞতা থাকতে হবে। ফিড কোম্পানির কাজের অভিজ্ঞতা ব্যতিত কাউকে RSM হিসাবে নিয়োগ দেয়া হবে নাহ। ★★★ মাছের ফিড কোম্পানিতে কাজ করার অভিজ্ঞতা থাকলে বয়স,শিক্ষাগত যোগ্যতা সব শিথিল করা হবে। ★★★ফিড কোম্পানিতে কাজ করার অভিজ্ঞতা না থাকলে আবেদন করার দরকার নেই। ★★★NSM হিসাবে কাজ করতে হলে প্রর্থিকে অবশ্যই ৫-৭ বছর ফিড কোম্পানির DSM হিসাবে কাজ করার অভিজ্ঞতা থাকতে হবে। ★★★প্রার্থিকে চাকরিতে যোগদান এর সময় জামানত হিসাবে অবশ্যই ২ কপি ব্যাংক চেক জমা রাখতে হবে। ★★★প্রর্থিকে অবশ্যই টার্গেট নিয়ে কাজ করতে হবে।নো সেল নো সেলারি পলিসি মেনে কাজ করার মনমানসিকতা থাকতে হবে।",At least 30 years,,,"★★★Corporate office :Sikdar Tower, 6th Flore(flat-6c) Besides Besik bridge, Bongobondhu sorok,Gopalgonj sodor,Gopalgonj.
Mobile :01401247086, 01772752498.",,,,Pusti Power Agro Feeds,,"Nov 5, 2026",Bachelor of Science (BSc) in Agriculture,,"M,F,O","Pusti Power Agro Feeds is a leading name in the aquaculture sector, specializing in high-quality Fish Feed (Fast Feed). We are looking for energetic, result-oriented, and experienced professionals to join our growing sales team. Job Responsibilities: Achieve sales targets for the assigned territory. Search, expand, and set up new & existing dealer networks. Assist management in sourcing the best potential dealers. Handle order collection & booking; ensure timely delivery from the Feed-mill. Frequently visit fish farms and provide technical support regarding feed/aquaculture. Conduct frequent market surveys and detailed competitor analysis. Provide excellent customer service to both Dealers and Farmers.",1541939,Full Time,RSM (Regional Sales Manager) / NSM (National Sales Manager),Work at office,"Bagerhat, Barishal, Faridpur, Jashore, Jhenaidah, Khulna, Kushtia, Madaripur, Magura, Mymensingh, Narail, Natore, Rajshahi, Satkhira, Shariatpur",True,,"Oct 6, 2026",0,0,Negotiable,"Communication,Feed Marketing,Fish Feeds,Marketing Strategy",10
"Age 18 to 35 years Only Female   Good communication skills in Bangla and English. Basic computer knowledge (MS Office, Email). Customer service experience will be an advantage.",18 to 35 years,,,,,"Flat: 5B, House no: 4, Block: B, Road no: 23/A, Banani, Dhaka-1213, Bangladesh.","Agricare Global Ltd mainly works for the small-scale farmers of Bangladesh. We have created an agri-tech model to ensure the betterment of the farmers so that they get finance or profit after vending their crops. We select the areas or zones according to various aspects and appoint a representative of that specific zone. We provide funds only to those farmers who belong to that specific area. After receiving the finance, farmers start cultivating, and our representative monitors the whole process. If the farmers need any instructions regarding cultivation, our experts are always available to share knowledge with them. When the crops or products are ready to sell, they sell their crops through AgriCare or vending to the local market and return the profit with the funding amount to AgriCare. We also do vegetable trading. We source vegetables from local areas and make sure the farmers get genuine prices from his crops. We generate the whole trading process by our strong supply chain system. We are always working for the betterment of the farmers because we believe that Bangladesh is an agricultural country and Farmers are the backbone of our national economy.",AgriCare Global Limited,https://agricare.global/,"Oct 16, 2026",HSC,,F,Handle inbound and outbound customer calls professionally. Respond to customer inquiries and resolve issues. Maintain customer records and prepare call reports. Coordinate with relevant departments to ensure customer satisfaction.,1541924,Full Time,Call Centre Executive,Work at office,Dhaka (Banani),True,,"Oct 6, 2026",0,0,Negotiable,"Customer Relationship,Customer Support through Phone,Outbound and Inbound Calls",1
Age At least 25 years Only Male   Fluency in Bangla & English will  be added advantage. Having own Motor Bike.,At least 25 years,,,,,,,100% Export Oriented Manufacturing Company,,"Nov 5, 2026",Master of Business Administration (MBA) in Marketing,,M,"Promote and sell  mushroom products . Develop  spot market and institutional sales . Identify new customers and develop new business opportunities. Maintain regular communication and relationships with customers. Visit markets, institutions, and customers as required. Achieve assigned  sales targets . Prepare sales reports and provide market feedback to the department. Perform other sales and marketing activities as assigned.",1541743,Full Time,"Executive, Marketing & Sales (Mushroom)",Work at office,Dhaka,True,,"Oct 6, 2026",0,0,Negotiable,"Smart presentation Skill,Strong Written and Verbal Communication Skills",01
Age At least 32 years Only Male   Only candidates with prior experience in the real estate or developer sector are encouraged to apply.,At least 32 years,,,,,"Rupayan Centre (Level-21), 72 Mohkhali C/A, Dhaka-1212.","Founded in 1988, RUPAYAN Group currently ranks as one of the leading emergent multi-dimensional national conglomerates in Bangladesh comprising 29 SBUs, employing around 1100 people. We engage ourselves in Billboard Design, Drawing & Advertising, Real Estate & Construction, Land Development, Trading, Design & Interior Services, Furniture, Fabrics, Bank, Telecom (IGW, IIG, ICX), Welfare Trust, Port & Logistics Services, Freight forwarding (Sea), Dredging, CNG & Fuel Station, Hotel & Resorts, Education, Rental Services & Consultancy, Retail Chain Store, LPG, TV Channel, and other diversified business. Our aim is to create a center of excellence by recruiting and facilitating the competent people available. In search of excellence we seek application from the right people to be a part of Rupayan family.",Rupayan Group,,"Nov 5, 2026",Bachelor of Business Administration (BBA) Bachelor of Business Studies (BBS),,M,"Searching prospects and generating leads. Contacting potential and existing customers over the phone, by email, and in person. Hitting monthly targets, build and maintain a relationship with clients and prospects. Response customer`s questions, inquiries and complaints. Collect and analyze data and prepare sales report. Managing the sales process through specific software program. Build and maintain a CRM database along with professional networks. Identify potential market/ clients along with new sales opportunity. Monitor existing competitors` activities and compete accordingly. Periodical Report Generation and Presentation. Experience in team supervision will be given priority. Any other job assigned by Supervisor/Management related to role.",1541950,Full Time,Assistant Manager/ Deputy Manager - Sales,Work at office,Dhaka (Uttara Sector 12),True,,"Oct 6, 2026",0,0,Negotiable,"Client Service/ Marketing,Competitor Analysis,Ethics and integrity,Lead Generation,Market Knowledge,Networking and Communications Skills,Selling Apartments and Commercial Space",10
"Age 25 to 35 years Only Male   Experience 06 Month The applicants should have experience in the following business area(s): Garments, Group of Companies, Import",25 to 35 years,Send your CV to the given email admin@kacfwl.com or Email your CV from <strong>My Bdjobs</strong> account,,,,"KAC House, House # 11, Road # 7/C, Sector # 9, Uttara Model Town, Dhaka-1230.",Knit and Woven Garments ,KAC Fashion Wear Ltd.,,"Nov 5, 2026",Bachelor/Honors,,M,"Prepare and process import-related documents including LC, Proforma Invoice (PI), Commercial Invoice, Packing List, Bill of Lading/Airway Bill, Certificate of Origin, Insurance documents, and other required documents. Follow up on Letter of Credit (LC) opening, amendment, shipment, and document negotiation. Verify import documents and ensure accuracy before submission to the bank, customs, and other authorities. Maintain proper records of import shipments, LC files, customs documents, invoices, and payment documents. Track shipment status from supplier dispatch through customs clearance and final delivery. Support the Commercial Manager in resolving import-related operational and documentation issues. Perform other duties assigned by management.",1541943,Full Time,Commercial Officer (Import),,Dhaka,True,,"Oct 6, 2026",0,0,Negotiable,,--
"Age At most 30 years   2-3 years of experience in cold-chain operations, refrigeration, or Related technical work will get preference.",At most 30 years,,,,,"SFBL Tower, 11/C Banani, Road No: 27, Dhaka - 1213","Square Food & Beverage Limited (SFBL), a sister concern of Square Group, is the leading corporate house in Bangladesh. For its obsession with quality management, the company had obtained the international quality standard ISO 9001 in 2005 and ISO 22000 for its food safety management system in 2010. Square Food & Beverage Ltd. has introduced five popular brands in the market namely Radhuni, Ruchi, Chashi, Chopstick and Aaram, while Radhuni is the company`s flagship brand. SFBL now exports its international standards products to 48 countries all around the globe. ",Square Food & Beverage Ltd.,,"Nov 4, 2026","Diploma Diploma/SSC with Technical Certification in Refrigeration, Mechanical, or Electrical Engineering.",,"M,F,O","Square Food & Beverage Ltd. is a leading, fast growing and ISO standard company in Bangladesh. We offer a challenging work environment, diverse job opportunities with competitive salaries and benefits. To support its continuous growth, we are looking for a smart, energetic and hard-working team member for the below position. Position:  Technician (Freezer), Cold Chain Business Department:  Sales Key Responsibilities: Perform routine inspection, preventive maintenance, troubleshooting, and repair of Refrigeration vehicles, freezers, cold rooms and other refrigeration equipment. Monitor and maintain required temperature ranges to ensure proper cold-chain compliance and product safety. Diagnose electrical, mechanical, and refrigeration system faults and carry out necessary corrective actions. Check and maintain compressors, condensers, evaporators, fans, thermostats, controllers, sensors, refrigerant lines, and other critical components. Assist in the installation, commissioning, relocation, and preventive maintenance of cold-chain and refrigeration equipment. Maintain accurate maintenance records, service reports, temperature logs, and equipment history. Follow electrical, refrigeration, occupational health, safety, and environmental procedures during all maintenance activities. Maintain proper inventory and usage records of spare parts, tools, refrigerants, and maintenance materials. Coordinate with the Supervisor and relevant departments to ensure timely completion of maintenance and repair activities.",1541391,Full Time,"Technician (Freezer), Depot Operation",,Anywhere in Bangladesh,True,,"Oct 6, 2026",0,0,Negotiable,,--
"Age 18 to 28 years Only Female   Computer skill must অন্যান্য শর্তাবলী প্রার্থী: শুধু নারী প্রার্থীরা আবেদন করতে পারবেন। বয়স: ১৮ থেকে ২৮ বছর। অন্যান্য যোগ্যতা: অবশ্যই কম্পিউটার এর এক্সেল, ওয়ার্ড ও ইন্টারনেট সম্পর্কে পূর্ণ অভিজ্ঞতা থাকতে হবে",18 to 28 years,,,,,"43, sher-e-bangla road, Hazaribagh, dhaka-1209",Leather goods manufacturer and supplier,Glossy Leather Goods Bd,https://www.glossyleather.com/,"Oct 16, 2026",Bachelor of Commerce (BCom) শিক্ষাগত যোগ্যতা:  ন্যূনতম অনার্স পাস।,,F,"প্রতিষ্ঠানের নাম : গ্লোসি লেদার গুডস বিডি পদের নাম:  হিসাবরক্ষক দায়িত্বসমূহ: কাস্টমারদের সাথে ভালোভাবে কথা বলা ও সেবা প্রদান করা। প্রতিষ্ঠানের সকল কাজ পরিচালনা করা। কর্মক্ষেত্র ও যোগাযোগ:  ৪৩, শের-ই-বাংলা রোড, হাজারীবাগ, ঢাকা ১২০৯। সময়:  সকাল ৮ টা থেকে রাত ৮টা",1541944,Full Time,Accountant (Female Only),Work at office,Dhaka,True,,"Oct 6, 2026",13000,12000,Tk. 12000 - 13000 (Monthly),"Buyer Handling,Internet browsing & online work ability.,MS word English and Bangla (Bijoy),Stock Management,Word CRM programs Excel and Powerpoint Excel Delphi and Meeting Matrix",01
"Age At least 24 years   যোগ্যতা ও অভিজ্ঞতা পাঠ্যপুস্তক প্রকাশনা প্রতিষ্ঠানে সংশ্লিষ্ট অভিজ্ঞতাসম্পন্ন প্রার্থীদের বিশেষ অগ্রাধিকার দেওয়া হবে। ১–৩ বছরের প্রাসঙ্গিক অভিজ্ঞতা থাকলে অগ্রাধিকার; তবে যোগ্য ও আগ্রহী ফ্রেশ গ্র্যাজুয়েটরাও আবেদন করতে পারবেন। MS Excel/Google Sheets, MS Word, বাংলা টাইপিং -এ দক্ষতা থাকতে হবে। ভালো যোগাযোগ, রিপোর্টিং, পর্যবেক্ষণ ও বিশ্লেষণী দক্ষতা থাকতে হবে। প্রয়োজনে মাঠপর্যায়ে ভিজিট করার মানসিকতা থাকতে হবে। দায়িত্বশীলতা, সময়ানুবর্তিতা এবং টিমের সঙ্গে কাজ করার সক্ষমতা থাকতে হবে।",At least 24 years,,,"আগ্রহী ও যোগ্য প্রার্থীদের ছবিযুক্ত পূর্ণাঙ্গ জীবনবৃত্তান্ত (CV) এবং প্রয়োজনীয় সংশ্লিষ্ট কাগজপত্র সংযুক্ত করে ই-মেইলে অথবা ডাকযোগে আবেদন করার জন্য অনুরোধ করা যাচ্ছে। আবেদনের সময় ই-মেইলের Subject অথবা খামের ওপর অবশ্যই ""মার্কেট কমিউনিকেশন ও মনিটরিং অফিসার"" পদটির নাম উল্লেখ করতে হবে। যোগাযোগ মানব সম্পদ উন্নয়ন বিভাগ রেখা প্রকাশনী লিমিটেড (সিস্টার কনসার্ন অব অগ্রণী প্রিন্টিং প্রেস ও কর্ণফুলী আর্ট প্রেস) ঠিকানা:  চায়না টাউন (পশ্চিম টাওয়ার), W-২২/১, W-২২/২, W-২২/৩, ৬৭/১, নয়াপল্টন, ঢাকা-১০০০। ই-মেইল: rekhaprokashoni.hr@gmail.com",,"Paltan China Town, Office No: W-22/1, W-22/2, W-22/3, (21 floor)
West Tower, 67/1 Naya Paltan, VIP Road, Dhaka",,Rekha Prokashoni Limited,,"Oct 16, 2026",Bachelor/Honors যেকোনো বিষয়ে স্নাতক/সমমান ডিগ্রি।,,"M,F,O","দেশের স্বনামধন্য প্রকাশনা প্রতিষ্ঠান রেখা প্রকাশনী লিমিটেড-""দিগন্ত বই"" এর মার্কেট কমিউনিকেশন ও মনিটরিং অফিসার পদে যোগ্য, উদ্যমী ও দায়িত্বশীল প্রার্থীদের নিকট থেকে আবেদন আহ্বান করা যাচ্ছে। কর্মস্থল:  প্রধান কার্যালয় প্রধান দায়িত্বসমূহ: মাঠপর্যায়ের কর্মীদের সঙ্গে কার্যকর সমন্বয় সাধন এবং বাজারসংশ্লিষ্ট কার্যক্রমের যথাযথ ফলোআপ নিশ্চিত করা। মাঠপর্যায়ের কর্মীদের দৈনন্দিন কার্যক্রম মনিটর করা এবং তাদের দাখিলকৃত রিপোর্ট যাচাই ও বিশ্লেষণ করা। বাজার পরিস্থিতি, প্রতিযোগী প্রতিষ্ঠানের কার্যক্রম, পণ্যের মূল্য ও প্রাপ্যতা সম্পর্কে নিয়মিত তথ্য সংগ্রহ করা। দৈনিক, সাপ্তাহিক ও মাসিক রিপোর্ট এবং প্রয়োজনীয় মার্কেট ইনসাইট প্রস্তুত করা। মাঠপর্যায়ের সমস্যা, চ্যালেঞ্জ ও সম্ভাবনা চিহ্নিত করে যথাসময়ে ব্যবস্থাপনাকে অবহিত করা। বাজার ও ফিল্ড কার্যক্রমের অগ্রগতি পর্যবেক্ষণ করে প্রয়োজনীয় তথ্য ও সুপারিশ প্রদান করা।",1541942,Full Time,মার্কেট কমিউনিকেশন ও মনিটরিং অফিসার,Work at office,Dhaka (Naya Paltan),True,,"Oct 6, 2026",0,0,Negotiable,,12
"Age At most 45 years   100% travelling to remote project areas. Experience Requirements • Experience working in coastal regions of Bangladesh on water, WASH, or climate change projects. • Prior experience in community level projects/programs. Preference will be given to candidates with relevant experience.",At most 45 years,,"Interested candidates are requested to apply by clicking the “Apply Now” option on BDJobs by  25 Oct, 2026.  Applicants may also submit a hard copy of their application, including: An updated CV with recent photograph, Copies of academic and professional certificates, Experience certificates related to community development or project implementation, Contact details of two professional references and a copy of the National Identity Card (NID). The hard copy application should be addressed to: HRM Department, HEED Bangladesh, Plot-19, Block-A, Main Road, Section-11, Mirpur, Dhaka-1216, Bangladesh.  HEED Bangladesh always ensures equal opportunity to everyone irrespective of race, age, gender, sexual orientation, HIV status, class, ethnicity, disability, location, and religion. HEED Bangladesh is opposed to any form of discrimination, exploitation, and abuse, including child abuse, child labor , slavery, prostitution and trafficking of persons for any purpose. In the design and implementation of programs and policies, we always work without bias, to do no harm and to reduce (rather than contribute to) the consequences of discrimination, exploitation, and abuse.",,,"Main Road, Plot#19, Section-11,Block - A, Mirpur, Dhaka-1216","HEED Bangladesh established in 1974, HEED Bangladesh has been committed to participate and promote national development through upgrading the socio-economic condition of the disadvantaged and the underprivileged people in the society. As an NGO established by Christian leaders and several western partner organizations in response to post-war needs in Bangladesh, HEED Bangladesh sustained its relevance by redesigning its strategies in accordance with its philosophy of Poverty alleviation and Empowerment of the poor.

 Throughout the years HEED Bangladesh has been serving this nation to achieve Eight SDG (SDG 1, 2, 3, 4, 6, 8, 13, and 17) in various scopes that include Health, Education (Formal and Informal), Agriculture, Capacity Building, Environmental resource management and Bio-diversity conservation, Disaster management, Socio-economic development of marginalized and underprivileged people, etc. 

Presently HEED Bangladesh is working with a motto of ‘Serving the Humanity’ in 32 districts of Bangladesh. Most impactful projects of HEED Bangladesh include Bangladesh has been working in the fields of health, education, agriculture, aquaculture, livestock, forestry, environment & natural resource management, bio-diversity conservation, disaster management, socio-economic development of marginalized and under privileged people, micro finance, nutrition & Hygiene education, water and sanitation, HIV/AIDS, Adolescents and young reproductive health, rural development, awareness raising social mobilization, arsenic mitigation , women empowerment, street children, different emergency response ,Heritage preservationand Educational projects in partnership with the Government of the People’s Republic of Bangladesh, and numerous well-reputed NGOs and INGOs.",HEED Bangladesh,,"Oct 25, 2026",Educational Requirements • SSC or HSC from Bangladesh Secondary and Higher Secondary Education Board or SSC Vocational from Technical Education Board or equivalent. • Must have relevant experience. • Educational qualification and age limit may be relaxed for the deserving candidate with adequate technical knowledge and experience.,,"M,F,O","Job Context  HEED Bangladesh is Non-Government and non-political National Organization working in the field of Health, Education and Economic Development for more than 52 (fifty-two) years. The Organization invites applications from the suitable candidates for its Safe Water Project (SWP) – Access to Safe Drinking Water for Climate-Vulnerable Coastal Communities through Solar-Generated RO Water Treatment Facilities in Dacope, Khulna. Bangladesh is recognized as one of the country’s most vulnerable to the impacts of climate change. The Ministry of Environment, Forest and Climate Change (MoEFCC) has identified the coastal region as one of the major climate hotspot areas due to increasing salinity intrusion, sea-level rise, cyclones, storm surges, tidal flooding, and coastal erosion. These climate-induced hazards have significantly affected the livelihoods, health, and living conditions of coastal communities. Among the most critical challenges is the scarcity of safe drinking water, as freshwater sources are increasingly becoming saline and unsuitable for human consumption. The experience of HEED Bangladesh indicates that climate-vulnerable coastal communities continue to face severe difficulties in accessing safe and reliable drinking water. Salinity intrusion into both surface and groundwater sources, coupled with the impacts of recurrent cyclones and tidal surges, has substantially reduced the availability of potable water. As a result, people—particularly women and children—are compelled to travel long distances to collect drinking water, exposing them to health risks, economic hardship, and reduced productivity. Limited access to safe drinking water also contributes to waterborne diseases and undermines the resilience of vulnerable households. Under these circumstances, to improve access to safe drinking water and strengthen the climate resilience of vulnerable coastal communities in Dacopeupazila of Khulna districts, HEED Bangladesh will implement the project titled “Access to Safe Drinking Water for the Climate Vulnerable People in Coastal Areas of Bangladesh through Solar-generated Reverse Osmosis Water Treatment Facilities.” The project will be financed by the Adaptation Fund (AF) through Palli Karma-Sahayak Foundation (PKSF) and will be implemented over a period of two years. The specific objectives of the project are: •	Ensure access to safe and climate-resilient drinking water for vulnerable coastal communities through the installation and operation of Reverse Osmosis (RO) water treatment plants. •	Enhance awareness and knowledge of climate-vulnerable communities on safe drinking water, health, hygiene, and climate change adaptation practices. Hence, HEED Bangladesh is seeking qualified candidates for the post of ""Technician"" to implement the project and provide overall technical support for the successful implementation of the project activities. Job Responsibilities: The Technician acts as the Field Implementation Lead to ensure effective community engagement, smooth implementation of project activities, and achievement of project objectives at the grassroots level. The role focuses on community mobilization, beneficiary identification and support, field-level monitoring, and coordination with local stakeholders. The position serves as the primary field-level bridge between the community, HEED Bangladesh and the Project Focal Person. The Technician works under the direct supervision and technical guidance of the Project Focal Person and is responsible for executing day-to-day field activities in compliance with project guidelines.  The Technician will be responsible for the following duties: •	Facilitate monthly meetings of community groups, ensuring active participation and discussion of climate change challenges, adaptation strategies, and project activities. •	Work with community groups to identify beneficiaries and participants for various project activities, including RO plant installation, water distribution, and livelihood support initiatives. •	Ensure transparent and inclusive selection of beneficiaries, with special attention to vulnerable and marginalized groups, including women and persons with disabilities. •	Supervise and monitor day-to-day field activities to ensure they are implemented according to the approved work plan, timeline, and technical specifications. •	Coordinate with the Technical Officer (Engineering) to support smooth installation, commissioning, and operation of RO plants. •	Support promotional activities for the RO plants to increase water sales and ensure revenue generation for sustainability. •	Promote the adoption of climate-smart practices, water conservation, and sustainable livelihoods within the community. •	Regularly monitor project activities, collect field-level data on community demographics, livelihoods, climate perceptions, and project impacts. •	Prepare regular reports on community engagement activities, awareness campaigns, beneficiary selection processes, and field-level progress. •	Document success stories, lessons learned, and challenges faced during project implementation for knowledge sharing and reporting. •	Assist with data collection and reporting for project monitoring, evaluation, and learning (MEAL) activities. •	Submit all field reports to the Technical Officer (Engineering) for review and validation. •	Liaise with the Focal person of the project, Technical Officer (Engineering), and PMU of PKSF to ensure efficient data sharing, reporting, and coordination of activities. •	Conduct on-site training and orientation for water user groups and operators on project objectives, safe water practices, operation and maintenance, and hygiene promotion. •	Ensure all field activities meet environmental and social safeguards. •	Perform any other duties assigned by the Project Focal Person as per instruction from PKSF and PO Management.",1541941,Contractual,Technician,,Khulna (Dacope),True,,"Oct 6, 2026",39000,30000,Tk. 30000 (Monthly),,1
"Age At least 23 years   Experience: 1–3 years in Website Development, Graphic Design, and LinkedIn Lead Generation. (Freshers with strong portfolios are also encouraged to apply for Executive role). Graphic Design: Proficient in Adobe Photoshop, Illustrator, or Canva, with experience in poster, brochure, and print design. Video editing skills (Premiere Pro / CapCut) are a plus. Website Development: Hands-on experience with WordPress / Wix / Shopify, responsive design, basic HTML/CSS, and SEO fundamentals. LinkedIn Lead Generation: Experience with LinkedIn Sales Navigator, lead research, outreach/follow-up, and CRM or lead tracking. Strong practical and interpersonal skills; must be able to submit a portfolio of design, website, and lead generation work. Ability Good written communication skills in both Bengali and English",At least 23 years,Send your CV to the given email hr@thefatiha.com,,"Interested candidates are invited to send their updated Resume/CV to Email. WhatsApp: 01335074381 Please mention ""Application for Executive / Senior Executive - IT & Digital Marketing"" in the subject line. Join FATIHA VENTURE LIMITED and be a part of our growing team",,"Plot-4, Sector-02, Block-D, Lakeview Road, Aftabnagar, Dhaka-1212",www.thefatiha.com,Fatiha Venture Ltd.,,"Oct 30, 2026","Bachelor/Honors Masters Bachelor’s, Master’s, or Diploma in relevant discipline from a recognized university/institute (Computer Science/Engineering, IT, Graphic Design, Marketing, or a related field with proven relevant experience).",,"M,F,O","Job Summary FVL – Fatiha Venture LTD. is a leading import and distribution company. We are looking for a creative, energetic, and tech-savvy professional to join our team as an Executive/Senior Executive (IT & Digital Marketing). In this role, you will be responsible for developing and maintaining our website, creating engaging print and digital designs (posters, brochures and more), and generating quality business leads through LinkedIn. Key Responsibilities (Job Responsibilities) Graphic & Print Design: Design attractive posters, brochures, banners, flyers, leaflets, and other promotional materials using Adobe Photoshop, Illustrator, or Canva. Create social media graphics, LinkedIn post creatives, website assets, and digital advertisement designs. Ensure all designs align with the brand’s identity and visual guidelines. Prepare company brochure, company profile, catalogue, banner, poster, and leaflet for print and digital campaigns/programs, ensuring print-ready quality. Website Development & Maintenance: Design, develop, and launch responsive websites and landing pages using WordPress, Wix, Shopify, or similar platforms. Maintain and update the company website, including content, banners, product pages, plugins, and themes. Ensure website speed, mobile responsiveness, security, and basic SEO best practices. Manage domain, hosting, SSL, regular backups, and system updates. Track website performance (Google Analytics / Search Console) and implement improvements. LinkedIn Lead Generation & Outreach: Research and identify potential clients, distributors, and B2B prospects using LinkedIn (Sales Navigator) and other tools. Build targeted lead lists, send connection requests and personalized outreach messages, and follow up consistently. Manage and grow the company LinkedIn page; plan, schedule, and publish regular posts to build brand presence. Maintain a lead database/CRM, track outreach performance (response rate, qualified leads), and report to management regularly.",1541762,Full Time,Executive / Senior Executive - IT & Digital Marketing,,Dhaka (Aftabnagar),True,,"Oct 6, 2026",0,0,Negotiable,,--
"Age 26 to 35 years Only Male   Must have a valid driving license and personal motorcycle/bike. Candidates with Electrical Licensing Board (ELB) Supervisor/Electrician certification will be given preference. Good understanding of electrical power systems and basic electrical engineering principles. Basic knowledge of electrical drawings, SLD, load calculation, control panels, and power equipment. Good communication, presentation, negotiation, and interpersonal skills. Good command of Bangla and English, both written and spoken. Proficiency in MS Office will be an advantage. Must be willing to travel and work at project sites across Bangladesh. Proactive, responsible, and willing to learn. Candidates interested in both technical engineering and sales activities are encouraged to apply. People with no experience in Sells & Marketing are discouraged to apply.",26 to 35 years,,,,,"Alaya House
(5th Floor)House: 36, Road-02, Dhanmondi, Dhaka-1205.","Developer, packaing,trading,export & Import,Travels & Concentracy .",MH Dhanmondi Limited,http://mhdhanmondilimited.com,"Nov 5, 2026","Diploma in Electrical in Electrical & Electronic Engineering, Electronics Bachelor of Science (BSc) in Electrical & Electronic Engineering, Electronics",,M,"MH DHANMONDI LTD.  is looking for a motivated and technically capable  Generator Sells & Business Development (Assistant Engineer Electric)  to join our team in Bangladesh. The position is suitable for fresh Diploma/BSc Electrical Engineers as well as candidates with 2–3 years of relevant experience in power generation, substation, technical sales, or commissioning. Job Responsibilities Support  technical sales and business development  activities for power and electrical solutions. Visit clients, consultants, contractors, industries, and project sites to understand technical requirements. Conduct  site surveys, load assessments, and technical inspections  for power projects. Assist in sales, installation, testing, commissioning, and after-sales support of: Substations and Power Distribution Systems Diesel/Gas Generator Sets Solar Power Systems and related equipment Synchronization, ATS/AMF, control and protection systems ACB, MCCB, switchgear, electrical panels and related equipment Prepare and review  technical quotations, BOQ, SLD, specifications, tender documents, and proposals . Assist in system design, equipment selection, load calculations, and technical solutions according to project requirements. Coordinate with clients, consultants, contractors, suppliers, and internal technical teams. Support  installation, testing, commissioning, troubleshooting, and maintenance  activities at project sites. Follow up on quotations, tenders, ongoing projects, and new business opportunities. Prepare customer visit reports, project updates, and other technical/commercial reports. Travel to different locations across Bangladesh for  client meetings, site surveys, project execution, commissioning, and business development . Perform any other technical, sales, or project-related responsibilities assigned by the management.",1541709,Full Time,Assistant Engineer (Electric - Generator Sells & Business Development),Work at office,Dhaka (Dhanmondi),True,,"Oct 6, 2026",0,0,Negotiable,"Business Development,Communication,Diesel Generator,Sales & Marketing,Sales Development,Solar Energy",1
"Age 21 to 35 years   প্রার্থীকে Europe Student Visa Counseling সম্পর্কে practical knowledge থাকতে হবে।বিশেষ করে নিচের দেশগুলোর Student Visa & Admission Process সম্পর্কে ভালো ধারণা থাকা আবশ্যক. Lithuania🇳🇴,Norway, Poland, Finland, Greece, UK,  Europe Student Visa Counseling সম্পর্কে practical knowledge এই পদের জন্য সবচেয়ে গুরুত্বপূর্ণ যোগ্যতা।",21 to 35 years,,,,,"House#11, Road #07, sector#10, Uttara, Dhaka-1230","At First Global Visa Consultancy, we are committed to helping Bangladeshi applicants achieve their international education, career, travel, and business goals through reliable and professional visa services. With experienced counselors and personalized guidance, we simplify the entire application process, ensuring every client receives the highest level of support from the initial consultation to visa approval.

Whether you are planning to study abroad, build your career overseas, explore new destinations, establish an international business, or work remotely as a digital nomad, our expert team is here to guide you every step of the way.",First Global visa consultancy,,"Nov 5, 2026",Diploma Bachelor/Honors,,"M,F,O","Students-এর  academic background, career goals, financial capability এবং preferred destination  বিশ্লেষণ করে উপযুক্ত study options সম্পর্কে counseling করা। Europe & UK Student Visa  সম্পর্কে accurate information প্রদান এবং students-কে সম্পূর্ণ admission ও visa process সম্পর্কে guide করা। Lithuania, Norway, Poland, Finland, Greece ও UK -এর বিশ্ববিদ্যালয়, courses, tuition fees, intakes, admission requirements এবং visa requirements সম্পর্কে students-কে সঠিক তথ্য দেওয়া। Student-এর profile অনুযায়ী  university ও course selection  করতে সহায়তা করা। Admission-এর জন্য প্রয়োজনীয়  academic, financial এবং supporting documents  সম্পর্কে students-কে গাইড করা। University application, offer letter, tuition fee payment এবং অন্যান্য admission formalities-এর ক্ষেত্রে students-কে প্রয়োজনীয় support দেওয়া। Visa application-এর জন্য  financial documents, SOP, interview preparation এবং অন্যান্য প্রয়োজনীয় documentation  সম্পর্কে proper guidance প্রদান করা। Assigned student leads-এর সাথে নিয়মিত  phone call, WhatsApp, email এবং face-to-face counseling  এর মাধ্যমে follow-up করা। Interested students-এর queries দ্রুত resolve করা এবং তাদের application process-এর প্রতিটি stage-এ যথাযথ support দেওয়া। Student application-এর  status, follow-up, offer letter, visa processing এবং enrollment  নিয়মিত track ও update করা। Students ও guardians-এর সাথে professional relationship বজায় রেখে  trust ও service quality  নিশ্চিত করা। Monthly/weekly  admission ও sales targets  অর্জনের জন্য proactiveভাবে কাজ করা। CRM/Google Sheet/Company software-এ student information, follow-up এবং application status নিয়মিত update রাখা। Visa policy, university requirements, admission criteria এবং destination-country updates সম্পর্কে  নিয়মিত research ও নিজেকে updated রাখা । Team-এর সাথে coordination করে student application এবং visa processing-এর overall workflow smooth রাখা।",1541899,Full Time,Student Counselor,Work at office,Dhaka (Uttara Sector 10),True,,"Oct 6, 2026",0,0,Negotiable,"Immigration Consultancy,Student Admission,Student Counseling,Uk Student visa Processing",5
"Age At least 22 years   Candidate  having both technical understanding and sales/marketing capability will be preferred The applicants should have experience in the following business area(s): Indenting Firm Minimum 5 years of relevant professional experience in the respective sector. Proven track record of successfully handling projects, tendering, or business procurement activities. Thorough knowledge of Government procurement procedures, tendering, contracts, commercial documentation, and procurement practices of Government and institutional buyers is essential. Strong analytical, technical writing, presentation, communication, and project coordination skills. Ability to work independently, manage multiple assignments, and consistently deliver results. Excellent communication and interpersonal skills. Strong sales, negotiation, and client relationship management skills. Good command of Bangla and English, both written and spoken. Good working knowledge of MS Office. Self-motivated, proactive and result oriented. Ability to work independently and as part of a team. Willingness to travel for client meetings and project visits. Knowledge of ACP or construction/building materials will be an advantage.",At least 22 years,,,,,,,A Well Reputed Export Oriented Company,,"Nov 5, 2026","Bachelor`s Degree in Electrical, Mechanical Engineering, Civil Engineering or a related discipline Master of Business Administration (MBA)  in Marketing from a reputed university",,"M,F,O","Responsibilities & Context: Aluminum Composite Panel (ACP) serving commercial, residential, industrial, and institutional construction projects across Bangladesh. We are looking for 4 dynamic, energetic and target-oriented professionals to strengthen our Corporate Sales & Business Development Team. Oversee day-to-day operation and preventive/corrective maintenance with Sales team and do required bills to delivery service providers) across private and industrial sites. Manage spare parts, consumables and equipment inventory, including procurement and timely replenishment. Manage AMC contracts, including pricing, renewal, service delivery and client expectations. Coordinate emergency support, breakdown maintenance and dislodging operations when required. Prepare maintenance reports, track breakdowns/resolutions and provide regular updates to management. Monitor O&M and maintenance budgets, identify cost-saving opportunities and support budget planning. Coordinate with clients, internal teams, contractors and vendors to ensure smooth service delivery. Support business development activities, including client visits, proposals, presentations, pricing discussions and new O&M opportunities. Support project implementation, commissioning and cooperate O&M team.",1541889,Full Time,In-Charge (Warehouse and Sales Support Management),,Dhaka,True,,"Oct 6, 2026",0,0,--,,1
Age 22 to 30 years Only Male,22 to 30 years,,,,,,,Nextjobz,,"Nov 5, 2026",Bachelor/Honors,,M,"Identify and approach corporate clients through door-to-door visits, field calls, referrals, and networking. Conduct client meetings, presentations, and product/service demonstrations. Promote Nextjobz’s recruitment, job posting, CV database, headhunting, and HR solutions. Prepare proposals, negotiate deals, and close sales according to company policy. Achieve assigned monthly and quarterly sales targets. Build and maintain strong relationships with new and existing corporate clients. Follow up on job postings, recruitment needs, payments, and renewals. Update CRM system records and submit daily/weekly sales reports to management.",1541932,Full Time,Assistant Officer - Corporate Sales (Dhaka),,Dhaka,True,,"Oct 6, 2026",0,0,Negotiable,"Corporate Communication,Corporate Sales,Sales & Marketing",--
"Age At least 22 years   Experience: Minimum 0- 1 year of relevant experience in sales, marketing, technical sales, pharmaceutical products, laboratory products, industrial materials, chemicals, or a related field. Job Requirements: At least 1 year working experience relative field is preferable. Self-directed and proactive, able to think beyond the immediate problem and drive with minimal guidance/oversight. Must have good manner & patience to handle clients and Good interpersonal skills and leadership quality is much desired. Must be physically and mentally fit to work for long time.",At least 22 years,Send your CV to the given email info.cosmic@cosmic-bd.com,,Send your CV to info.cosmic@cosmic-bd.com,,"Priyanka City, House- 03, Road- 05, Turag, Uttara, Dhaka- 1230.","Cosmic Group has a well established commercial industrial background with diversified businesses in Construction, Engineering, Real Estate, Trading and Information Technology. Starting as an importer and marketer of electronic home appliances over the years the group has earned credibility as well as reputation for dependable quality service by upholding high ideals and values, integrity honesty and innovation in all spheres of the company?s business activities. The core strength of the group includes effective management, professionalism, service excellence and passion for ingenuity. An innovative approach in selecting the right investment opportunities for future growth and diversification, the Group seeks to embark on joint ventures or projects with overseas parties in the following sectors: Real Estate, Power and Energy, IT and Infrastructure Development. The Group believes in continuous improvement and our motto is ""Working towards a better tomorrow"".",Cosmic Enterprise,,"Oct 12, 2026",Degree:  Bachelor of Science (B.Sc.) Disciplines:  Microbiology / Chemistry / Applied Chemistry / Pharmacy Institution:  Any reputed public or private university,,"M,F,O","Company Information:  Cosmic Enterprise is a leading company engaged in the sales, marketing, distribution and technical service support of medical diagnostic equipment, reagents, industrial pharmaceutical reagents, laboratory products and laboratory supplies in Bangladesh. The company serves a wide range of diagnostic laboratories, hospitals, pharmaceutical industries, research institutions and other healthcare and industrial sectors, and is well known for providing reliable products, professional technical support and excellent after-sales service to its valued clients. Job Location:  CHQ, Mokhakhali, Dhaka.   Job Description / Responsibility: Developing new customers and business opportunities. Visiting pharmaceutical companies, laboratories, industries, and other potential customers. Promoting Cosmic Enterprise's industrial materials and laboratory products. Providing product information and basic technical support to customers. Coordinating sample requirements and product evaluations. Maintaining regular communication with existing customers. Collecting market and competitor information. Coordinating with international principals regarding technical and commercial requirements. Preparing customer visit and sales activity reports. Supporting product presentations, seminars, exhibitions, and training programs. Achieving assigned sales and business-development targets.",1541910,Full Time,"Officer, Industrial Sales & Technical Support",,Dhaka (Mohakhali),True,,"Oct 6, 2026",0,0,--,,1
"Age At least 25 years Only Male    Practical working knowledge of electrical, mechanical, and refrigeration equipment. Candidates with working experience in greenhouse operations will be given preference.  Ability to operate a tractor will be an added advantage. Ability to work independently and effectively & supervise operations during assigned shifts.",At least 25 years,,,,,,,100% Export Oriented Group of Companies,,"Nov 5, 2026","Diploma in Engineering in Electrical, Mechanical, Refrigeration",,M,"Work in  1st, 2nd, and 3rd shifts  as per production requirements. Monitor  compost preparation, pasteurization, and mushroom growth rooms . Maintain and record required  production parameters . Ensure proper operation and routine maintenance of  machinery and equipment . Identify and report  operational and technical issues . Ensure proper  safety, hygiene, housekeeping, and discipline . Effectively utilize  manpower, machinery, and other resources  during the shift.",1541570,Full Time,"Officer, Mushroom Production",Work at office,Dhaka,True,,"Oct 6, 2026",0,0,Negotiable,"Electrical,Mechanical Engineering,Refrigeration ",02
"Age 20 to 35 years   মার্কেটিং/সেলস পেশায় ন্যূনতম ২–৪ বছরের বাস্তব অভিজ্ঞতা থাকতে হবে। ফিল্ড মার্কেটিং ও সরাসরি গ্রাহক তৈরির কাজে অভিজ্ঞ হতে হবে। নতুন গ্রাহক সংগ্রহ ও নিয়মিত গ্রাহক ধরে রাখার দক্ষতা থাকতে হবে। নির্ধারিত সেলস/মার্কেটিং টার্গেট পূরণের সক্ষমতা থাকতে হবে। বাজার যাচাই, প্রতিযোগী প্রতিষ্ঠানের কার্যক্রম ও পণ্যের মূল্য সম্পর্কে ধারণা থাকতে হবে। গ্রাহকের সাথে সুন্দরভাবে যোগাযোগ ও পেশাদারভাবে কাজ করার মানসিকতা থাকতে হবে।",20 to 35 years,,,,,"Nabinagar, DOHS, Savar, Dhaka",,Bangladesh Daily Seba,,"Oct 31, 2026",Higher Secondary Bachelor/Honors,,"M,F,O","এলাকাভিত্তিক গ্রাহক তৈরী করে টিসিবি পণ্যের ন্যায় পণ্য বিক্রি করা কোম্পানির দেওয়া বিক্রয় লক্ষ্যমাত্রা পূরণ করা। বাজারে প্রতিযোগীদের কার্যক্রম, পণ্যের দাম ও নতুন ট্রেন্ড সম্পর্কে ধারণা রাখা গ্রাহকদের সাথে সহায়ক ও পেশাদারভাবে আলোচনা করা।",1541841,Full Time,সেলস এক্সেকিউটিভ (ফিল্ড),,"Manikganj, Dhaka (Ashulia, Dhamrai, Savar)",True,,"Oct 6, 2026",20000,15000,Tk. 15000 - 20000 (Monthly),Sales & Marketing,07
Age At least 29 years   Registration	: Required  Gender	: Male / Female (Priority will be given to Female Doctor),At least 29 years,Send your CV to the given email sarif@merimo.net,,Interested candidates are requested to send CV (pdf file) to Email: rana@merimo.net / sarif@merimo.net within 18th October`2026,,"Plot 25-26, Sector 6, CEPZ, Chattogram",,MERIMO LTD.,,"Oct 18, 2026",,,"M,F,O","Merimo Ltd & Merim Co., Ltd is A 100% Export oriented Foreign Garments manufacturing Company located in CEPZ Chattogram is looking MBBS Doctor (passed) from any recognized medical college as follows:- Working Schedule     :  Full time / Part time / Weekly 3 days / 6 days",1541930,"Full Time, Part Time",Medical Officer,,Anywhere in Bangladesh,True,,"Oct 6, 2026",0,0,--,,--
"Age At least 24 years   Required Skills & Qualifications Practical experience in photography and videography, preferably in NGO/development projects. Proficiency in photo/video editing software and experience operating professional cameras, gimbals, drones, audio, and lighting equipment. Good communication, creativity, teamwork, and willingness to travel extensively across Bangladesh. Strong understanding of ethical photography, safeguarding, confidentiality, and respectful documentation of beneficiaries. Able to maintain Camera, Gimbal, Drone & related equipment. Able to edit photographs and videos & Passionate to work with team and maintaining the deadline.",At least 24 years,Send your CV to the given email hramanbd95@gmail.com,,Interested candidates are requested to submit their updated CV with relevant portfolio/work samples within the prescribed deadline. E-Mail: hramanbd95@gmail.com,,"House-04, Road-3/2, Dhaka Uddan, Mohammadpur, Dhaka-1207.","Association for Mass Advancement Network (AMAN) is a national non-governmental development organization established in 1995 in Bangladesh. AMAN is committed to improving the socio-economic conditions of disadvantaged, marginalized, and vulnerable communities. The organization works in livelihood development, skills training, education, health, women’s empowerment, social protection, and climate resilience. AMAN is also engaged in humanitarian and protection support for Rohingya refugee communities, contributing to emergency response, basic service delivery, and community-based support initiatives in Cox’s Bazar and surrounding areas. Through community participation and partnerships, AMAN promotes inclusive growth, dignity, and sustainable development.",AMAN - Association for Mass Advancement Network,http://www.aman.org.bd,"Nov 5, 2026",,,"M,F,O","Job Location:  Project Sites Working Area:  All over Bangladesh Key Responsibilities Capture high-quality photographs and videos of project activities to meet the Donors requirement. Maintain organized visual archives and ensure appropriate consent, safeguarding, confidentiality, and professional standards during documentation.",1541929,Full Time,Videographer and Photographer,,Anywhere in Bangladesh,True,,"Oct 6, 2026",0,0,Negotiable,,3
Age At least 18 years   অভিজ্ঞতা : যেকোনো ক্লোথিং ব্র্যান্ডের আইটেম/পোশাক যে কোনো কোম্পানিতে হোলসেল মার্কেটে নূন্যতম ৩-৪ বছরের অভিজ্ঞতা থাকা আবশ্যক।,At least 18 years,,,WhatsApp করুন 01805023475,,,,7 Eleven`s  A Sister Brand of  FR Fashion,,"Nov 5, 2026",SSC ন্যুনতম এসএসসি পাস হতে হবে।,,"M,F,O","নতুন পাইকারী ক্রেতা/প্রতিষ্ঠান খুঁজে বের করা ও নিয়মিত ফলোআপ করার দক্ষতা। যোগাযোগ দক্ষতা : ক্রেতার সাথে সুন্দরভাবে কথা বলা, পণ্য উপস্থাপন ও বিক্রয় সম্পন্ন করার দক্ষতা থাকতে হবে। টিম ওয়ার্ক : মালিক/সাপোর্টিভ টিমের সক্ষমতায় সুন্দরভাবে কাজ করার মন-মানসিকতা থাকতে হবে। মার্কেট ভিজিটিং : নিয়মিত বিভিন্ন মার্কেট ও লোকেশনে গিয়ে কাজ করার মানসিকতা থাকতে হবে।",1541928,Full Time,ফিল্ড মার্কেটিং এক্সিকিউটিভ,Work at office,Dhaka,True,,"Oct 6, 2026",17000,12000,Tk. 12000 - 17000 (Monthly),,--
"Age At least 23 years   Proven working experience as an IT Manager or relevant experience. Excellent knowledge of technical management, troubleshooting, information analysis and computer hardware/software systems. Expertise in data center management, data governance, cybersecurity, firewalls, Citrix and Tableau setup/connectivity, Microsoft 365, Azure and Cloud services. Hands-on experience with computer networks, network administration, operation and network installation, IT infrastructure & system administration. Preferred Certifications CompTIA Security+, Network+, Server+, CCNA, CCNP, ITIL, AWS, Azure or Microsoft certifications will be an advantage. Experience Minimum of 6+ years of experience in IT operations, with at least 2 years in a supervisory or management role.",At least 23 years,,,,,"Plot: 23-26 | R: 90 | Gulshan-2, Dhaka | Bangladesh",,TOM TAILOR Sourcing Limited,,"Nov 5, 2026","Bachelor of Science (BSc) in Computer Science & Engineering B.Sc in Computer Science & Engineering, Information Technology, Communication, MIS or similar fields.",,"M,F,O","Manage information technology and computer systems. Plan, organize, control and evaluate IT and electronic data operations. Design, develop, implement and coordinate systems, policies and procedures. Ensure security of data, network access and backup systems. Act in alignment with user needs and system functionality to contribute to organizational policy. Identify problematic areas and implement strategic solutions in time. Coordinate with the head office, other hub offices, vendors, and suppliers globally. Audit systems and assess their outcomes. Preserve assets, information security and control structures. Ensure cost effectiveness in the overall IT management. Endpoint management, device deployment, patching, installation, data center operations, network infrastructure monitoring and troubleshooting. Ensure system availability, security, firewall. Manage Active Directory, Azure AD, and hybrid identity. Control user access, policies, and cctv surveillance. To ensure business continuity acts as per requirement.",1541908,Full Time,"Manager, IT Administration",,Dhaka,True,,"Oct 6, 2026",0,0,Negotiable,,--
"Age 30 to 35 years   অভিজ্ঞতা: এনজিওতে ওয়াস প্রকল্পে কমপক্ষে ২ বছর কাজের অভিজ্ঞতা। গার্মেন্টস সেক্টরে ওয়াস অভিজ্ঞতা অতিরিক্ত যোগ্যতা হিসাবে বিবেচিত হবে। বেইজলাইন সার্ভে, কমিউনিটি মবিলাইজেশন, পিআরএ ও স্বাস্থ্যবিধি সর্ম্পকিত বার্তা প্রচারের পূর্ব অভিজ্ঞতা থাকতে হবে।",30 to 35 years,,"আবেদনের শর্তাবলী: আগ্রহী প্রার্থীদেরকে জীবনবৃত্তান্ত, ১ কপি ছবি, সনদপত্রের অনুলিপিসহ আগামী ১৫-১০-২০২৬ তারিখের মধ্যে মানবসম্পদ ও প্রশাসন বিভাগ, দুঃস্থ স্বাস্থ্য কেন্দ্র (ডিএসকে) বরাবরে আবেদনপত্র নিম্নঠিকানায় পৌঁছাতে হবে।  কোন পরীক্ষায় তৃতীয় বিভাগ গ্রহণযোগ্য নয়। শুধুমাত্র বাছাইকৃত প্রার্থীদের পরীক্ষার তারিখ ইমেইল এবং ম্যাসেজ এর মাধ্যমে জানানো হবে।  ১.    অধিক যোগ্যতা ও অভিজ্ঞতা সম্পন্ন প্রার্থীদের ক্ষেত্রে বয়স শিথিলযোগ্য ।  ২.    যোগ্যতাসম্পন্ন অভ্যন্তরীণ কর্মীর ক্ষেত্রে বয়স ও শিক্ষাগত যোগ্যতা শিথিলযোগ্য। ৩.    কর্মী নিয়োগে যোগ্যতাসম্পন্ন আদিবাসী, প্রতিবন্ধী ও নারী প্রার্থীদের অগ্রাধিকার দেয়া হবে।  ৪.     স্থানীয় প্রার্থীদের অগ্রাধিকার দেয়া হবে। আবেদন পাঠানোর পদ্ধতি:  ০১. সরাসরি : দুঃস্থ স্বাস্থ্য কেন্দ্র (ডিএসকে), মানবসম্পদ ও প্রশাসন বিভাগ, বাড়ি # ৭৪১, সড়ক # ৯, বায়তুল আমান হাউজিং সোসাইটি, আদাবর, ঢাকা-১২০৭।  ০২. ইমেইল: dskhr@dskbangladesh.org  ই-মেইলে আবেদন প্রদানের ক্ষেত্রে পদের নাম সুনির্দিষ্টভাবে উল্লেখ করতে হবে। ০৩. অনলাইন: https://career.dskbangladesh.org/ ডিএসকে অসাম্প্রদায়িক, গণতান্ত্রিক ও মুক্তিযুদ্ধের চেতনার ভেতর দিয়ে পরিচালিত। সংস্থা যৌন হয়রানি, অপব্যবহার, অসততা এবং দুর্নীতিসহ কর্মক্ষেত্রে যেকোন ধরনের অবাঞ্ছিত আচরণ প্রতিরোধে শূন্য-সহিষ্ণু। সংস্থা লিঙ্গ সমতা ও বৈচিত্র্য সমর্থনে প্রতিশ্রুতিবদ্ধ এবং জাতি, ধর্ম ও বর্ণ নির্বিশেষে সকল আবেদনকারীদের উৎসাহিত করে।",,,"House-741, Road-09, Baitul Aman Housing Society, Adabor, Mohammadpur, Dhaka-1207, Bangladesh","DSK is a national NGO registered with Social Welfare Department and NGO Affair`s Bureau and licensed by MRA. Since 1989 organization has been working in Bangladesh in the field of poverty alleviation through various development initiatives having support from PKSF, different donors and international organizations (www.dskbangladesh.org).",Dushtha Shasthya Kendra (DSK),,"Oct 15, 2026",Bachelor/Honors শিক্ষাগত যোগ্যতা: স্নাতক পাশ,,"M,F,O","দুঃস্থ স্বাস্থ্য কেন্দ্র (ডিএসকে) ১৯৮৮ সাল থেকে বাংলাদেশের নগর ও পল্লী অঞ্চলে দরিদ্র জনগণের জন্য বিভিন্ন উন্নয়নমূলক আর্থ-সামাজিক কার্যক্রম পরিচালনা করে আসছে। বর্তমানে Climate Resilient Action for Transformative, gender-sensitive and equitable WASH services for apparel workers and communities communities (CREATE) প্রকল্পে চট্টগ্রাম জেলায় নিম্নলিখিত পদে যোগ্যতা সম্পন্ন প্রার্থী নিয়োগ করবে। প্রকল্পের মেয়াদকাল: ০১ সেপ্টেম্বর ২০২৬ থেকে ৩০ জুন ২০২৯ পর্যন্ত।   দায়িত্ব ও কর্তব্যঃ কর্মসুচী বাস্তবায়নঃ কমিউনিটি অবস্থার বিশ্লেষনের মাধ্যমে সিবিও গঠন করা এবং তাদের দক্ষতা উন্নয়নে প্রশিক্ষনের ব্যবস্থা করা। আইইসি/বিসিসি উপকরণ  কমিউনিটির মধ্যে বিতরনের উদ্যোগ নেয়া  ওয়াস হার্ডওয়্যার অবকাঠামো যেমন ওয়াটার  ফ্যাসলিটিি , কমিউনিটি  টয়লেট, ওয়াটার ফিল্টার স্থাপন, হ্যান্ড ওয়াসিং ডভিাইস  তৈরিতে  প্রকল্প প্রকৌশলীদের সহযোগীতা করা। প্রকল্প বাস্তবায়ন কৌশল অনুযায়ী প্রকল্প সুবিধাভোগীদের স্বাস্থ্যবিধির আচরণ পরিবর্তনের জন্য বার্তা প্রদান করা। কার্যকরী যোগাযোগঃ সকল কাজে ওয়ার্ড কাউন্সিলর সাথে যোগাযোগ রক্ষা ও সমন্বয় করা। হাউজিন অফিসার এবং  প্রকল্প প্রকৌশলী  এর সাথে প্রোগ্রামেটিক যোগাযোগ করে সিন্ধান্ত নেওয়া এবং সেই মোতাবেক কাজ বাস্তবায়ন করা। হার্ডওয়্যার সম্পর্কিত কোন সমস্যা হলে প্রকল্প প্রকৌশলীকে তৎক্ষনাত অবহিত করা। মনিটরিংঃ সিটি  পর্যায়ে  Feedback Mechanism System বাস্তবায়নে সহযোগিতা করা এবং ফলোআপ করা।  সুবিধাভোগীর ডাটা অনলাইনে প্রকল্প হইতে প্রদত্ত ডিভাইস এবং সফ্টওয়্যার ব্যবহার করে প্রতিদিন আপলোড করা। মাসিক কর্মপরিকল্পনা প্রস্তুত করা এবং প্রকল্প অফিসে প্রদান করা। প্রতিবেদন প্রস্তুতঃ প্রকল্প লক্ষমাত্রা অনুযায়ী সাপ্তাহিক, অর্ধ মাসিক এবং মাসিক প্রতিবেদন প্রস্তুতকরণে প্রকল্প মনিটরিং ও ডকুমেন্টেশন কর্মকর্তার কাছে ডাটা প্রদান করা।  মাসের ২৫ তারিখ টাইম-সিট প্রকল্প অফিসে ফাইন্যান্স এন্ড এ্যাডমিন অফিসারের নিকট প্রদান করা। সিবিওদের  মাসিক সভায় অংশগ্রহণ করা এবং সভার রেজ্যুলেশন সংগ্রহ করা।",1541923,Full Time,কমিউনিটি মোবিলাইজার (কর্মীস্তর-১০.খ),Work at office,Chattogram,True,,"Oct 6, 2026",32500,25000,Tk. 25000 (Monthly),,01
Age At least 25 years    Basic knowledge of agriculture or plant science.  Ability to handle and supervise agricultural/general workers. Knowledge of farm equipment/tractor operation will be an added advantage. Good communication and worker-management skills.,At least 25 years,,,,,,,100% Export Oriented Manufacturing Company,,"Nov 5, 2026","Bachelor of Science (BSc) in Botany, Agriculture, Life Science",,"M,F,O","Work in  1st, 2nd, and 3rd shifts  as per production requirements. Monitor and control  compost preparation, pasteurization, and mushroom growth room operations . Record all required production parameters in the approved format during each shift. Monitor day-to-day mushroom production activities and report any issues. Supervise agricultural/general workers and ensure assigned work is completed properly.",1541676,Full Time,Executive–Mushroom Production,Work at office,Dhaka,True,,"Oct 6, 2026",0,0,Negotiable,"Agriculture,Civil work",02
"Age At least 22 years   অভিজ্ঞতা (Requirements): লাইসেন্স:  সরকারি নিয়মানুযায়ী বৈধ ও হালনাগাদ দলিল লেখক লাইসেন্স (Deed Writer License) থাকা বাধ্যতামূলক। অভিজ্ঞতা:  কোনো রিয়েল এস্টেট, কর্পোরেট প্রতিষ্ঠান বা স্বনামধন্য আইনি ফার্মে দলিল লেখক হিসেবে ০৫ থেকে ১০ বছরের বাস্তব অভিজ্ঞতা। বিশেষ দক্ষতা: ভূমি আইন, রেজিস্ট্রি ম্যানুয়াল ও সরকারি ফি কাঠামো সম্পর্কে সুস্পষ্ট ধারণা। সাব-রেজিস্ট্রি অফিস এবং ভূমি রাজস্ব অফিসের কাজের বাস্তব অভিজ্ঞতা। বাইক চালানোর অভিজ্ঞতা ও বৈধ লাইসেন্স থাকতে হবে।",At least 22 years,,,,,"House-65, road- 03, katasur housing, Mohammadpur",,Sahdat Company,,"Nov 3, 2026",শিক্ষাগত যোগ্যতা:  ন্যূনতম এইচএসসি/স্নাতক (আইন বিষয়ে পড়াশোনা থাকলে অতিরিক্ত যোগ্যতা হিসেবে গণ্য হবে)।,,"M,F,O","এরিয়া:  কেরানীগঞ্জ, মোহাম্মদপুর, হাজারীবাগ, আদাবর, শ্যামলী। দায়িত্ব ও কর্তব্যসমূহ (Job Responsibilities): দলিল ও চুক্তিপত্র প্রস্তুতকরণ:  কোম্পানির সম্পত্তি ক্রয়, বিক্রয়, লিজ, হেবা, পাওয়ার অব অ্যাটর্নি, ভাড়া চুক্তি এবং বিভিন্ন ব্যবসার দ্বিপাক্ষিক চুক্তিপত্র (MoU/Agreement) প্রস্তুত ও চূড়ান্তকরণ। জমি সংক্রান্ত নথিপত্র যাচাই:  সাব-রেজিস্ট্রি অফিস, এসি ল্যান্ড (AC Land) ও ভূমি অফিস থেকে মূল দলিল, সিএস/এসএ/আরএস/বিএস/সিটি জরিপ খতিয়ান, নামজারি (Mutation) পার্চা এবং হালনাগাদ খাজনা রশিদ পুঙ্খানুপুঙ্খভাবে যাচাই করা। রেজিস্ট্রেশন প্রক্রিয়াকরণ:  সাব-রেজিস্ট্রি অফিসে সরাসরি উপস্থিত থেকে দলিল রেজিস্ট্রি, স্ট্যাম্প ডিউটি, সরকারি ফি জমা এবং সম্পাদন সংক্রান্ত যাবতীয় কার্যক্রম দক্ষতার সাথে সম্পন্ন করা। দাপ্তরিক সমন্বয়:  ভূমি অফিস, স্থানীয় সাব-রেজিস্ট্রার, অ্যাডভোকেট এবং কোম্পানির লিগ্যাল ডিপার্টমেন্টের সাথে নিয়মিত যোগাযোগ ও প্রাতিষ্ঠানিক সমন্বয় বজায় রাখা। রেকর্ড ম্যানেজমেন্ট:  কোম্পানির স্থাবর ও অস্থাবর সম্পত্তি সংক্রান্ত মূল দলিল, মিউটেশন ও খতিয়ানের ফাইল নিরাপদে সংরক্ষণের জন্য ডিজিটাল ও ফিজিক্যাল আর্কাইভ তৈরি করা।",1540916,Full Time,Deed Writer & Legal Documentation Executive,,Dhaka,True,,"Oct 6, 2026",0,0,Negotiable,,--
"Age At least 18 years   Experience requirements: Minimum of 5 years of progressive experience with an inter/national NGO/relevant development organization preparing financial statements for the activities. Additional Requirements:   Proven ability in risk compliance, including bank reconciliation, statement review, and preparation of documents for fund release. Comprehensive understanding of VAT and tax deduction from relevant bills and vouchers, conducting project audits, and maintaining books of accounts and financial records. High proficiency in computer applications including Google Suite, MS Office, and financial systems, with the ability to manage multiple assignments efficiently and meet tight deadlines.",At least 18 years,,,,,"BRAC Centre, 75 Mohakhali, Dhaka-1212",BRAC is an international development organisation founded in Bangladesh that partners with over 100 million people living with inequality and poverty globally to create sustainable opportunities to realise potential.,BRAC,,"Oct 16, 2026",Bachelor's degree in finance/accounts/HR/ Development Studies or relevant field from any reputable university.,,"M,F,O","About the Project: The Ministry of Youth and Sports (MoYS), in collaboration with the World Bank (WB), is implementing Economic Acceleration and Resilience (EARN) project to engage NEET (not in education, employment, or training) youth, with a special focus on women, in rural and semi-urban areas of Bangladesh. The project aims to economically empower NEET youth through education, skills development, employment, and enterprise support. It provides women-centric facilities, enhances employability by building employer linkages, and offers upskilling in Socio-Emotional Behavior (SEB) and Entrepreneur Development (ED). Additionally, incubation support for employment and entrepreneurship will be provided. To ensure the inclusion of women and underserved groups, the project will create an enabling environment through awareness-raising, community engagement, family-based planning, and monitoring. About the role: The Admin and Account Officer will play a key role in the “Economic Acceleration and Resilience for NEET” (EARN) project by by ensuring effective financial, administrative, and logistics operations. S/he will be responsible for maintaining compliance with Generally Accepted Accounting Principles (GAAP) and BRAC’s financial, procurement, and administrative policies and procedures. S/he will review and coordinate Joint Venture Partners’ budgets and expenses in collaboration with the Finance and Accounts Specialist, while supporting budget preparation and revisions, monitoring expenditures, and coordinating with upazila offices for financial reporting, consolidation, and resource mobilization to enable informed and efficient strategic decision-making. Major Responsibilities: Support expenditure reporting through coordination with upazila offices and VLTCs, and follow up with the finance department to ensure timely submission of donor-required financial reports. Coordinate with partners and upazila offices for timely financial reporting, and ensure effective financial controls to prevent and promptly address fraud, misconduct, corruption, or non-compliance through proper channels. Prepare and review monthly budget expenditure summaries as per the approved budget, and verify bills and vouchers for timely submission to the finance department. Guide project leads and partners on project close-out, ensuring compliance with BRAC guidelines, and coordinate with procurement and finance to complete required documents for timely cash and in-kind transfers. Ensure timely and quality procurement of assets and materials, follow up on regular maintenance of assets and supplies, and prepare and submit procurement requests as required by coordination units and field offices. Support procurement planning, project close-out, staff travel arrangements, and proper documentation and filing in line with BRAC guidelines. Provide day-to-day administrative and logistical support to the program, ensure effective logistics for meetings, workshops, and events, and assist with field-based administrative needs for project staff as required. Coordinate closely with PNGOs to ensure timely compliance with procurement, financial, and administrative procedures, maintain program asset and inventory records, and ensure provision of materials Safeguarding Responsibilities: Implement the safeguarding policy to establish a safeguarding culture across all levels of the programme. Act as a key source of support, guidance, and expertise on safeguarding to establish a safe working environment. Responsible for ensuring team members are appropriately trained, supported and have access to resources regarding issues that are identified and actioned in accordance with the safeguarding policy and procedure. Follow the safeguarding reporting procedure in case any reportable incident takes place, and encourage others to do so. **This position is open for Bangladeshi nationals only. **BRAC does not charge any fees at any stage of the recruitment process",1541903,Contractual,"Admin & Accounts Officer, Economic Acceleration & Resilience (EARN), Skills Development Progrogramme",Work at office,Rangpur,True,,"Oct 6, 2026",0,0,Negotiable,"Accounts and Finance,Administration,Bill Processing,Project Management,Stakeholder Management",--
"Age At least 26 years   3–4 years of relevant experience in HR/Admin, preferably in a manufacturing/footwear/garments industry. Practical experience in attendance management and payroll processing is required. Experience with HRIS/Payroll software and biometric attendance systems is preferred.",At least 26 years,,,,,"House# 103 (5th Floor), Road# Suhrawardi Avenue, K- Block, Baridhara",Footwear Manufacturer/ Supplier/ Importer,Atlas Footwear Ltd.,,"Oct 31, 2026","Bachelor`s degree in Human Resource Management, Management, Business Administration, Labour Law, or a related discipline. MBA/PGD in HRM will be an advantage.",,"M,F,O","Department: Human Resources & Administration Reporting To: HR Manager / Head of HR & Admin Location: Factory (Rupgonj, Narayangonj) Industry: Footwear / Manufacturing Job Purpose To support the effective operation of the Human Resources function by managing employee records, attendance, payroll-related activities, recruitment support, labour-law compliance, employee discipline, leave management, and day-to-day HR administration in accordance with company policies and applicable Bangladesh Labour Laws. Key Responsibilities Attendance & Time Management Monitor daily attendance through biometric/attendance machines. Check and verify Attendance Machine Records including In-Time, Out-Time, late attendance, early leaving, absence and overtime. Prepare daily, weekly and monthly attendance reports. Identify attendance discrepancies and coordinate with concerned departments for correction. Maintain records of late attendance, absenteeism, leave, holiday and overtime. Monitor shift schedules, weekly holidays and roster changes. Ensure attendance data is properly transferred/exported to the payroll system. Prepare management reports on absenteeism, lateness, overtime and attendance trends. Payroll & Payroll Software Operate and maintain the company`s Payroll/HR Management Software. Input and update employee master data, salary information, attendance, leave, overtime, deductions and other payroll-related information. Process monthly payroll data accurately and within the scheduled timeline. Reconcile attendance records with payroll records before salary processing. Calculate/verify overtime, late fines, absence deductions, leave-related adjustments and other authorized deductions. Coordinate with Accounts/Finance regarding payroll preparation and payment. Maintain confidentiality of salary and employee information. Generate payroll reports, salary sheets and other HR-related reports from the software. Identify and resolve payroll data discrepancies in coordination with the HR Manager/Software provider. Labour Law & Compliance Maintain practical knowledge of the Bangladesh Labour Act, 2006, Bangladesh Labour Rules, 2015 and applicable amendments/rules. Ensure HR practices relating to appointment, wages, working hours, overtime, leave, holidays, probation, termination, resignation, disciplinary action and employee benefits are aligned with applicable labour requirements. Maintain statutory and personnel records required under applicable labour legislation. Assist in preparing appointment letters, warning letters, show-cause notices, resignation/final settlement documents and other HR letters. Support labour-law compliance during internal and external audits. Monitor employee age documentation and ensure appropriate records are maintained. Assist in maintaining records related to worker welfare, service benefits, leave and other statutory requirements. Stay updated on relevant changes in labour laws and communicate applicable requirements to management. Employee Records & HR Documentation Maintain employee personal files and HR databases. Update employee information relating to joining, transfer, promotion, confirmation, resignation and separation. Ensure proper documentation of NID/birth certificate, photographs, educational certificates and other required documents. Maintain confidentiality and security of employee records. Prepare HR MIS and management reports as required. Recruitment & Joining Support recruitment activities including CV screening, interview scheduling and candidate communication. Prepare joining documentation and employee files. Coordinate employee onboarding and orientation. Ensure newly recruited employees are properly entered into the HR/Payroll system and attendance machine. Leave & Overtime Management Maintain and update employee leave records. Verify leave applications against attendance records. Prepare monthly leave and absenteeism reports. Verify overtime records with production/departmental supervisors. Ensure approved overtime is correctly reflected in payroll. Employee Relations & Discipline Assist in handling employee grievances and day-to-day HR issues. Maintain disciplinary records. Support implementation of company rules, policies and procedures. Coordinate with departmental heads regarding absenteeism, misconduct, late attendance and other employee-related issues. Maintain proper documentation of disciplinary actions in accordance with applicable law and company policy. Audit & Compliance Support Prepare HR documents and records for BSCI, SEDEX/SMETA, WRAP, ISO and customer/social compliance audits, where applicable. Ensure attendance, payroll, leave, employee files and labour-law records are properly maintained. Support corrective and preventive actions related to HR audit findings. Ensure HR records are accurate, traceable and readily available for audit purposes.",1540071,Full Time,"Senior Executive, Admin & HR",,Narayanganj (Rupganj),True,,"Oct 1, 2026",39000,30000,Tk. 30000 (Monthly),,--
"Age At least 32 years   Skills Requirements: Excellent engineering leadership, strategic thinking, communication, stakeholder management, conflict resolution, negotiation, and executive presentation skills, with the ability to influence cross-functional teams and senior leadership, and to build and develop high-performing engineering organizations Strong command of distributed systems and microservices architecture, API / middleware and integration platforms (API gateway), and enterprise-grade technology solution delivery. Deep expertise in cloud, containers (Docker / Kubernetes), CI/CD, DevOps / SRE, high-availability and high-throughput transaction processing, application and data security, and observability / monitoring. Sound knowledge of Digital Financial Services (DFS), fintech, payment systems, and regulatory requirements is strongly preferred; relevant architecture / cloud certifications are desirable. Experience Required: Minimum 15 years of progressive experience in software engineering within the ICT, FinTech, Banking, Telecommunications, or Digital Financial Services industry, including at least 5 years in a senior engineering leadership role (Head / Director / VP of Engineering or equivalent) leading multiple teams and enterprise-scale technology delivery.  Proven experience scaling engineering organizations, owning architecture governance, and driving DevOps / CI-CD and platform modernization; MFS / payments / high-volume transaction systems experience strongly preferred. Additional Requirements: Strategic, big-picture thinker able to translate business objectives into engineering execution. Strong ownership mindset with accountability for outcomes. Decisive and composed under pressure and ambiguity. High integrity, sound judgment, and professional ethics. Curious, innovation-driven, and a continuous learner. Resilient and adaptable to change. Results-oriented and execution-focused, with a data-driven approach. Strong people leadership — team building, mentoring, and coaching of senior talent. Excellent cross-functional collaboration, negotiation, and vendor / partner management. Change leadership with organizational sensitivity. Willingness to provide engineering leadership support during critical production incidents outside regular business hours.",At least 32 years,,,,,"Delta Dahlia Tower, 36 Kemal Ataturk Ave, Dhaka 1213","Nagad is a pioneering Digital Financial Service (DFS) provider in Bangladesh, operating under the Bangladesh Post Office, which functions under the Ministry of Post and Telecommunication. Established to revolutionize financial inclusion, Nagad has rapidly expanded its footprint by offering innovative and accessible digital financial solutions to millions across the country. Nagad is setting a new benchmark for the nation’s financial ecosystem now and further driving the digital transformation of financial services in Bangladesh.",Nagad Limited,https://nagad.com.bd/,"Oct 10, 2026","B.Sc and/or M.Sc in Computer Science / Software Engineering, EEE, Information Technology, or a related discipline from a recognized university.",,"M,F,O","Define and own the engineering strategy and multi-year technology roadmap, aligned to business and product strategy. Translate business and product ambitions into an executable engineering agenda across both delivery units. Lead technology selection and build-vs-buy decisions for platforms, frameworks, and tooling. Establish and enforce software engineering standards, development best practices, and quality gates. Own architecture governance; review and approve major design and technology choices, and maintain reference architectures. Establish and direct the two delivery units — Product Software Development, and Middleware & Commercial Solutions — ensuring predictable, high-quality delivery. Balance run-the-business stability with change-the-business innovation, resolving cross-unit dependencies and arbitrating competing priorities. Advance automation, CI/CD pipelines, DevOps and SRE practices; improve automated test coverage and code quality, and reduce technical debt. Ensure platforms scale for transaction growth, availability, and resilience, with security-by-design and regulatory compliance. Drive the Software Engineering, innovation and R&D culture; sponsor proofs-of-concept and evaluate emerging technologies relevant to MFS and fintech. Own engineering capacity and workforce planning across the two units; attract, develop, mentor, and retain senior engineering talent. Partner with Technology Governance (SDLC, PMO, vendor, risk), Product, Commercial, and business functions, and manage external vendors and integration partners. Track and report engineering performance, delivery status, and KPIs to senior management, and drive continuous improvement across the engineering organization.",1539552,Full Time,Head of Software Engineering,Work at office,Dhaka,True,,"Oct 1, 2026",0,0,Negotiable,"API,Communication,Conflict Resolution,Dockers and Kubernetes,Leadership,Negotiation,Stakeholder Management,Strategic Thinking",1
Age At most 35 years   অভিজ্ঞতা সম্পন্ন প্রার্থীদের অগ্রাধিকার দেয়া হবে। যে কোন জেলায় কাজ করার মানসিকতা থাকতে হবে।,At most 35 years,,"আগ্রহী প্রার্থীগণ আবেদনপত্র, পূর্ণ জীবনবৃত্তান্ত ও ২ কপি পাসপোর্ট সাইজ ছবিসহ আগামী ১২ অক্টোবর, ২০২৬ এর মধ্যে ডাক/কুরিয়ার সার্ভিস এর মাধ্যমে নিম্ন ঠিকানায় প্রেরণ করার জন্য অনুরোধ করা হলো।নির্বাহী পরিচালক, বেইস। ৫০ পুরানা পল্টন লাইন (৬ষ্ঠতলা), পল্টন, ঢাকা-১০০০।চাকুরীতে যোগদানের সময় ১৭,০০০/- টাকা (সতেরো হাজার) জামানত স্বরূপ দিতে হবে যা সুদসহ ফেরৎ যোগ্য। প্রার্থীদেরকে লিখিত  ও মৌখিক পরীক্ষায় অংশগ্রহণ করতে হবে। লিখিত ও মৌখিক পরীক্ষায় অংশগ্রহনের জন্য কোন প্রকার ভাতা প্রদান করা হবে না।",,,"50, Purana Paltan Lane (5th floor) Dhaka, Bangladesh",,বাংলাদেশ এসোসিয়েশন ফর কমিউনিটি এডুকেশন (বেইস),,"Oct 12, 2026",স্নাতক (কমার্স),,"M,F,O","Job Context: জাতীয় ভিত্তিক বেসরকারী উন্নয়ন সংস্থা বাংলাদেশ এসোসিয়েশন ফর কমিউনিটি এডুকেশন (বেইস) এর ক্ষুদ্র ঋণ কর্মসূচীতে  হিসাবরক্ষক  পদে নিয়োগের জন্য আগ্রহী প্রার্থীদের নিকট হতে দরখাস্ত আহবান করা যাচ্ছে। Job Responsibilities: ঋণ কার্যক্রমের হিসাব সংশ্লিষ্ট সকল খাতাপত্র (ক্যাশ বই, লেজার, ভাউচার, সদস্য বীমা সংক্রান্ত নথিপত্র, ঋণ বিতরন রেজিষ্টার, দৈনিক আদায় রেজিষ্টার, পাশ বই, কালেকশন সীট, চেক বই ইস্যু রেজিষ্টার, ছুটি রেজিষ্টার, ফিক্সড এসেট রেজিষ্টার ইত্যাদি) সঠিকভাবে লিপিবদ্ধ ও সংরক্ষণ করা। পরিশোধকৃত ঋণীর পাশ বই কালেকশন সীটের সাথে লোন লেজার সঠিকভাবে যাচাই করা। ক্রেডিট সুপারভাইজার কর্তৃক দলের আদায়কৃত টাকা জমা নেয়া এবং যথা সময়ে তা সংশ্লিষ্ট ব্যাংক হিসাব খাতে জমা দেয়া। ঋণ বিতরনের জন্য ব্যাংক হতে টাকা উত্তোলন করা এবং সংশ্লিষ্ট সকলের উপস্থিতিতে উক্ত সদস্যদের মধ্যে ঋণ বিতরণ করা এবং এ সংক্রান্ত খাতা পত্র সাথে সাথে হাল নাগাদ করে রাখা। হিসাব রক্ষককে  কম্পিউটারে দক্ষ (বাধ্যতামূলক) হতে হবে। দৈনন্দিন সঞ্চয় ও ঋণের কিস্তি, ডাটা পোষ্টিং, এ আই এস  (অওঝ) তৈরী/সর্ম্পূন করা এবং ডে ক্লোজ করার পূর্বে দৈনিক আদায় রেজিষ্টারের সাথে মিলানো।  যে সকল ব্যাংকে ব্যাংক হিসাব রয়েছে সেসকল ব্যাংকের সাথে সমন্বয় রাখা এবং আর্থিক লেন দেন বিষয়ে যাবতীয় কাজ করা। প্রধান কার্যালয়ে প্রেরনের নিমিত্তে শাখার মাসিক প্রাপ্তি ও প্রদান, আয়-ব্যয় ও  স্থিতিপত্র প্রতিবেদন প্রস্তুত করা। বছরের শুরুতে শাখা অফিসের বার্ষিক বাজেট প্রস্তুত করা এবং অনুমোদিত বাজেট অনুযায়ী ব্যয় করা এবং মাসিক ভিত্তিতে হিসাব সংক্রান্ত প্রতিবেদন তৈরি করে তা সংশ্লিষ্ট উর্ধতন কর্মকর্তার নিকট দাখিল করা। শাখা ব্যবস্থাপককে  কর্মসূচী বাস্তবায়ন ও হিসাব সংক্রান্ত সকল কাজে সক্রিয়ভাবে সহযোগিতা করা। প্রয়োজনীয় তথ্যসহ সাপ্তাহিক ও মাসিক সভায় অংশ নেয়া। সকল হিসাব খাতের ক্যাশ বই ও লেজার হালনাগাদ করা। প্রতিমাসে শাখা কর্মকর্তা/কর্মীদের বেতন/ভাতা প্রদানের প্রয়োজনীয় ব্যবস্থা গ্রহণ করা। শাখা হিসাব রক্ষক তার সকল হিসাব সংক্রান্ত  কাজের জন্য শাখা ব্যবস্থাপকের (বিএম) নিকট দায়বদ্ধ থাকবেন। বিএম ও উর্দ্ধতন কর্তৃপক্ষের যুক্তিসঙ্গত যে কোন আদেশ, নির্দেশ ও বিজ্ঞপ্তি যথাযথভাবে মেনে চলা।",1540073,Full Time,হিসাবরক্ষক,,"Bagerhat, Chandpur, Chattogram, Dinajpur, Joypurhat",False,,"Oct 1, 2026",22100,17000,Tk. 17000 (Monthly),,--
"Age At most 30 years Only Male   বিক্রয় বা কাস্টমার সার্ভিস খাতে ২ বছরের অভিজ্ঞতা। স্মার্ট, মার্জিত ব্যক্তিত্ব এবং শক্তিশালী প্ররোচনা দানকারী (persuasion) দক্ষতা।​ ডিজিটাল মার্কেটিং (সোশ্যাল মিডিয়া মার্কেটিং ও লিড জেনারেশন) বিষয়ে ধারণা বা জ্ঞান থাকলে অগ্রাধিকার দেওয়া হবে।​ চাপের মুখে কাজ করার মানসিকতা এবং টার্গেট পূরণের প্রবল ইচ্ছা।​ বাংলা ও ইংরেজিতে ভালো যোগাযোগ দক্ষতা।​ নিজস্ব মোটরসাইকেল থাকতে হবে অথবা বৈধ ড্রাইভিং লাইসেন্সসহ মোটরসাইকেল চালনায় পারদর্শী হতে হবে (মাঠপর্যায়ের কাজের সুবিধার জন্য)।",At most 30 years,,,"তিস্তা মেগা সিটি লিমিটেড কর্পোরেট হেড অফিস : দৌলত কমপ্লেক্স (২য় তলা), বাড়ি নং ৬৭, রোড নং ১, গুপ্তপাড়া, রংপুর সিটি কর্পোরেশন, রংপুর বিস্তারিত তথ্যের জন্য:  ০১৮৯৮৭৭৭৪৪৬",,"Corporate Head Office: Teesta Group, Daulat Complex, House No. 67, 2nd Floor, Guptapara, Rangpur City Corporation, Rangpur, Bangladesh.
Mobile: 01898777446","Teesta Group is a trusted and growing real estate and land development company based in Rangpur, Bangladesh. We are committed to developing planned residential and commercial land projects with a focus on quality, transparency, and customer satisfaction. Our mission is to provide secure investment opportunities and modern living environments through professional project development and reliable customer service.As we continue to expand our operations, we are looking for passionate, energetic, and result-oriented professionals to join our team and grow with us.",Teesta Mega City limited,,"Oct 25, 2026",Bachelor of Business Administration (BBA) Bachelor/Honors ন্যূনতম স্নাতক ডিগ্রীধারী হতে হবে।,,M,"তিস্তা গ্রুপের একটি অন্যতম আবাসন ও উন্নয়ন সহযোগী প্রতিষ্ঠান ""তিস্তা মেগা সিটি লিমিটেড""-এর সেলস অ্যান্ড মার্কেটিং বিভাগে কিছু সংখ্যক উদ্যমী, দক্ষ ও অভিজ্ঞ পেশাজীবী নিয়োগের জন্য দরখাস্ত আহ্বান করা যাচ্ছে। আমাদের ক্রমবর্ধমান বিপণন দলে যোগদানের জন্য কিছু সংখ্যক লক্ষ্য-ভিত্তিক এবং আত্মবিশ্বাসী প্রার্থী খুঁজছি। আপনি যদি রিয়েল এস্টেট খাতে ক্যারিয়ার গড়তে আগ্রহী হন, তবে আবেদন করতে পারেন। দায়িত্বসমূহ: ​নিয়মিত মাঠপর্যায়ে কাজ করা, ক্লায়েন্টদের প্রেজেন্টেশন দেওয়া এবং কোম্পানির প্রকল্পগুলো প্রমোট করা। ​ডাইরেক্ট মার্কেটিং, নেটওয়ার্কিং এবং ডিজিটাল মাধ্যমের সাহায্যে নতুন লিড সংগ্রহ করা এবং যোগাযোগ রাখা। ​প্রোজেক্ট সাইট ভিজিট করানো এবং আগ্রহী ক্রেতাদের প্রকল্পের বিস্তারিত মূল্য ও বুকিং প্রক্রিয়া সম্পর্কে বোঝানো। ​গ্রাহকদের তথ্য, অনুসন্ধানের বিবরণ এবং বিক্রির অগ্রগতির একটি আপডেট ডাটাবেস তৈরি ও সংরক্ষণ করা। ​মাসিক ও ত্রৈমাসিক বিক্রির লক্ষ্যমাত্রা অর্জনে টিমকে সহযোগিতা করা।",1541831,Full Time,এক্সিকিউটিভ - সেলস অ্যান্ড মার্কেটিং (রিয়েল এস্টেট),Work at office,Rangpur,True,,"Oct 6, 2026",0,0,Negotiable,"Real Estate Knowledge,Real Estate Marketing,Sales & Marketing,Target Achievement,Target Oriented",10
Age 22 to 40 years   Experience:  1 - 5 years (Flexible),22 to 40 years,,,,,,,AI Health Tech,https://www.ai-health.org.uk,"Oct 16, 2026",HSC Bachelor/Honors,,"M,F,O","AI Healthtech Ltd. is expanding; we’re hiring passionate Sales Officers for Moulvibazar, Sunamganj, and Habiganj! Locations: Moulvibazar Sadar, Bangladesh Habiganj Sadar, Bangladesh Sunamganj Sadar, Bangladesh 𝐖𝐡𝐚𝐭 𝐘𝐨𝐮’𝐥𝐥 𝐃𝐨 Promote and sell our healthcare technology solutions Build strong client relationships Generate leads and achieve sales targets",1541705,Full Time,Senior Sales Officer /Sales Officer (Field),Work at office,"Habiganj, Moulvibazar, Sunamganj",True,,"Oct 6, 2026",0,0,Negotiable,"Client Service/ Marketing,Communication,Computer Literacy,Demonstration,Medical Technology,Public Relations,Sales & Marketing,Sales Representative,Sales Target Achievement,Selling skill",5
"Age At most 40 years   রিয়েল এস্টেট, হাউজিং বা সমমানের বৃহৎ উন্নয়ন খাতে অন্তত ৫ বছরের অভিজ্ঞতা থাকতে হবে। ​বিক্রির লক্ষ্যমাত্রা পূরণে সফল ট্র্যাক রেকর্ড এবং টিম পরিচালনার অভিজ্ঞতা থাকতে হবে। অসাধারণ নেতৃত্বদানের ক্ষমতা, নেগোশিয়েশন এবং পাবলিক স্পিকিং স্কিল।​ ডিজিটাল মার্কেটিং এবং অনলাইন প্রমোশনে ভালো জ্ঞান ও দক্ষতা থাকতে হবে।​ বাংলা ও ইংরেজি উভয় ভাষায় সাবলীল যোগাযোগ দক্ষতা থাকতে হবে।​ নিজের মোটরসাইকেল থাকা এবং বৈধ ড্রাইভিং লাইসেন্সধারীদের অগ্রাধিকার দেওয়া হবে।",At most 40 years,,,"তিস্তা মেগা সিটি লিমিটেড কর্পোরেট হেড অফিস : দৌলত কমপ্লেক্স (২য় তলা), বাড়ি নং ৬৭, রোড নং ১, গুপ্তপাড়া, রংপুর সিটি কর্পোরেশন, রংপুর বিস্তারিত তথ্যের জন্য : ০১৮৯৮৭৭৭৪৪৬",,"Corporate Head Office: Teesta Group, Daulat Complex, House No. 67, 2nd Floor, Guptapara, Rangpur City Corporation, Rangpur, Bangladesh.
Mobile: 01898777446","Teesta Group is a trusted and growing real estate and land development company based in Rangpur, Bangladesh. We are committed to developing planned residential and commercial land projects with a focus on quality, transparency, and customer satisfaction. Our mission is to provide secure investment opportunities and modern living environments through professional project development and reliable customer service.As we continue to expand our operations, we are looking for passionate, energetic, and result-oriented professionals to join our team and grow with us.",Teesta Mega City limited,,"Oct 25, 2026",Bachelor of Business Administration (BBA) Bachelor/Honors ন্যূনতম স্নাতক ডিগ্রীধারী হতে হবে।,,"M,F,O","তিস্তা গ্রুপের একটি অন্যতম আবাসন ও উন্নয়ন সহযোগী প্রতিষ্ঠান ""তিস্তা মেগা সিটি লিমিটেড""-এর সেলস অ্যান্ড মার্কেটিং বিভাগে কিছু সংখ্যক উদ্যমী, দক্ষ ও অভিজ্ঞ জনবল নিয়োগের জন্য দরখাস্ত আহ্বান করা যাচ্ছে। দায়িত্বসমূহ: ​কোম্পানির রাজস্ব বৃদ্ধি এবং ল্যান্ড/অ্যাপার্টমেন্ট বিক্রির লক্ষ্যমাত্রা অর্জনে কৌশলগত সেলস ও মার্কেটিং পরিকল্পনা তৈরি এবং বাস্তবায়ন করা। ​উত্তর অঞ্চলে কোম্পানির কার্যক্রম ও বাজার প্রসারিত করতে সেলস টিমকে নেতৃত্ব দেওয়া এবং দিকনির্দেশনা প্রদান করা। ​নতুন বাজারজাতকরণের সুযোগ চিহ্নিত করা, নতুন ক্লায়েন্ট তৈরি করা এবং গ্রাহক ও অংশীদারদের সাথে দীর্ঘমেয়াদী সম্পর্ক গড়ে তোলা। ​আসন্ন প্রকল্পগুলোর জন্য বিভিন্ন প্রচারণামূলক কার্যক্রম, বিজ্ঞাপন এবং জনসংযোগমূলক কাজ তদারকি করা। ​বাজারের ট্রেন্ড এবং প্রতিযোগীদের কার্যক্রম বিশ্লেষণ করে মার্কেটিং কৌশলে প্রয়োজনীয় পরিবর্তন আনা।",1541788,Full Time,ম্যানেজার - সেলস অ্যান্ড মার্কেটিং (রিয়েল এস্টেট),Work at office,Rangpur,True,,"Oct 6, 2026",0,0,Negotiable,"Good Coversation Skill,Sales & Marketing,Sales Target Achievement,Target Oriented,Team management",2
"Age 20 to 30 years Only Female   Smart, creative, and presentable Good communication skills Basic knowledge of Facebook Page Management Good knowledge of CapCut, Canva, VN, KineMaster, or similar apps Basic computer knowledge (MS Word, Excel, Email) Candidates from Motijheel or nearby areas will get preference Experience Requirements 6 months+ experience in Facebook Page Management or Video Editing will be an advantage Fresh candidates with good skills in Facebook and video editing are encouraged to apply",20 to 30 years,,,Only shortlisted candidates will be contacted for an interview.,,"90/1, City Centre, Motijheel, Dhaka-1000",,Flyvex Express,,"Nov 5, 2026",HSC Bachelor/Honors Minimum HSC / Bachelor`s Degree (Running or Completed),,F,"Job Context Flyvex Express is looking for a smart, creative, and responsible female candidate to manage our Facebook Page and create engaging promotional content for our international courier services. The selected candidate will be responsible for managing the Facebook Page, creating and editing short videos, responding to comments and messages, and supporting basic digital marketing activities. Job Responsibilities Manage and maintain the Flyvex Express Facebook Page Create and publish regular Posts, Reels, Stories, and promotional content Edit short promotional videos for Facebook and other social media platforms Use CapCut, Canva, VN, KineMaster, or similar editing tools Reply to customer messages, comments, and inquiries Create attractive content related to courier services and promotions Maintain basic content schedules and records Assist with Facebook boosting and basic digital marketing activities Coordinate with the office team for customer-related content when required",1541918,Full Time,Content & Page Executive (Facebook & Video Editing) - Female,,Dhaka (Motijheel),True,,"Oct 6, 2026",20000,15000,Tk. 15000 - 20000 (Monthly),,3
Age At least 35 years   সুপ্রতিষ্ঠিত ফিড কোম্পানির মার্কেটিং বিভাগে রিজিয়নাল ইনচার্জ পদে ৫-৭ বছরের অভিজ্ঞতা সম্পন্ন।,At least 35 years,,"আগ্রহী প্রার্থীকে আবেদনপত্রের সহিত পূর্ণাঙ্গ জীবন বৃত্তান্ত (ফোন নং সহ), ০২ কপি ছবি, জাতীয় পরিচয় পত্রের ফটোকপি, সকল শিক্ষাগত যোগ্যতা ও অভিজ্ঞতার সনদসহ দরখাস্ত আগামী ২০-১০-২৬ইং তারিখের মধ্যে নিম্ন ঠিকানায় পাঠাতে হবে। উল্লেখ্য যে, বাছাইকৃত প্রার্থীদের সাথে যোগাযোগ করা হবে। সেক্রেটারি এগ্রো ইন্ডাস্ট্রিয়াল ট্রাস্ট (এ.আই.টি) আফজা টাওয়ার, ২৭/এফ মনিপুরীপাড়া (৪র্থ তলা), সংসদ এভিনিউ, তেজগাঁও, ঢাকা-১২১৫। e-mail: ait.hrd1989@ gmail.com",,,"Secretary, AGRO INDUSTRIAL TRUST (AIT), Afza Tower, 27/F (3rd Floor), Monipuripara, Sangsad Bhaban Avenue, Tejgaon, Dhaka-1215, Bangladesh.",,Agro Industrial Trust (AIT),,"Oct 20, 2026",Bachelor/Honors Masters,,"M,F,O",এগ্রো ইন্ডাস্ট্রিয়াল ট্রাস্ট (এ.আই.টি) ১৯৮৮ইং সাল থেকে দেশের ফিড সেক্টরে একটি ঐতিহ্যবাহী ও সুপ্রতিষ্ঠিত নাম এবং পথিকৃৎ শিল্প প্রতিষ্ঠান। উক্ত প্রতিষ্ঠানে লিখিত পদে আগ্রহী প্রার্থীদের দরখাস্ত আহবান করা হচ্ছে। প্রার্থীগণকে অবশ্যই অধুমপায়ী হতে হবে।,1541911,Full Time,রিজিয়নাল ইনচার্জ (মার্কেটিং),Work at office,Anywhere in Bangladesh,True,,"Oct 6, 2026",0,0,--,,--
"Age At least 37 years Only Male   •  Minimum 12 years  of relevant experience in sales and marketing in the Bangladesh paper industry. • Mandatory experience in selling  Duplex Board, Art Card,   and Swedish Board Paper  in the Bangladesh market. • Excellent dealer management, corporate sales, negotiation, and business development skills.",At least 37 years,,,,,,,Jamuna Paper Mills Limited (A Concern of Jamuna Group),,"Oct 31, 2026",Master of Business Administration (MBA) in Marketing,,M,"Position Purpose To lead the marketing and sales activities of Jamuna Paper Mills Ltd. for  Duplex Board, Art Card, Swedish Board Paper  and related paper products across Bangladesh. The position will be responsible for achieving sales targets, expanding dealer networks, developing corporate customers, strengthening market presence, and driving sustainable business growth. Duties & Responsibilities • Develop and execute sales and marketing strategies for  Duplex   Board, Art Card, Swedish Board Paper and related products  in the Bangladesh market. • Achieve monthly, quarterly, and annual  sales, revenue, and   collection targets  through dealer and corporate sales channels. • Develop, appoint, manage, and  expand dealer/distributor   networks  across key markets of Bangladesh. • Build and maintain strong relationships with  corporate   customers, printing presses, packaging industries, converters, publishers, and institutional buyers. • Identify new markets, customers, and business opportunities to increase  market share and product penetration. • Monitor market demand, competitor pricing, product movement, customer preferences, and market activities and provide actionable insights to management. • Manage dealer performance, pricing, credit exposure, stock movement, market coverage, and sales collections. • Lead negotiations with dealers and corporate customers regarding  pricing, volume, payment terms, and commercial   arrangements  within company policy. • Coordinate with  Production, Planning, Supply Chain, Commercial, Finance, and Dispatch  to ensure smooth order fulfillment and customer satisfaction. • Develop sales forecasts and provide market feedback to support  production planning and inventory management. • Lead, supervise, and motivate the marketing/sales team to achieve targets and improve market coverage. • Prepare regular sales, market, dealer, customer, and competitor reports for senior management and recommend corrective actions.",1541906,Full Time,"Assistant General Manager, Marketing",Work at office,Dhaka,True,,"Oct 6, 2026",0,0,Negotiable,"Corporate Sales,Dealer Management,Marketing,paper industries,Sales",--
"Age At least 37 years   Candidate Profile: Minimum Experience: 10 years in textile/denim/fashion sales and marketing Strong industry connections and proven business development track record Exceptional communication, negotiation, and presentation skills Ability to lead a team, manage pressure, and deliver results Willingness to travel nationally and internationally for client meetings and trade shows Familiar with ERP/CRM tools, export documentation, and pricing strategy",At least 37 years,,,,,,,CasaBleu Textile Mill Limited,,"Nov 5, 2026",Masters Masters,,"M,F,O","Overview: In the fast-evolving denim and textile industry, the Marketing & Sales Department is the driving force behind customer acquisition, brand growth, and revenue generation. This opportunity is open to highly motivated, aggressive, and dynamic professionals who are willing to go the extra mile to meet realistic but ambitious sales targets. In return, the role offers a competitive salary, plus attractive performance-based bonuses and commissions. Note:  A minimum of 10 years of relevant experience in the textile/denim industry is required. The final designation (Manager, Senior Manager, or General Manager) will be determined based on qualifications, industry experience, and proven track record. Key Responsibilities: Marketing Responsibilities: Market Research & Analysis Identify target markets and analyze demand, competitor activities, and consumer behavior. Translate insights into actionable strategies to drive product and brand growth. Marketing Strategy Development Plan and implement integrated marketing campaigns including advertising, branding, exhibitions, and trade promotions. Product Development Support Provide trend-based insights and customer feedback to the design and production teams for new product development. Brand Management Position the company’s denim products as a premium brand through strong storytelling and multi-channel visibility. Marketing Budget & ROI Develop marketing budgets and ensure cost-effective execution. Track performance metrics and optimize campaigns for maximum ROI. Sales Enablement Create and maintain impactful marketing collateral, product catalogs, client decks, and buyer kits. Sales Responsibilities: Sales Strategy & Execution Develop and implement short- and long-term sales strategies to penetrate domestic and international markets. Customer Relationship Management (CRM) Maintain and strengthen long-term relationships with buyers, retailers, and brand clients. Client Presentations & Deal Closing Conduct persuasive product presentations, negotiate commercial terms, and close deals successfully. Order Processing & Delivery Coordination Supervise the order-to-delivery process in coordination with production and logistics. Sales Forecasting & Reporting Generate sales forecasts, monitor performance against targets, and report to senior management. Account Management Nurture key accounts and identify upselling/cross-selling opportunities. Shared Responsibilities: Cross-Departmental Coordination Collaborate with R&D, production, merchandising, and logistics to ensure seamless operations. Internal & External Communication Maintain consistent and professional communication across departments and with customers. Performance Monitoring Analyze sales and marketing KPIs and suggest improvements to drive growth. Adapting to Market Trends Stay up to date on global denim trends, sustainability practices, and pricing fluctuations to stay competitive.",1541922,Full Time,DGM - Marketing & Sales,Work at office,Anywhere in Bangladesh,True,,"Oct 6, 2026",0,0,Negotiable,,--
Age At least 24 years,At least 24 years,,"আগ্রহী প্রার্থীকে আপনার জীবনবৃত্তান্ত (CV) এবং প্রয়োজনীয় কাগজপত্রসহ ইমেইলে পাঠিয়ে দিতে অথবা উল্লেখিত মোবাইল নম্বরে হোয়াটসঅ্যাপে (WhatsApp) যোগাযোগ করার জন্য অনুরোধ করা হচ্ছে। যোগাযোগের ঠিকানা ইমেইল: info@agedcarecentres.com মোবাইল ও হোয়াটসঅ্যাপ (WhatsApp): 09638700400, 01326603072 ঠিকানা: বাসা-৩০, রোড, ব্লক-এ, গ্রীনসিটি, মোহাম্মদপুর, ঢাকা-১২০৭",,,"House-30, Road-02, Block-A, Greencity, Mohammadpur, Dhaka-1207.","AGED CARE CENTRE is a specialized elder care organization dedicated to providing compassionate, professional, and quality center-based care services for senior citizens. We offer a safe, comfortable, and supportive environment where elderly individuals receive personalized care, nursing support, rehabilitation assistance, physiotherapy, and daily living support from trained and experienced caregivers and healthcare professionals. Our mission is to enhance the physical, emotional, and social well-being of older adults while ensuring dignity, respect, and quality of life through trusted and comprehensive elder care services.",Aged Care Centre,http://agedcarecentres.com,"Nov 5, 2026",Bachelor of Medicine and Bachelor of Surgery(MBBS) স্বীকৃত যেকোনো মেডিকেল কলেজ বা বিশ্ববিদ্যালয় থেকে MBBS ডিগ্রি সম্পন্ন হতে হবে। বাংলাদেশ মেডিকেল অ্যান্ড ডেন্টাল কাউন্সিল (BMDC)-এর বৈধ ও হালনাগাদ রেজিস্ট্রেশন থাকতে হবে।,,"M,F,O",,1541920,Full Time,ডাক্তার,,Anywhere in Bangladesh,True,,"Oct 6, 2026",0,0,Negotiable,,1
Age 22 to 40 years Only Male,22 to 40 years,,,,,"P M Madina Villa, 14/28, Shahjahan Road, Block - A, Mohammadpur, Dhaka - 1207","Credit Benevolence Consultancy is a Contact Point Verification (CPV) agency that provides verification and risk assessment services to banks, financial institutions, and fintech organizations. The company conducts customer verification, residence and office visits, employment verification, business verification, and document authentication to support loan processing, credit risk management, and regulatory compliance. It focuses on delivering accurate, timely, and reliable field verification reports while maintaining confidentiality and professional service standards.",Credit Benevolence Consultancy (CBC),,"Nov 5, 2026",HSC,,M,Visit clients/customers as assigned Collect and verify required documents Conduct field visits and prepare reports Maintain communication with office team Ensure timely completion of assigned tasks,1541919,Full Time,Field Executive,Work at office,Dhaka,True,,"Oct 6, 2026",20000,18000,Tk. 18000 - 20000 (Monthly),,5
"Age At most 33 years Only Male   Minimum 3–5 years of practical experience in the maintenance of pharmaceutical process machinery. Required Skills: Sound knowledge of mechanical systems, motors, sensors, PLC panels, VFDs, and control systems. Ability to troubleshoot electrical and mechanical faults independently and lead a maintenance team. Good understanding of cGMP and Good Documentation Practices (GDP/ALCOA+), including logbooks, SOPs, deviations, and change control. Working knowledge of equipment qualification (IQ/OQ/PQ) and EHS/LOTO safety practices. Good communication skills (written and verbal) in both Bengali and English. Proficiency in MS Office and internet-based applications. Experience in a similar position will be considered an added advantage.",At most 33 years,Send your CV to the given email career@onepharmaltd.com,,,,,,One Pharma Limited,,"Nov 5, 2026",B.Sc. in Electrical / Mechanical Engineering from reputed public or private university. Training in PLC/automation or GMP will be an added advantage.,,M,"Context: One Pharma Ltd. embarked on its pioneering journey in November 2015 with a focus on incorporating cutting-edge manufacturing technology and producing globally acclaimed pharmaceutical products for the patients of Bangladesh and beyond. One Pharma Limited is looking for some experienced, reliable, honest & dedicated candidate for the position of Executive/ Sr. Executive, Engineering department for its factory (BSCIC, Bogura). Job Responsibilities: Plan, perform, and supervise Preventive Maintenance (PM) and Breakdown Maintenance (BM) of pharmaceutical process machinery and engineering equipment to ensure reliable, cGMP-compliant operation. Troubleshoot and resolve mechanical, electrical, pneumatic, PLC, VFD, instrumentation, and control-system faults promptly to minimize machine downtime and production loss. Maintain process equipment, including Tablet Compression Machine, Granulation Machine, Encapsulation Machine, Tablet Coating Machine, Blister Packing Machine, PFS Machine, Liquid Filling Machine, and other production machinery. Prepare, implement, and track Preventive Maintenance schedules, checklists, maintenance plans, and work orders, ensuring timely completion. Conduct Root Cause Analysis (RCA) of recurring equipment failures using tools such as 5-Why and Fishbone (Ishikawa) analysis, and implement effective Corrective and Preventive Actions (CAPA). Supervise, guide, and train technicians during maintenance, troubleshooting, installation, and machine modification activities; allocate daily jobs and monitor work quality. Maintain engineering documentation, including equipment logbooks, PM and breakdown records, SOPs, checklists, and machine drawings, in compliance with cGMP and Good Documentation Practices (GDP/ALCOA+). Support installation, commissioning, qualification (IQ/OQ/PQ), validation, modification, and improvement of machinery and equipment, where applicable. Initiate and support change control, deviation, and CAPA records related to engineering activities in line with the Quality Management System (QMS). Coordinate with Production, QA, QC, Validation, and other departments to plan maintenance and ensure uninterrupted production. Monitor equipment performance, recurring breakdowns, and spare-parts requirements; ensure the availability of critical spare parts. Ensure all maintenance work complies with cGMP, approved SOPs, EHS (Environment, Health & Safety) requirements, LOTO/permit-to-work procedures, and company policies, and support regulatory (DGDA) and internal audits. Coordinate with equipment suppliers and service providers for technical support, troubleshooting, servicing, and commissioning when required. Perform any other engineering and maintenance-related duties assigned by the supervisor or management.",1541917,Full Time,Executive / Sr. Executive (Engineering),Work at office,Bogura,True,,"Oct 6, 2026",0,0,Negotiable,,1
"Age At most 40 years   7–10 years relevant experience in Sales & Marketing, preferably in the Garments Accessories/Trims industry. Strong knowledge of Tag, Label, Heat Seal/Heat Transfer Label, RFID, Paper Hanger, Elastic, Sewing Thread and related accessories. Proven ability to achieve sales targets and develop new business. Strong MS Office skills, especially Excel, PowerPoint, and Word; ERP knowledge will be an added advantage. Strong data analysis, reporting, and sales forecasting skills. Excellent English verbal and written communication skills. Strong business communication, negotiation, networking, and client relationship management skills. Ability to manage multiple customers/projects and coordinate effectively with internal departments and top management. Strong problem-solving, decision-making, and conflict-resolution abilities. Ability to work independently, take ownership, and deliver results with minimum supervision. Proactive, result-oriented, target-driven, and customer-focused personality. Willingness to travel for customer visits and business development.",At most 40 years,,,,,,,A Reputed Garments Accessories Industry,,"Nov 5, 2026",Bachelor of Business Administration (BBA) in Marketing Master of Business Administration (MBA) in Marketing,,"M,F,O","Develop and execute sales and marketing strategies for garments accessories/trims in line with company objectives. Achieve monthly, quarterly, and annual sales targets and contribute to overall business growth. Develop new customers and expand business with existing buyers, garment manufacturers, buying houses, and relevant stakeholders. Maintain strong relationships with key customers and act as a primary point of contact for commercial and product-related requirements. Conduct regular customer visits to understand requirements, identify opportunities, resolve issues, and generate new business. Identify market trends, customer preferences, competitor activities, pricing movements, innovations, and emerging business opportunities. Conduct market assessments and initiate market research to support business development and product strategy. Analyze sales trends, customer-wise sales performance, product movement, and market conditions to identify opportunities for growth. Coordinate with Product Development and Technical teams for development of new trims/accessories according to customer requirements. Work closely with Planning, Production, Operations, and Customer Service teams to ensure smooth execution of confirmed orders. Monitor sales orders, production capacity, delivery commitments, and customer requirements to ensure timely execution. Prepare and maintain proper records of customer visits, quotations, samples, developments, orders, sales performance, and market information. Prepare regular sales reports, forecasts, customer feedback, and business development updates for management. Negotiate with customers regarding pricing, product specifications, delivery schedules, and commercial terms within company guidelines. Follow up on quotations, samples, product developments, approvals, and order confirmations to convert opportunities into business. Monitor competitor products, pricing, quality, service levels, and market positioning. Identify opportunities for introducing new products, accessories, and value-added solutions. Provide appropriate solutions to customers based on their technical, commercial, quality, and delivery requirements. Ensure sales activities are aligned with available production capacity and operational capabilities. Support management in developing annual sales plans, budgets, forecasts, and business development strategies. Handle customer complaints and coordinate with relevant departments for timely resolution. Maintain professional communication and ensure a high level of customer satisfaction. Mentor and guide junior sales/marketing team members where applicable. Perform other responsibilities assigned by the management.",1541913,Full Time,Asst. Manager / Deputy Manager- Sales & Marketing (Garments Accessories),Work at office,Dhaka,True,,"Oct 6, 2026",0,0,--,"Market Analysis,Market Research,Negotiation,pricing,Sales Target Achievement,Trims",2
Age 20 to 36 years Only Female,20 to 36 years,,,,,"House # 21/A (4 Floor), Road # 16 (Old 27), Dhanmondi R/A, Dhaka-1209, Bangladesh.","Founded on December 1, 2008, M/S Jobair Enterprise is a trusted provider of advanced retail security solutions and
garment accessories in Bangladesh. With over 18 years of dedicated industry experience, the company specializes in supplying premium-quality Security Alarm Tags, Electronic Article Surveillance (EAS) Systems, and comprehensive trims solutions tailored for garment factories, retail fashion brands, electronics shops,and supermarkets. In 2018, expanding its regional footprint, the company
successfully affiliated with a Foreign Direct Investment (FDI) enterprise in India.",MS JOBAIR ENTERPRISE,,"Nov 5, 2026",Bachelor/Honors,,F,"Handle day-to-day commercial correspondence with clients, suppliers, factories, and business partners. Prepare and manage professional emails, letters, quotations, and other business documents. Coordinate correspondence and follow-ups related to ongoing LC orders and business activities. Communicate with local and international suppliers/customers when required. Assist with LC (Letter of Credit), Import & Export, and banking-related documentation and communication. Maintain proper records of commercial documents and correspondence. Coordinate with banks, C&F agents, suppliers, and other relevant parties when necessary. Perform other administrative and commercial tasks related to the position.",1541678,Full Time,Commercial Executive,Work at office,Dhaka,True,,"Oct 6, 2026",0,0,Negotiable,"Communication and interpersonal skill,Email Marketing,Export & Import,Fluent in English,Hard Working,Letter Of Credit,Punctual",--
"Age At least 20 years   স্মার্ট, ভদ্র, দায়িত্বশীল ও পরিশ্রমী হতে হবে মানুষের সঙ্গে সুন্দরভাবে কথা বলা এবং সেবামূলক কাজে আগ্রহ থাকতে হবে নতুন কাজ শেখার মানসিকতা থাকতে হবে দীর্ঘমেয়াদে প্রতিষ্ঠানের সঙ্গে কাজ করার ইচ্ছা থাকতে হবে অভিজ্ঞ প্রার্থীদের অগ্রাধিকার দেওয়া হবে উপযুক্ত ফ্রেশারদেরও সুযোগ রয়েছে নির্বাচিত প্রার্থীকে প্রয়োজন অনুযায়ী হাতে-কলমে কাজ শেখানো হবে",At least 20 years,,,,,"Apartment: F2, Floor: 8th, Ta-39/1 (Gulshan -Badda Link Road), Middle Badda, Dhaka-1212",We provide quality Physiotherapy services in Dhaka city. We also have domiciliary service all over the city.,"Physio Sheba Pain, Paralysis Center & Home Service",https://physioshebabd.com/,"Oct 16, 2026",Higher Secondary,,"M,F,O","Physio Sheba – Pain & Paralysis Center-এর কার্যক্রম সম্প্রসারণের জন্য পুরুষ ও মহিলা উভয় প্রার্থী নিয়োগ দেওয়া হবে। কাজের ধরন সেন্টারের দৈনন্দিন কার্যক্রম পরিচালনায় সহযোগিতা,Center Care Executive এবং প্রতিষ্ঠানের অন্যান্য দায়িত্ব পালন করতে হবে। কাজের বিস্তারিত ইন্টারভিউয়ের সময় জানানো হবে।",1541916,Full Time,Center Care Executive,Work at office,Dhaka (Badda),True,,"Oct 6, 2026",12000,10000,Tk. 10000 - 12000 (Monthly),,04
"Age At least 26 years Only Male   We are looking for someone who is  strong in field coordination and people management . The ideal candidate should: Be confident and comfortable dealing with divers and field workers. Have a firm but respectful personality. Be able to control difficult situations without unnecessarily escalating conflicts. Be capable of resolving disagreements between team members. Have good leadership and communication skills. Be able to give clear instructions and ensure they are followed. Be responsible and dependable. Be able to work under pressure and in difficult field conditions. Be willing to travel and stay at project locations when required. Have good organizational and documentation skills. Be comfortable communicating with clients, vessel personnel and company management. The ability to manage people, maintain discipline and keep the diving team working together is one of the most important requirements of this position. Experience Experience in any of the following will be an advantage: Commercial diving operations Marine/shipyard operations Offshore or port operations Ship inspection Field operations Construction/site supervision Workforce/team coordination Marine documentation Underwater inspection Ship repair or maintenance Candidates without diving experience may also apply if they have strong field coordination and people-management skills. Required Skills People & Field Management Strong leadership and people-management skills Conflict-resolution ability Ability to maintain discipline among field personnel Good communication and coordination skills Ability to work with workers from different backgrounds Ability to remain calm under pressure Computer & Documentation MS Word MS Excel Report preparation Document formatting File and folder management Basic presentation skills Photo & Video Basic to intermediate video editing skills Ability to use software such as CapCut, Filmora, DaVinci Resolve, Adobe Premiere Pro or similar Basic photo editing and image organization Important Working Conditions This is  not a purely office-based position . The selected candidate will be required to work at vessels, ports, terminals, shipyards, workshops and other diving project locations. The candidate may occasionally need to: Work early morning or late night depending on vessel schedules. Work on weekends or public holidays during urgent operations. Travel outside Chattogram. Stay at project locations when required. Work in challenging marine and weather conditions. Coordinate with teams under time pressure. What We Expect From You We are looking for someone who can take  ownership of the field operation . You should be the type of person who can: “Go to the site → organize the team → make sure everyone knows their job → keep discipline → solve problems → monitor the work → collect the information → report back to management.” If you are comfortable managing people, communicating with workers and taking responsibility in the field, this position may be suitable for you.",At least 26 years,,,,,"O. R. Nizam Rd R/A Rd,chattogram","Commercial diving and underwater engineering company providing inspection, repair, maintenance, salvage, and offshore support services for the maritime industry.",Nishi Salvage & Diving,,"Oct 16, 2026","Diploma Bachelor/Honors Minimum  Diploma/Bachelor's degree  in any relevant discipline. Candidates with backgrounds in Marine, Mechanical, Naval Architecture, Business Administration, Management or other relevant fields are encouraged to apply.",,M,"Department:  Diving Operations About the Position Nishi Salvage & Diving is looking for a  responsible, confident and firm Field Coordinator  to manage and coordinate our commercial diving teams during underwater inspection and marine diving projects. This position is primarily a  field coordination and people-management role . The successful candidate will work closely with divers, diving supervisors, boat crews and office management to ensure that diving operations are properly coordinated, disciplined and completed according to the project requirements. The person will also be responsible for preparing  underwater inspection reports, organizing inspection documentation and editing underwater photographs and videos . We are looking for someone who can  manage people firmly but professionally, handle disagreements calmly, maintain discipline and keep the field operation running smoothly. Key Responsibilities Field & Diving Team Coordination — Primary Responsibility Coordinate daily activities of divers, diving supervisors, boat crews and field personnel. Ensure that the diving team understands the assigned scope of work and daily requirements. Coordinate manpower, diving equipment, boats and other field requirements with the operations team. Monitor the attendance, discipline and work performance of field personnel. Ensure that instructions from management and the Diving Supervisor are properly communicated and followed. Maintain a professional and respectful working environment among divers and field workers. Handle disagreements, misunderstandings and conflicts between team members before they affect the diving operation. Act as a communication bridge between the office, diving team, vessel crew, clients and supervisors. Keep management updated about field progress, manpower issues, operational problems and delays. Take immediate action on routine field coordination issues and escalate serious matters to management. Ensure that unnecessary arguments, disputes or personal issues do not disrupt the project. Maintain discipline while treating field workers fairly and professionally. Coordinate mobilization and demobilization of diving teams and equipment. Travel to vessels, ports, terminals, shipyards and other project locations as required. Be available outside normal office hours when required by vessel schedules or diving operations. Project Monitoring & Field Reporting Monitor daily progress of underwater inspection and diving activities. Collect accurate information from divers and diving supervisors. Maintain daily field activity records. Record completed work, pending work, difficulties and important observations. Communicate field updates to management on time. Coordinate with vessel representatives, clients and surveyors when required. Ensure that required photographs, videos and inspection information are collected during the operation. Underwater Inspection Documentation Prepare professional underwater inspection reports based on information collected from the diving team. Organize inspection findings, photographs, videos and observations. Prepare daily work reports, inspection records, checklists and other project documentation. Review diver notes and underwater inspection findings for completeness. Compile technical information into clear and properly formatted reports. Maintain proper records for completed diving projects. Ensure reports are prepared and submitted within project deadlines. Underwater Photo & Video Editing Review underwater inspection photographs and videos recorded during diving operations. Select relevant photographs and video footage for reports. Edit underwater inspection videos for client and surveyor presentation. Add vessel name, inspection area, date, location, labels and other relevant information where required. Organize and properly store project photos, videos and final reports. Maintain an organized digital archive of completed projects.",1541718,Full Time,Diving Operations & Documentation Officer,Work at office,Chattogram (Chattogram Sadar),True,,"Oct 6, 2026",30000,20000,Tk. 20000 - 30000 (Monthly),People Management skill,--
Age 35 to 45 years,35 to 45 years,,,,,"Navana Tower (11th Floor), 45 Gulshan South Avenue, Gulshan Circle-1, Dhaka-1212.","Established in 1983, Sun Aun Limited is one of the leading trading and distribution companies in Bangladesh, servicing all the major Food & Beverage, Personal & Homecare and Pharmaceutical Industries.

Being a pioneer of Plant Machinery, Product Development and supplier of specialty raw materials, Sun Aun Limited has been home to a one stop solution for over three decades.

In addition, we have started Sun Aun Sweaters in 2015 and moving into our 80,000 sft. factory premises in 2020. In the near future, there are plans of setting up Sun Aun Textiles, for which a 200,000 sft. building construction is already underway.

We strive to care for and meet the needs of our customers.",SUN AUN Limited,,"Oct 29, 2026",Bachelor of Business Administration (BBA) in Human Resource Management Master of Business Administration (MBA) in Human Resource Management PGDHRM / PGD in Human Resource Management,,"M,F,O","Sun Aun Limited is looking for an experienced and proactive  Manager - HR and Admin  to oversee the company’s Human Resources and Administrative functions. The position will be responsible for maintaining a structured HR system, ensuring regulatory compliance, supporting management in employee planning, and ensuring smooth day-to-day administrative operations. Key Responsibilities Manage the complete employee lifecycle including recruitment, onboarding, confirmation, disciplinary procedures, increment & promotion recommendations to management. Coordinate employee planning and recruitment with management and departmental heads. Maintain employee records, personnel files, attendance, leave and other HR documentation accurately and confidentially. Coordinate monthly payroll, salary adjustments, allowances, bonuses and employee benefits with the Accounts & Finance team. Develop, update and implement HR policies, Standard Operating Procedures (SOP), organizational structures and employee procedures. Coordinate employee performance appraisal, KPI evaluation, training and development activities. Handle employee relations, grievances, counseling and disciplinary matters professionally. Ensure HR practices and documentation comply with applicable  Bangladesh Labour Act, Labour Rules and other relevant regulations . Oversee day-to-day office administration, facilities, security, housekeeping, office supplies and administrative support staff. Supervise company vehicles, drivers, maintenance, transport requirements and related administrative records. Manage administrative vendors, service providers, contracts, renewals and office-related expenses. Coordinate travel, accommodation, meetings, overseas principal visits, exhibitions and corporate events when required. Prepare periodic HR and administrative reports including manpower, attendance, recruitment, turnover and other relevant information for management. Work closely with Sales, Accounts, Commercial, Supply Chain, Warehouse and other departments to ensure effective organizational support. Perform other HR and administrative responsibilities assigned by Management.",1539053,Full Time,Manager - HR and Admin,Work at office,Dhaka (Gulshan),True,,"Oct 6, 2026",100000,70000,Tk. 70000 - 100000 (Monthly),"Administration,Compensation & Benefits,Employee Relations,HR Operation,HR Policy,Human Resource Management,Performance Management,Recruitment & Selection",1
"Age 25 to 36 years Only Male   Strong knowledge of vehicle and fleet management. Good communication and interpersonal skills. Ability to plan routes and manage transportation schedules. Good record-keeping and reporting skills. Ability to work under pressure and handle emergencies. Proficiency in MS Word, Excel and email communication.",25 to 36 years,,,,,"Corporate Office, Level-10, 90/Cha,The Pearl Trade Centre (Uttar Badda), Progati Sharani, Dhaka, 1212.","Redmin Industries Ltd. is a fast-growing manufacturer, supplier, and distributor dedicated to delivering high-quality chemicals, adhesives, and coating solution products; established in 2022. We specialize in a wide range of industrial and commercial solutions, including adhesives, hot melt glue, hygiene glue, thinner and ink products, along with a growing presence in agro, baby care, and toy manufacturing.
we are driven by innovation and customer needs. Our strong R&D, product development, and technical support teams enable us to address complex manufacturing challenges and provide fast, reliable, and cost-effective solutions tailored to specific applications and processes.
Redmin stands as a multi-sector industrial group, serving both B2B and consumer markets—from essential raw materials to everyday lifestyle products—guided by our vision of creating smarter, safer, and more sustainable innovations for modern living.",Redmin Industries Limited,https://redmin.com,"Nov 3, 2026",Bachelor/Honors,,M,"To manage daily transport operations and vehicle schedules. To communicate with vendor for distribution vehicle hire. To ensure vehicles are properly maintained, serviced and available when required. To monitor fuel consumption, mileage, maintenance and other vehicle-related expenses. To maintain accurate records of vehicles, drivers, fuel, repairs, insurance and licenses. To ensure all vehicles comply with legal and organizational safety requirements. To supervise drivers and monitor their attendance, performance and discipline. To handle vehicle accidents, breakdowns and other transportation-related incidents. To coordinate with workshops, garages, vendors and relevant authorities. To prepare regular transport reports and provide recommendations for improving efficiency. To perform any other transport-related duties assigned by management.",1541010,Full Time,Executive / Sr. Executive- Logistic (Transport),Work at office,Narsingdi,True,,"Oct 6, 2026",30000,25000,Tk. 25000 - 30000 (Monthly),"ERP Software,Microsoft Excel",--
"Age 30 to 40 years   Proficiency in AutoCAD 2D is required, particularly for preparing machinery layouts, production-line arrangements and factory floor plans..  Experience in B2B, industrial, machinery or technical-product sales/coordination will be preferred. Strong customer follow-up, communication and negotiation skills. Ability to understand machinery specifications and basic technical requirements. Excellent written and spoken English and Bangla with strong professional email communication skills. Proficient in MS Excel, Word and PowerPoint. Comfortable working with quotations, pricing, commercial calculations and sales reports. Basic understanding of PI, PO, L/C, import procedures and international trade will be an advantage. Must be organized and capable of simultaneously following up multiple customers and projects. Willing to visit factories and industrial locations throughout Bangladesh when required. Self-motivated, commercially minded and capable of communicating professionally with customers and overseas suppliers.",30 to 40 years,,,,,"Navana Tower (11th Floor), 45 Gulshan South Avenue, Gulshan Circle-1, Dhaka-1212.","Established in 1983, Sun Aun Limited is one of the leading trading and distribution companies in Bangladesh, servicing all the major Food & Beverage, Personal & Homecare and Pharmaceutical Industries.

Being a pioneer of Plant Machinery, Product Development and supplier of specialty raw materials, Sun Aun Limited has been home to a one stop solution for over three decades.

In addition, we have started Sun Aun Sweaters in 2015 and moving into our 80,000 sft. factory premises in 2020. In the near future, there are plans of setting up Sun Aun Textiles, for which a 200,000 sft. building construction is already underway.

We strive to care for and meet the needs of our customers.",SUN AUN Limited,,"Oct 29, 2026","Bachelor in Engineering (BEngg) in Mechanical Engineering, Electrical & Electronic Engineering, Industrial Eng & Production, Food Science & Technology Bachelor of Business Administration (BBA) in Marketing, International Business",,"M,F,O","Sun Aun Limited is looking for a dynamic and organized  Sales Coordinator – Machinery Sales  to support its industrial machinery business. The role involves coordinating with customers, overseas machinery manufacturers and internal departments throughout the sales process—from initial inquiry and quotation to order execution, delivery, installation and after-sales follow-up. The position requires a combination of  B2B sales coordination, strong customer follow-up and the ability to understand industrial machinery and technical requirements. Key Responsibilities Handle and follow up customer inquiries for industrial processing, production and packaging machinery. Coordinate with overseas machinery manufacturers/principals to obtain quotations, specifications, layouts and technical information. Prepare and modify 2D machinery layouts using AutoCAD , including machine positioning, production-line arrangement, dimensions and space utilization based on customer factory/floor plans. Prepare quotations, commercial offers, presentations and other sales documents for customers. Understand customers’ basic production requirements, capacity, product type and project needs and communicate them accurately to suppliers. Maintain regular follow-up with prospective and existing customers to develop inquiries into confirmed projects. Coordinate customer meetings, factory visits, technical discussions and online meetings with overseas suppliers. Maintain an updated sales pipeline covering leads, inquiries, quotations, negotiations, confirmed orders and ongoing projects. Coordinate with Commercial, Accounts and Logistics teams regarding PI/PO, L/C/payment status, shipment and delivery. Follow up machinery production, shipment, installation and commissioning schedules with customers and suppliers. Coordinate after-sales requirements, spare parts inquiries and technical support with overseas principals. Identify prospective customers and new machinery opportunities within Bangladesh’s food, bakery, beverage, confectionery, pharmaceutical and related manufacturing sectors. Maintain organized records of customer communications, quotations, supplier offers and project status. Prepare regular sales and project follow-up reports for management. Support exhibitions, customer visits and meetings with visiting overseas principals as required. Travel to customer factories and industrial locations within Bangladesh when necessary.",1539118,Full Time,Sales Coordinator - Machinery Sales,Work at office,"Anywhere in Bangladesh, Dhaka (Gulshan)",True,,"Oct 6, 2026",0,0,Negotiable,"AutoCAD,B2B Sales,Business Development,Expertise on Customer Relationship Management (CRM) handling.,Industrial Sales,International Business,Machinery Sales,Prepare Quotation,Sales Coordination,Technical Sales",1
"Age At least 22 years   Freshers and candidates with up to 2 years of relevant experience are encouraged to apply. Experience in architectural drawing, drafting, detailing, and 3D visualization will be an advantage. Good working knowledge of AutoCAD.Basic knowledge of SketchUp / 3D Visualization will be an advantage. Knowledge of architectural drafting and detailing. Ability to read and understand architectural drawings. Good communication and teamwork skills. Willingness to learn and develop professional skills. Ability to work under deadlines.",At least 22 years,,,,,,,Design Pro Consultants (DPC),,"Oct 16, 2026",Diploma in Architecture Diploma in Architecture from a recognized institution. Fresh diploma graduates are encouraged to apply. Female graduates are especially encouraged to apply.,,"M,F,O","Design Pro Consultants (DPC) Engineering & Consultancy | Architects, Engineers & Building Design Design Pro Consultants (DPC) is looking for a talented, hardworking, and responsible  Diploma Architect  to join our professional team. Preparation of architectural plans, elevations, sections, and working drawings. Preparation of detailed architectural drawings using AutoCAD. Preparation of floor plans, layouts, and architectural details. Modification and revision of drawings according to project requirements. Preparation of presentation drawings and 3D views. Coordination with Architects, Structural Engineers, and MEP Engineers. Assist in site visits and project coordination when required. Maintain proper drawing standards, accuracy, and project documentation. Perform other duties assigned by the management.",1541882,Full Time,Diploma Architect / Architectural Draftsman,Work at office,Dhaka (Savar),True,,"Oct 6, 2026",20000,15000,Tk. 15000 - 20000 (Monthly),,1
"Age At least 23 years Only Female   Strong vendor/supplier management and negotiation skills. Good knowledge of inventory management and purchasing processes. Strong analytical and problem-solving abilities. Good communication and interpersonal skills. Proficiency in MS Excel/Google Sheets and willingness to work with POS/ERP systems. Ability to manage multiple tasks and meet deadlines. Willingness to conduct market visits when required. Strong attention to detail, particularly in product data, pricing, and inventory management. Ability to work effectively with cross-functional teams. Experience: 1–3 years of relevant experience in Supply Chain Management, Procurement, Inventory, E-commerce Operations, Vendor Management, or a related field. Freshers with strong knowledge and interest in supply chain and e-commerce operations may also be considered. Key Skills Supply Chain Management, Procurement, Vendor Management, Inventory Management, Purchasing, E-commerce Operations, Product Management, Market Research, Negotiation, POS/ERP, Data Management, Pricing & Promotion, Supplier Coordination",At least 23 years,,,,,"House-88(2nd Floor), 362, Ujjal Tower, DIT Road, East Rampura.","Beauty Booth is the largest shopping destination in Bangladesh on a digital platform selling health & beauty skincare items.
beautybooth.com.bd business vertical of Beauty Booth LTD (Reg 192295)

We have another branch in Qatar served over fifty thousand + unique Customer like you domain beautyboothqa.com ig @beatyboothqtr",Beauty Booth Bangladesh,https://beautybooth.com.bd/,"Nov 5, 2026","Bachelor’s degree in Supply Chain Management, Business Administration, Management, Marketing, or a related field. Candidates with relevant academic background and practical experience in e-commerce, procurement, inventory, or supply chain operations will be preferred.",,F,"Job Responsibilities: Manage suppliers and maintain strong, professional relationships with existing and potential vendors. Review and compare multiple supplier quotations and order sheets to identify the most competitive options. Conduct market and brand research to identify high-demand, top-selling, and potential “hero” products for onboarding. Identify slow-moving and dead stock and take necessary initiatives to improve inventory turnover. Monitor near-expiry products and coordinate timely clearance or promotional activities. Maintain regular communication and coordination with suppliers regarding orders, pricing, availability, delivery, and other business matters. Schedule and coordinate meetings with suppliers and relevant internal teams. Conduct physical market visits to gather market insights, monitor competitors, and identify new product opportunities. Perform daily operational activities and maintain accurate product and inventory data in the POS system. Coordinate with the product upload team to ensure accurate and timely product listings. Maintain regular communication with the warehouse team regarding stock availability, receiving, dispatch, and inventory-related issues. Assist in inventory control, procurement, purchasing, and replenishment activities. Verify and audit product names, images, descriptions, specifications, and other product information. Monitor and manage product pricing, promotional pricing, discounts, and offers. Coordinate products and offers for various sales campaigns and promotional activities. Generate content ideas based on products, campaigns, and promotional requirements and coordinate with content creators for execution. Assist in preparing and reviewing product-related captions and promotional content. Plan and prepare themes, product selections, talking points, and scripts for live selling sessions. Prepare and monitor supplier payment schedules and coordinate with relevant teams regarding vendor payments and outstanding dues. Maintain proper records and reports related to suppliers, purchasing, inventory, pricing, and product activities. Perform other operational and ad-hoc responsibilities as assigned by the management.",1541905,Full Time,Supply Chain Management Executive,Work at office,Anywhere in Bangladesh,True,,"Oct 6, 2026",0,0,--,,--
"Age At least 22 years   Freshers and candidates with up to 2 years of relevant experience are encouraged to apply. Experience in architectural planning, working drawings, detailing, and 3D visualization will be an advantage.     Good knowledge of AutoCAD.     Knowledge of SketchUp / 3D Visualization, D5 rendering, Photoshop, Lumion will be an advantage. Knowledge of architectural detailing and building design.  Good communication and teamwork skills. Ability to work under deadlines and manage multiple tasks",At least 22 years,,,,,,,Design Pro Consultants (DPC),,"Oct 16, 2026",Bachelor of Architecture (B.Arch) Bachelor of Architecture (B.Arch) from a recognized university/institution. Fresh graduates are encouraged to apply. Female graduates are especially encouraged to apply.,,"M,F,O","Design Pro Consultants (DPC) Engineering & Consultancy | Architects, Engineers & Building Design Design Pro Consultants (DPC) is looking for a talented, hardworking, and responsible  Diploma Architect  to join our professional team. Preparation of architectural plans, elevations, sections, and working drawings. Preparation and modification of drawings according to project requirements. Coordination with structural, MEP, and other engineering teams. Preparation of presentation drawings and 3D views. Site visits and project coordination when required. Maintaining drawing standards, accuracy, and project documentation. Performing other architectural duties assigned by management.",1541868,Full Time,Architect (B. Arch),Work at office,Dhaka (Savar),True,,"Oct 6, 2026",30000,20000,Tk. 20000 - 30000 (Monthly),,1
"Age 20 to 30 years   •     Must be willing to work in the field and travel regularly within the assigned territory. •     Having a motorcycle with valid driving license will be an added advantage. •     Basic knowledge of smartphone apps, MS Excel and online reporting.",20 to 30 years,,,,,"Simpletree, Plot-53, Road-21, Block-B, Kemal Ataturk Avenue, Banani, Dhaka-1213","AkijBashir Group is guided by innovation and a strong sense of purpose. Committed to excellence, we continuously reshape industries through advanced technology and innovative products. Driven by a dedicated team, we challenge conventions to help build a better future.",AKIJBASHIR GROUP,https://akijbashir.com/,"Oct 17, 2026",Bachelor’s degree in any discipline from a recognised public or private university,,"M,F,O","Job Context: Akij Bathware Ltd., a leading manufacturer of quality bathroom and sanitary products under the AkijBashir Group, is seeking a Sales Representative to drive sales and expand market presence. The role will focus on developing customer relationships, identifying new business opportunities, achieving sales targets, promoting products, monitoring market trends, and ensuring customer satisfaction. Job Responsibilities: Achieve the assigned monthly sales target in quantity (PCS) and value (BDT); track daily/weekly progress and cover any shortfall Expand retail coverage in the territory; enroll and activate eligible retailers in APONJON program and keep outlet data updated Find potential markets and new dealers; support dealer onboarding, activation and productivity improvement Follow up dealer lifting, payment collection, overdue and credit settlement on a daily basis; inform Area Manager about any exception promptly Execute approved dealer/retail campaigns, merchandising and market visibility activities as per plan Visit retail markets and project/construction sites regularly to generate leads, collect competitor information and follow up opportunities Follow the approved route/beat plan and maintain regular dealer and outlet coverage Keep dealer, retailer, project lead, order, collection and market information updated in the prescribed reporting system Coordinate with Area Manager on stock, supply, credit, service issues, competitor activities and market opportunities",1541867,Contractual,"Sales Representative - ROSA, Akij Bathware Ltd.",Work at office,Anywhere in Bangladesh,True,,"Oct 6, 2026",0,0,Negotiable,"Communication and interpersonal skill,Dealer Relationship,Negotiation Skill,Product Promotion,Reporting and Documentation,Sales,Teamwork",--
"Age 27 to 35 years Only Male   Strong knowledge of garments and accessories (Tag, Label, Heat Seal/ Heat transfer label, RFID, Paper Hanger, Elastic and Sewing Thread). Applicants should have good experience in operating of Microsoft Office programs (Excel, PowerPoint Presentations, MS Word etc.), be well versed in all excel spreadsheet related and ERP software knowledge will be an added advantage. Applicants must have super fast data analyzing and reporting skill and handle multiple projects simultaneously through emails, phones etc. He must have the ability to work closely and efficiently with all department managers as well as Top management also to resolve conflicts within the scope of responsibility. Preferably in garments accessories industry. Excellent verbal and written communication skill in English. Advanced business communication (email, proposals and client meetings). Strong networking and relationship building abilities. Ability to work independently and meet sales target.",27 to 35 years,,,,,,,A Reputed Garments Accessories Manufacturer,,"Nov 5, 2026",Bachelor of Business Administration (BBA) in Marketing Master of Business Administration (MBA) in Marketing,,M,"This position will be responsible for Garments Accessories Marketing. . We are looking for a highly creative, detail oriented & result focused professional Executive with good experience in Sales & Marketing of Garments Accessories . We desire the candidate possess good knowledge preferably on Trims/Accessories . The incumbent will also collaborate with cross-functional teams, including Product development, Customer service, Planning and Operations, to identify business opportunities and execute sales . Market assessments and Initiate market research . Sales trends and sales movements analysis to ensure development of new business and its implementation Track information on market conditions, innovation and opportunities. Perform and achieve monthly sales target . Monitor monthly sales targets according to production capacity. Maintaining proper documents visit customers to gain sales and provide useful solutions on customer needs . The candidate should be smart, young, energetic, proactive, result oriented and well-mannered with attractive personality .",1541902,Full Time,Executive/Sr. Executive - Sales & Marketing (Garments Accessories),Work at office,Dhaka,True,,"Oct 6, 2026",0,0,Negotiable,"Client Relationship,Market Research,Product Costing and budgeting,Target Oriented",02
"Age At least 26 years   Strong communication and negotiation skills. Proficiency in Microsoft Excel and ERP systems.        Analytical and problem-solving abilities.         Understanding of commercial, financial, and banking processes.       Should be self motivated, unique approach, energetic & capable to work under pressure.        Excellent analytical, organizational, communication and negotiation skills.        Demonstrated strategic thinking and problem solving abilities.        Good communication skill both English and Bengali (spoken and written).",At least 26 years,,,,,,,A Reputed Pre-engineered Steel Structure Company,,"Nov 5, 2026",Bachelor of Business Administration (BBA) in Supply Chain Management Master of Business Administration (MBA) in Supply Chain Management,,"M,F,O","The incumbent to be responsible for:   Maintain relationships with clients and address commercial inquiries. Draft, review, and monitor commercial agreements. Resolve issues related to shipments, inventory, or customer orders. Ensure proper HS code for timely clearance from customs and save additional cost. Maintain accurate commercial records and databases. Ensure proper documentation for invoices, purchase orders, and contracts. Maintain proper correspondents with banks, shipping lines, freight forwarders, C&F agents etc.  Preparation of Bank Guarantee, N.O.C from bond customs if required and release the import consignment. Support to the import L/C (Foreign & Local), bank acceptance, fund arrangement, liaison with the bank for import payment, handling insurance, and cooperation with transportation.    Co-operate with suppliers (Local & Foreign) for shipment schedule and timely shipment-related information. Stay updated on changes in trade laws, tariffs, and international trade agreements. Preparation and maintenance of import documentation, including invoices, bills of lading, and certificates of origin. Ensure preparing and renewal all kind of Commercial related Certificates from government authorities. To manage VAT, TAX rules related to Import policies and L/C processing, SRO. To maintain liaison with customs, port authority, shipping agent, bank, insurance companies and other related government officials. Manage import operations from purchase order to final delivery. Prepare and verify import documents, including LC, PI, invoice, packing list, B/L, and customs documentation. Coordinate with procurement, warehouse, logistics, and finance teams for smooth operations. Maintain accurate import records and prepare commercial reports. Negotiate with suppliers and service providers to optimize cost and delivery terms. Resolve import-related issues and perform other commercial duties. Any other assignment not detailed herein & felt conducive by Management as and when necessary.",1541897,Full Time,Executive (Commercial),,Dhaka,True,,"Oct 6, 2026",0,0,Negotiable,,01
"Age 20 to 30 years   Minimum 2-3 year’s experience. Call center/ Tele sale/ Customer services. Customer relationship/ Call center experience. Excellent communication and team building skills. Customer needs analysis and problem solving capability. Willing to work hard for customer satisfaction & services. Sound Knowledge in social media, internet & basic computer.",20 to 30 years,,,,,"Suite #B-01, House #442, Road # 30, DOHS Mohakhali, Dhaka-1206",,Nirvoor Intertech Services Ltd,https://nirvoor.com/,"Nov 5, 2026",HSC Bachelor/Honor’s preferable,,"M,F,O",To achieve monthly call target & customer hunting. Focused on tele sale and exceeding client hunt. Development new clients & relationship with existing clients. Corporate/Institution client hunt and continue growth. Experienced women are encourage to apply.,1541880,Full Time,Assistant Officer / Officer (Customer Care/Call Center/Tele sales),Work at office,"Dhaka, Gazipur, Narayanganj, Dhaka (Savar)",True,,"Oct 6, 2026",0,0,Negotiable,"Call Center Operation,Customer Service,Digital Marketing (Social Media Marketing),Education,Telesales ",20
"Age At least 30 years   3–5 years of relevant experience in Sales & Marketing. Experience in ISP, Telecom, Broadband, FTTH or Corporate/Enterprise Internet Sales will be highly preferred. Proven track record in achieving sales targets Strong knowledge of the Bangladesh ISP market. Excellent communication, presentation and negotiation skills Strong leadership and team-management capabilities Excellent business development and relationship-management skills Highly motivated, proactive and target-oriented Ability to work independently and under pressure Willingness to travel as required",At least 30 years,Send your CV to the given email career@alwayson.com.bd,,,,"House # 12, Road#12, Gulshan-1, Dhaka-1212","Always On Network Bangladesh Ltd. (AlwaysOn) was formed as a joint venture among AON (a USA based wireless Internet provider), Everest Wireless Partners, (a USA based venture capital firm) and a group of Non-Resident Bangladeshi technologists from Intel Corp, USA. An Oregon, USA based group of talented managers and engineers currently managing the network roll out of AlwaysOn. This group of professionals with extremely brilliant academic background has been involved in ICT Sector for many years. AlwaysOn was founded with a vision to build a highly developed intranet within Bangladesh that will be attractive to foreign companies as a low cost location for computer dependent operations presently located in other countries. AlwaysOn Network deploys technology with the industry`s largest cell radius and best non-line-of-sight coverage, enabling coverage, capacity and capabilities that far exceed those of a typical wireless system. It offers broadband wireless Internet services in rural and urban areas of Bangladesh employing the latest technology to create highest quality solutions available today. 
",AlwaysOn Network Bangladesh Ltd.(A USA Based Internet Service Provider),,"Nov 5, 2026",Bachelor/Honors Bachelor’s Degree in any discipline from a recognized university. MBA in Marketing/Management will be an added advantage.,,"M,F,O","Context: AlwaysOn Network Bangladesh Ltd . is looking for an experienced, dynamic and result-oriented Manager – Sales & Marketing to lead our sales initiatives and drive business growth across Dhaka and nationwide. Key Responsibilities Develop and execute sales & marketing strategies to achieve business objectives Drive Corporate, Enterprise, Broadband & FTTH customer acquisition Achieve monthly and annual sales, revenue and customer acquisition targets Lead, manage and motivate the sales team to achieve targets Identify new markets, business opportunities and potential customers Expand the company’s customer base and market presence across Dhaka and nationwide Develop and maintain strong relationships with corporate and key customers Plan and execute promotional campaigns and sales activities Analyze market trends, customer needs and competitor activities Prepare sales forecasts, budgets and regular performance reports for management",1541856,Full Time,Manager - Sales & Marketing,Work at office,Dhaka,True,,"Oct 6, 2026",0,0,Negotiable,,--
Age At least 25 years,At least 25 years,,,,,,,100% Export Oriented Manufacturing Company,,"Oct 30, 2026",Bachelor of Science (BSc) in Food Science & Technology,,"M,F,O",Conduct research on  existing and new mushroom products  for product development. Develop and formulate  new recipes and product formulations . Conduct  shelf-life studies  and evaluate product stability. Coordinate  nutritional analysis  of developed products. Maintain proper records and reports of R&D activities. Perform other R&D-related tasks as assigned by the department.,1541706,Full Time,"Executive (R&D), Mushroom",Work at office,Dhaka,True,,"Oct 6, 2026",0,0,Negotiable,"Documentation,Recipe Formulation,Research and Development",01
"Age 25 to 45 years   Minimum 3 years of professional experience in social media management, digital marketing, audience growth or a related field. Proven track record of growing social media audiences, preferably for media, entertainment, sports or digital content platforms. Strong understanding of Facebook, YouTube and TikTok algorithms and growth strategies. Excellent analytical and problem-solving skills. Ability to interpret social media analytics and turn data into actionable strategies. Strong understanding of viral content and audience behavior. Creative mindset with a strong focus on measurable results. Ability to work independently and collaboratively in a fast-paced digital media environment.",25 to 45 years,Send your CV to the given email teamkhela71@gmail.com,,"Interested candidates are requested to send their updated CV and portfolio, along with a brief cover letter, to:
Subject: Application for Social Media Growth Manager
Contact: 01581054920
Only shortlisted candidates will be contacted.",,"Khela 71 is a leading digital sports media platform and news website in Bangladesh, delivering reliable, timely and engaging sports content to a growing digital audience. We cover breaking news, match reports, in-depth analysis, features, interviews and opinion pieces, with a strong focus on cricket","Khela 71 is a leading digital sports media platform and news website in Bangladesh, delivering reliable, timely and engaging sports content to a growing digital audience. We cover breaking news, match reports, in-depth analysis, features, interviews and opinion pieces, with a strong focus on cricket, football and other major sports.

Our platform combines the values of traditional sports journalism with the creativity, perspectives and digital-first approach of the younger generation. Through our Bengali and English platforms, as well as Facebook, YouTube and TikTok, Khela 71 connects sports fans with the stories, insights and moments that matter.

Our motto, ‘Aamra Korbo Joy’ (We Will Win), reflects our commitment to excellence, innovation and the winning spirit of sports.",Khela 71,https://khela71.com/,"Oct 20, 2026","Bachelor/Honors Bachelor's degree in Marketing, Mass Communication, Media Studies, Business Administration or a relevant field will be preferred. Relevant professional experience and proven results may be considered in lieu of academic qualifications.",,"M,F,O","Job Description Khela 71 is looking for a highly creative, data-driven and results-oriented  Social Media Growth Manager  to lead the growth of our digital platforms. The ideal candidate should have proven experience in growing audiences, increasing engagement and improving content performance across  Facebook, YouTube and TikTok . The candidate will be responsible for developing effective growth strategies, analyzing audience behavior and turning insights into measurable results. Key Responsibilities Develop and implement growth strategies for Facebook, YouTube and TikTok. Increase followers, reach, engagement, views and watch time across digital platforms. Analyze platform algorithms, audience insights and content performance to optimize growth. Develop and manage content calendars in collaboration with the editorial and creative teams. Identify emerging trends, viral content opportunities and competitor strategies. Monitor and analyze performance using social media analytics tools. Develop, manage and optimize paid advertising campaigns. Collaborate with editors, designers, video producers and content creators to maximize content performance. Stay updated on the latest social media trends, platform updates and digital growth strategies. Prepare regular performance reports and recommend strategies for further growth.",1541694,Full Time,Social Media Growth Manager,Work at office,Dhaka (Mohammadpur),True,,"Oct 6, 2026",50000,40000,Tk. 40000 - 50000 (Monthly),"Digital Marketing (Social Media Marketing),Search Engine Optimization (SEO),Social Media Management",1
Age 25 to 35 years,25 to 35 years,Send your CV to the given email Career@brosingredients.com or Email your CV from <strong>My Bdjobs</strong> account,,You can also mail us at: career@brosingredients.com,,"House- 70, Road-02, Road-02,Block- A, Niketan, Gulshan 1, Dhaka 1212, Bangladesh
+8809678269269","BROS Ingredients Limited is a leading distributor of commodity and specialty chemicals in Bangladesh, headquartered in Gulshan, Dhaka. We serve a diverse range of industries through innovative supply solutions, technical expertise, and reliable sourcing. Our key market segments include Plastics, Rubber, Pharmaceuticals, Pulp & Paper, Food & Nutrition, Animal Nutrition, Personal Care, Paints, Inks, Adhesives, Detergents, and other industrial sectors. Committed to quality, sustainability, and customer success, BROS Ingredients Limited connects global manufacturers with Bangladesh's growing industries, delivering value-driven solutions that support innovation and business growth.",BROS Ingredients Limited,https://www.brosingredients.com,"Nov 5, 2026","Bachelor of Science (BSc) in Applied Chemistry, Chemical Technical/Engineering, Chemistry Master of Business Administration (MBA) in Finance & Banking, Pharmacy, Marketing University of Dhaka,Jahangirnagar University,North South University,BRAC University,Rajshahi University of Engineering and Technology students will get preference",,"M,F,O","Drive business growth through technical promotion, sales, market development, and support activities for industrial and specialty chemicals across domestic and international markets. Provide professional customer service, technical assistance, and operational support, ensuring high levels of client satisfaction and long-term relationships. Achieve assigned B2B sales, operational, or functional targets, contributing to overall brand expansion, revenue growth, and company profitability. Identify and develop new customers, suppliers, projects, and business opportunities, while actively supporting and growing existing accounts. Maintain continuous follow-up on inquiries, prospects, and internal requests, ensuring smooth execution of projects and business pipelines. Negotiate commercial terms, coordinate internally, and support deal closures, agreements, and contracts in line with company policies. Monitor and maintain regular updates on raw material status, inventory movement, financial data, HR records, and market trends (local & global) relevant to the role. Ensure effective communication with customers, suppliers, partners, and internal teams via email, phone, LinkedIn, social media, and other professional platforms. Track competitive activities, market intelligence, cost trends, and industry developments, reporting key insights to management for strategic decision-making. Work closely with senior management and cross-functional teams (Sales, Finance, HR, Operations) to support business objectives and operational excellence. Identify growth opportunities through trade shows, exhibitions, expos, partnerships, and distributorships, aligned with departmental responsibilities. Participate in industry events, meetings, and professional forums to expand networks and strengthen business relationships. Conduct market, operational, financial, or talent-related research to support expansion, efficiency, compliance, and workforce planning within the assigned territory or function. Ensure compliance with company policies, ethical standards, regulatory requirements, and internal procedures. Support continuous improvement initiatives by contributing ideas to enhance process efficiency, cost optimization, customer experience, and team performance.",1541894,Full Time,Management Trainee Officer (Business Development - Chemical Ingredients),Work at office,Dhaka,True,,"Oct 6, 2026",0,0,Negotiable,"Accounts and Finance,Banks & Financial,Operational Management,Pharmaceutical/ Medical Marketing,Sales & Marketing",2
"Age 23 to 35 years   Excellent communication and interpersonal skills. Strong presentation, negotiation, and convincing skills. Ability to communicate professionally in both English and Bangla. Comfortable with client meetings, phone calls, presentations, and regular follow-ups. Basic knowledge of software products and business applications. Good knowledge of Microsoft Office/Google Workspace and CRM tools. Self-motivated, target-oriented, and disciplined. Ability to work independently as well as with a team. Willingness to visit clients when required.",23 to 35 years,,,,,"Merul Badda, Dhaka-1212",,ShohozSoftwareBD,,"Oct 16, 2026",Bachelor/Honors,,"M,F,O","Build and manage a strong network of agents/channel partners to drive sales growth. Identify and onboard new agents within the assigned territory and support them in initiating operations. Maintain strong relationships with existing agents through regular communication and engagement. Educate agents about the company’s products/services, pricing, offers, and sales processes. Generate new leads and sales opportunities through the agent network. Provide necessary support to convert agent-generated leads into successful customers. Achieve monthly and quarterly sales targets through the agent network. Monitor agent performance and identify opportunities for business growth and improvement. Conduct meetings, presentations, and product/service demonstrations for prospective agents.",1541883,Full Time,Software Corporate Sales Executive,Work at office,Dhaka,True,,"Oct 6, 2026",0,0,Negotiable,,02
"Age At least 33 years   Minimum 10 years of relevant experience in textile manufacturing, preferably in both Knit and Woven factories. Strong knowledge of weaving, dyeing, printing, fabric construction, and composition. Practical understanding of the complete production process. Must be willing to work under pressure and meet tight production deadlines.",At least 33 years,,,,,,,Experience Textile Ltd.,,"Nov 5, 2026",Bachelor/Honors,,"M,F,O","Job Summary: Responsible for overseeing overall textile production operations, ensuring production targets, quality, efficiency, cost control, and timely delivery while optimizing manpower, machinery, and resources. Responsibilities: Plan and monitor daily, monthly, and annual production targets. Ensure efficient utilization of manpower, machinery, materials, and production capacity. Monitor productivity, efficiency, wastage, downtime, and production costs. Develop strategies for process improvement and operational efficiency. Coordinate with Planning, Quality, Maintenance, Merchandising, and Commercial teams. Ensure production meets required quality and customer standards. Manage manpower planning, departmental KPIs, and team performance. Prepare and control the annual production budget. Identify production bottlenecks and implement corrective actions. Develop and implement production SOPs, policies, and improvement initiatives. Ensure compliance with company policies, safety requirements, and applicable regulations. Prepare production reports and provide regular performance updates to management.",1541887,Full Time,Deputy General Manager- Production (Textile),Work at office,Mymensingh (Bhaluka),True,,"Oct 6, 2026",0,0,Negotiable,"Production,Textile",02
Age At least 20 years   অবসরপ্রাপ্ত আর্মি/বিজিবি/ বিডিআর অথবা আনসার সদস্যদের অগ্রাধিকার দেওয়া হবে। শারীরিকভাবে সুস্থ ও দায়িত্বশীল হতে হবে। নিরাপত্তা কাজে অভিজ্ঞ প্রার্থীদের অগ্রাধিকার দেওয়া হবে।,At least 20 years,,,,,"Al-Habib Complex, 53/1, Kaptan Bazar, Wari, Dhaka-1203","Deeplaid Laboratories limited is one of the leading natural medicine manufacturing company in Bangladesh, engaged in the manufacturing & marketing of high quality medicines. Deeplaid is now expanding its horizon to Herbal medicine to serve the nation with high quality products.",Deeplaid Laboratories Limited,,"Oct 15, 2026",8 Pass শিক্ষাগত যোগ্যতা: নূন্যতম অষ্টম শ্রেণি পাস।,,"M,F,O","একটি সুপ্রতিষ্ঠিত ঔষধ উৎপাদনকারী প্রতিষ্ঠানের কারখানার নিরাপত্তা নিশ্চিত করার জন্য সৎ, দায়িত্বশীল ও কর্মঠ সিকিউরিটি গার্ড নিয়োগ দেওয়া হবে। দায়িত্বসমূহ প্রতিষ্ঠানের সার্বিক নিরাপত্তা নিশ্চিত করা। প্রবেশ ও বাহিরের ব্যক্তিদের প্রয়োজন অনুযায়ী তদারকি করা। প্রতিষ্ঠানের সম্পদ ও মালামাল নিরাপদ রাখা। সন্দেহজনক ব্যক্তি বা কার্যকলাপ সম্পর্কে কর্তৃপক্ষকে অবহিত করা। নির্ধারিত গেট, প্রবেশপথ ও আশপাশের এলাকা নজরদারি করা। প্রতিষ্ঠানের নিরাপত্তা সংক্রান্ত নিয়ম-কানুন যথাযথভাবে পালন করা।",1541896,Full Time,সিকিউরিটি গার্ড,,Anywhere in Bangladesh,True,,"Oct 6, 2026",0,0,Negotiable,,--
"Age 30 to 40 years   End-to-End Account & Client Management Service Delivery & Operational ExcellencePeople & Leadership ManagementSLA KPI & Performance ManagementQuality Assurance Compliance & GovernanceContinuous Improvement & Process Optimization Escalation Issue & Risk ManagementPerformance Reporting & Data-Driven Insights Business Continuity & Operational Resilience FTE, Volume & Commercial/Billable Management Billing & Payment Receivables Support SOP, Training & Process Documentation",30 to 40 years,,,,,"Nitol Niloy Tower (Level 6-12), Nikunja C/A, Airport Road, Dhaka-1229",Leading IT company trusted by global brands,Genex Infosys PLC.,genexinfosys.com,"Nov 5, 2026",Bachelor/Honors,,"M,F,O","Role Overview   Responsible for end-to-end account management and service delivery, overseeing people, processes, client relationships, operational performance, quality, commercial performance, and continuous improvement. Drive service excellence, operational efficiency, and business outcomes while ensuring compliance with contractual commitments, SLAs, KPIs, quality standards, and client expectations.   Key Responsibilities   Manage end-to-end account operations, covering people, processes, service delivery, quality, and business commitments. Lead, supervise and coach Team Leads, QAs, Trainers, and CSOs to drive performance, engagement, and service excellence. Build strong client and stakeholder relationships through proactive communication, effective issue resolution, and consistent service accuracy. Monitor and analyze operational performance to ensure achievement of SLAs, KPIs, quality standards, productivity, and customer experience objectives. Identify performance gaps and drive continuous improvement, process optimization, corrective actions, and operational efficiency. Manage client escalations and accuracy-related issues through timely resolution, root-cause analysis, and preventive actions. Prepare and present performance reports, dashboards, business reviews, and action-oriented insights to support data-driven decisions. Collaborate with internal stakeholders to optimize processes, manage operational risks, and ensure business continuity. Ensure compliance with company policies, client requirements, SOPs, procedures, and quality standards, while maintaining accurate process and training documentation. Track FTE/volume-based billables, support resource, and capacity requirements, and collaborate with Finance on billing and payment receivables.",1541879,Full Time,Manager- Operations (BPM Account Manager/ SDL),Work at office,Dhaka,True,,"Oct 6, 2026",0,0,Negotiable,,1
"Age 22 to 32 years   Excellent verbal and written communication skills in English. Proficiency in MS Office (Word, Excel, PowerPoint). Strong interpersonal skills and a proactive attitude.",22 to 32 years,,,,,"Plot No. SW (F) 2B, Road No. 02, Gulshan-01, Dhaka- 1212, Bangladesh",,NZ Fabrics Ltd.,,"Nov 5, 2026",Master of Business Administration (MBA) in Marketing Bachelor of Business Administration (BBA) in Marketing Bachelor of Arts (BA) in candidates from other backgrounds with excellent communication skills are highly encouraged to apply,,"M,F,O","Assist in managing communication and relationships with international buyers. Support the team in market research, identifying new business opportunities, and analyzing global textile trends. Coordinate with internal production, design, and merchandising teams to ensure timely delivery of samples and orders. Prepare marketing presentations, and international correspondence.",1541890,Full Time,Trainee Executive / Executive (International Marketing),Work at office,Dhaka (GULSHAN 1),True,,"Oct 6, 2026",0,0,Negotiable,,3
"Age 18 to 50 years   Employment Requirements Minimum  1–2 years of experience in field marketing/sales , preferably in the healthcare, diagnostic centre, pharmaceutical or medical sector. Strong communication and interpersonal skills. Must be comfortable with extensive fieldwork and regular market visits. Hardworking, target-oriented and self-motivated . Must have a  smart, formal and professional appearance . Ability to build and maintain good relationships with doctors and healthcare professionals. Candidates with strong local market knowledge will receive preference. Candidate Profile We are looking for a  hardworking, disciplined and result-oriented individual  who is willing to take responsibility for developing the assigned market and achieving monthly business targets.",18 to 50 years,,,,,"Afzal Tower, 401 Dhaka–Mymensingh Rd, Gazipur 1704, Bangladesh",,Lumana Healthcare Ltd.,,"Oct 10, 2026",Secondary Higher Secondary Diploma Bachelor/Honors,,"M,F,O","Working Hours Morning:  9:30 AM – 12:30 PM Evening:  5:00 PM – 10:00 PM Job Responsibilities Regular field visits to  doctors, pharmacies, doctor chambers, clinics and other healthcare-related establishments . Promote LUMANA HEALTHCARE LTD.'s diagnostic and healthcare services. Develop and maintain professional relationships with doctors, pharmacists, chamber representatives and local healthcare professionals. Generate patient referrals and achieve assigned monthly marketing targets. Conduct regular market visits and identify new business opportunities. Submit daily/weekly field visit and marketing activity reports. Maintain a professional image and represent the organization positively in the market.",1541830,Full Time,Field Marketing Officer,Work at office,Gazipur,True,,"Oct 6, 2026",15000,13000,Tk. 13000 - 15000 (Monthly),Hard Working,4
Age At least 18 years   Experience in Frozen Food or Ready-to-Eat (RTE) product sales at Local & Export market will be highly preferred. Strong communication and negotiation skills Basic knowledge of Digital Marketing will be an advantage. Fluency in Bangla and English (spoken and written). Ability to work under pressure and meet sales targets. Good interpersonal and customer relationship management skills.,At least 18 years,,,,,,,100% Export Oriented Group of Companies,,"Nov 5, 2026",,,"M,F,O","Conduct regular customer visits to generate sales and maintain relationships. Collect orders and coordinate with internal teams to ensure timely delivery. Execute sales and marketing activities to achieve monthly targets. Develop new clients, distributors, and business opportunities. Prepare bills, follow up on payments, and ensure collection. Monitor delivery status and resolve customer issues. Prepare monthly sales forecasts and reports. Follow instructions from the reporting manager and management. Perform any additional tasks assigned by management when required.",1541888,Full Time,"Executive, Sales & Marketing",Work at office,Dhaka (GULSHAN 1),True,,"Oct 6, 2026",0,0,Negotiable,,1
"Age At most 32 years   Age limit: Up to 32 years Strong communication skills in both Bangla and English Working knowledge of MS Word and MS Excel Positive mindset, team player, and ability to work under pressure",At most 32 years,,,Only shortlisted candidates will be contacted for the interview.,,"Planners Tower (10th Floor) 13/A, Bir Uttam C.R. Dutta Road (Sonargaon Road) Dhaka-1000, Bangladesh",,E-Zone HRM Limited,,"Nov 5, 2026",Bachelor’s degree with a minimum CGPA of 3.00,,"M,F,O","Begin your career by joining as a Call Center Executive at a renowned Private Commercial Bank under the E-Zone Contract, offering a valuable opportunity to gain hands-on experience and develop strong customer service skills. Working Days: 5 days per week Working Hours: Roster-based / Shifting duty (8 hours) Key Responsibilities: Handle customer calls professionally and efficiently Address customer inquiries and resolve complaints Maintain accurate and up-to-date call records Conduct follow-ups and support lead generation Meet and maintain assigned performance targets",1541835,Full Time,Call Center Executive,,Dhaka,True,,"Oct 6, 2026",0,0,--,,--
Age 28 to 35 years   At least 5 years of relevant experience to the concerned field.,28 to 35 years,,,,,"Akij House, 198, Bir Uttam Mir Shawkat Sarak, (Gulshan Link Road), Tejgaon",Group of Companies,Akij Group,,"Oct 12, 2026",Bachelor of Business Administration (BBA) in Accounting & Information System Master of Business Administration (MBA) in Accounting & Information System,,"M,F,O","Prepare Fire & Marine insurable documents and communicate with various insurance companies; handle claims with sound knowledge of claim procedures. Prepare credit rating documents and communicate with various credit rating companies. Maintain all Liquid Assets management, i.e., FDR. Maintain registers for other income, petty cash, and credit card. Perform other duties as instructed by the concerned supervisor.",1541881,Full Time,Senior Officer - Accounts And Finance,Work at office,Dhaka,True,,"Oct 6, 2026",0,0,Negotiable,,--
Age At most 32 years,At most 32 years,,,,,"ACI Centre, 245 Tejgaon Industrial Area, Dhaka-1208.",Pharmaceuticals; Agribusiness; Consumer Brands.,Advanced Chemical Industries PLC (ACI),,"Oct 31, 2026",Bachelor/Honors,,"M,F,O","Support the achievement of  sales, volume, and distribution targets  within the assigned territory or channel. Assist in developing and maintaining strong relationships with  distributors, retailers, wholesalers, and other trade partners . Ensure effective  product availability, visibility, merchandising, and in-store execution  across assigned outlets. Conduct regular  market visits  to monitor sales performance, competitor activities, pricing, promotions, and market opportunities. Support  retail penetration and outlet expansion  by identifying potential customers and developing new business opportunities. Assist in implementing  sales promotions, trade schemes, product launches, and market activation programs  as per business plans. Monitor  primary and secondary sales performance , outlet productivity, and target achievement, and prepare regular sales reports. Coordinate with  Sales, Trade Marketing, Supply Chain, and Distribution teams  to ensure timely product availability and smooth market operations. Gather and communicate  market intelligence, customer feedback, competitor activities, and consumer insights  to support business decisions. Demonstrate strong  learning agility, ownership, communication, and execution capability  while developing practical exposure to FMCG sales operations and territory management.",1541873,Full Time,"Sales Trainee, ACI Wellness & Hygiene Business",,Anywhere in Bangladesh,True,,"Oct 6, 2026",0,0,Negotiable,"Negotiation Persuasion Skills,Strong analytical and problemsolving skills.,Target Oriented,Teamwork and Cooperation",--
Age 25 to 35 years   Minimum 3 years of relevant experience in the concerned field.,25 to 35 years,,,,,"Akij House, 198, Bir Uttam Mir Shawkat Sarak, (Gulshan Link Road), Tejgaon",Group of Companies,Akij Group,,"Oct 12, 2026",Bachelor of Business Administration (BBA) in Accounting & Information System Master of Business Administration (MBA) in Accounting & Information System,,"M,F,O",Prepare the Daily Receipts and Payment Statement (MD Slip) to ensure accurate and timely reporting of daily cash flow. Prepare bank reconciliation statements on a regular basis to ensure consistency between book and bank balances. Execute day-to-day operational accounting tasks in line with established financial procedures. Prepare receivable reconciliations to ensure accurate tracking and timely follow-up on outstanding dues. Prepare payable reconciliations to ensure vendor accounts remain accurate and up to date. Prepare intercompany transaction reconciliations to maintain consistency across group entities.,1541876,Full Time,Officer - Accounts And Finance,Work at office,Anywhere in Bangladesh,True,,"Oct 6, 2026",0,0,Negotiable,,--
Age At least 25 years Only Female   Microsoft Excel MS Office Typing Skill - Bengali and English,At least 25 years,,,,,"Choydana (Hajirpukur), National University, Gazipur 1704",100 % Export orientated & Compliance Factory,Matrix Sweaters Ltd.,,"Nov 5, 2026",Master of Arts (MA) Bachelor/Honors,,F,"Handle day-to-day activities according to the assigned department. Communicate professionally with clients, candidates, business partners, and internal teams. Manage phone calls, emails, WhatsApp, and other business communications. Prepare and maintain documents, reports, records, and databases. Coordinate with different departments to ensure smooth business operations. ⁠Follow up on assigned tasks, candidates, clients, and business activities. ⁠Support management with daily administrative and operational activities. ⁠Maintain accurate records and update company systems and files. Participate in meetings, training sessions, and company activities. Complete assigned tasks within the given deadlines. ⁠Contribute ideas to improve business operations and team productivity. ⁠Perform other duties assigned by management. Good communication and documentation skills. Ability to work under pressure and meet deadlines. Basic understanding of official documents. Strong computer literacy is mandatory (MS Office, Excel, Typing skills).",1541871,Full Time,Office Executive (Female),Work at office,Gazipur (Gazipur Sadar),True,,"Oct 6, 2026",0,0,Negotiable,,1
Age At least 25 years,At least 25 years,Send your CV to the given email sunnybeachschool.edu@gmail.com,,"১. সংশ্লিষ্ট পদের নাম উল্লেখ করে আগ্রহী প্রার্থীদের আগামী ২২/১০/২০২৬ খ্রি. তারিখের মধ্যে আবেদনসহ আপডেটেড সিভি পাঠাতে হবে sunnybeachschool.edu@gmail.com এই ইমেইল ঠিকানায় অথবা হোয়াটসঅ্যাপ 01815539929। ২. লিখিত পরীক্ষা ৩০/১০/২০২৬, মৌখিক পরীক্ষা ৩১/১০/২০২৬। ৩. শিক্ষক পদের প্রার্থীদের SSC ও HSC উভয় পরীক্ষায় ন্যূনতম GPA 3.50 থাকতে হবে। ৪. পর্যায়ক্রমে বেতন ও সুবিধা বাড়বে। পরিচালক মোবাইল: 01777447499",,"Saikat Post Office Road, West Baharchhara, Cox's Bazar Municipality, Cox's Bazar",,Sunny Beach Multimedia School,,"Oct 22, 2026",যেকোনো কলেজ/বিশ্ববিদ্যালয় থেকে সংশ্লিষ্ট বিষয়ে স্নাতক/স্নাতকোত্তর,,"M,F,O","স্কুলে নিম্নোক্ত বিষয়ে সহকারী শিক্ষক নিয়োগ দেওয়া হবে: বিষয়সমূহ: বাংলা,ইংরেজি,গণিত, বিজ্ঞান, সমাজবিজ্ঞান, আইসিটি, আর্ট অ্যান্ড ক্রাফট,ক্রীড়া",1541864,Full Time,সহকারী শিক্ষক,,Cox`s Bazar,True,,"Oct 6, 2026",13000,12000,Tk. 12000 - 13000 (Monthly),"Education,School Teacher",9
Age At least 22 years Only Male,At least 22 years,,,,,"237/1, Shenpara Parbata, Mirpur 10, Dhaka 1216","Rezvi Enterprise is a Dhaka-based solar energy company that designs, installs, and maintains on-grid, off-grid, and hybrid solar systems for commercial, and industrial clients. We provide complete solutions, from site survey and system design to installation and after-sales service, helping customers across Bangladesh lower energy costs with clean, reliable power.",Rezvi Enterprise,,"Oct 16, 2026",Diploma in Engineering in EEE Bachelor of Science (BSc) in EEE,,M,"Conduct site surveys, including roof and structure assessment, shading analysis, and measurement of available area. Analyze client electricity bills and load profiles to determine the right system size and type (on-grid, off-grid, or hybrid). Design solar PV systems, including panel layout, string sizing, inverter selection, cable sizing, and protection devices. Prepare single line diagrams (SLD), layout drawings, and technical documents using AutoCAD, PVsyst, or similar software. Prepare the Bill of Quantities (BOQ), cost estimates, and technical inputs for client proposals. Prepare and coordinate net metering documentation and applications with the relevant distribution utility. Plan installation work and give technicians clear instructions, drawings, and checklists before work begins. Supervise on-site installation, including mounting structures, panel installation, DC/AC wiring, earthing, and lightning protection. Ensure all work follows electrical safety standards and good installation practice. Carry out testing and commissioning, and verify system performance after installation. Train and guide technicians on correct installation methods, safety, and quality checks. Provide after-sales technical support, troubleshooting, and preventive maintenance guidance. Check the quality of equipment and materials and coordinate with suppliers when needed. Maintain project documentation, including design files, test reports, and handover documents. Communicate with clients on technical matters and explain system design and expected performance.",1541776,Full Time,Solar Design Engineer (C&I Projects),Work at office,Dhaka,True,,"Oct 6, 2026",30000,20000,Tk. 20000 - 30000 (Monthly),"Solar Energy System,Solar Installation,Solar Power Plant,Solar system design",1
"Age 18 to 32 years Only Male   কম্পিউটার ব্যবহারে দক্ষতা; Basic Computer Troubleshooting সংক্রান্ত জ্ঞান আবশ্যক বাংলা ও ইংরেজি ভাষায় যোগাযোগ দক্ষতা ভালো interpersonal দক্ষতা এবং টিমে কাজ করার সক্ষমতা দায়িত্বশীলতা, মনোযোগ, সময়ানুবর্তিতা এবং গোপনীয়তা রক্ষা করার মানসিকতা দ্রুত ও নির্ভুলভাবে টাইপ করতে পারার সক্ষমতা চট্টগ্রাম ও সিলেট অঞ্চলের প্রার্থীদের অগ্রাধিকার দেওয়া হবে কারিগরি যোগ্যতা: ইংরেজি ও বাংলায় টাইপিং দক্ষতা থাকতে হবে। বাংলা টাইপিং গতি: প্রতি মিনিটে ন্যূনতম ২০ শব্দ ইংরেজি টাইপিং গতি: প্রতি মিনিটে ন্যূনতম ৩০ শব্দ অপারেটিং সিস্টেম, মাইক্রোসফট অফিস, কাস্টমাইজড সফটওয়্যার ও বেসিক সফটওয়্যার পরিচালনায় দক্ষতা কম্পিউটার হার্ডওয়্যার ও নেটওয়ার্ক রক্ষণাবেক্ষণ সম্পর্কে সম্যক জ্ঞান কম্পিউটারের সাধারণ সমস্যাগুলোর সমাধানে সক্ষমতা ডাটা এন্ট্রি অপারেটর পদে পূর্ব অভিজ্ঞতা থাকা প্রয়োজন দায়িত্বশীলতা এবং কর্মশৃঙ্খলা বজায় রাখার মানসিকতা অত্যন্ত গুরুত্বপূর্ণ কম্পিউটার প্রশিক্ষণ সংক্রান্ত সার্টিফিকেট থাকলে অগ্রাধিকার পাবে।",18 to 32 years,,,,,,,A Potential Organization,,"Nov 5, 2026",HSC HSC (Vocational),,M,কম্পিউটার বা অন্যান্য ডিজিটাল ডিভাইস ব্যবহার করে বাংলা ও ইংরেজি ভাষায় প্রুফরিডিং ও যাচাইপূর্বক ডেটা এন্ট্রি করা প্রাপ্ত তথ্য সঠিকভাবে যাচাই করে নির্ভুলভাবে ডেটা এন্ট্রি সম্পন্ন করা বাংলাদেশের যেকোনো জেলায় চাকরি করার মানসিকতা থাকতে হবে।,1541276,Contractual,Data Entry Operator,Work at office,Anywhere in Bangladesh,True,,"Oct 6, 2026",0,0,Negotiable,"Computer Troubleshooting,Data Entry - English & Bengali,Proficient in Typing",11
Age At least 23 years,At least 23 years,,,,,"Beside Alal Market, Gafargaon,Mymensingh",,Gafargaon Central School and College,,"Oct 10, 2026",সংশ্লিষ্ট বিষয়ে স্নাতক / স্নাতকোত্তর।,,"M,F,O",বাংলা  ইংরেজি  গণিত  পদার্থ বিজ্ঞান  রসায়ন  শরীর চর্চা,1541862,Full Time,সহকারী শিক্ষক,Work at office,Mymensingh (Gaffargaon),True,,"Oct 6, 2026",0,0,Negotiable,,--
"Age 22 to 32 years   6–10 years of relevant experience in Quality Control/Quality Assurance in Knit Garments. Strong experience in both Sewing and Finishing Quality will be preferred. Experience with international buyers and buyer-specific quality requirements will be an advantage. Strong knowledge of Knit Garments Quality Control. Excellent knowledge of sewing and finishing defects. Good understanding of AQL, Inline, End-Line, Final Inspection, DHU, RFT, and quality reporting. Ability to work effectively with Production, Merchandising, IE, Cutting, and Compliance teams.",22 to 32 years,,,,,,,Esquire Knit Composite PLC,,"Nov 5, 2026",Bachelor of Science (BSc) in Textile Engineering,,"M,F,O","Take overall responsibility for quality control activities in Sewing and Finishing sections. Ensure production quality is maintained according to approved samples, specifications, measurement charts, tech packs, and buyer requirements. Supervise and guide Quality Supervisors, Quality Inspectors, and QC teams. Monitor quality at different stages of sewing, including inline, end-line, and finishing inspection. Identify major and recurring defects and ensure effective corrective and preventive actions. Monitor sewing defects such as open seam, skipped stitch, broken stitch, uneven stitch, puckering, needle damage, oil stain, shade variation, and measurement issues. Ensure proper finishing quality, including trimming, thread cleaning, ironing, folding, tagging, packing, and final presentation. Conduct regular quality meetings with Production, IE, Merchandising, and other relevant departments. Analyze rejection, alteration, rework, DHU, and defect reports and take necessary corrective actions. Ensure compliance with buyer-specific quality standards and factory quality SOPs. Monitor AQL and final inspection procedures and ensure products are ready for buyer inspection. Coordinate with Production and Sewing teams to reduce alteration, rejection, and rework. Ensure proper implementation of quality checkpoints and inspection systems. Investigate customer/buyer complaints and implement corrective action plans. Prepare and submit daily, weekly, and monthly quality performance reports to management. Ensure quality records and inspection reports are properly maintained. Train and develop quality personnel to improve product quality and reduce defects. Ensure compliance with factory policies, safety requirements, and quality standards.",1541854,Full Time,Sr. Executive/  Executive- Quality,Work at office,Narayanganj (Sonargaon),True,,"Oct 6, 2026",0,0,Negotiable,,05
Age 18 to 25 years Only Female,18 to 25 years,,,,,"40/1-A, Naya Paltan, Nurjahan Trade Center, 3rd Floor, Dhaka-1000.","?????? ?????????????? ?????????

???? ??????????: ???????? ????????

?????? ?????????????? ????????? ?????????? ???? ?????? ? ???????? ???????, ???????????? ? ???? ??????? ??????????? ???????????? ?? ? ??? ??? ??????? ????? ?????? ???????? ??? ???? ??? ???-?????? ?????, ??????????? ? ????-????????? ??????? ???? ?????? ??? ?????

???????? ???????, ?????????, ???????? ? ????????????? ???????? ??????? ???? ???? ??????? ???? ???????? ???? ?????????? ????????? ???????? ? ??????????? ???????????? ???????? ???????????? ??? ????? ????? ??? ?????????? ??????

???????? ????????

???????? ???????? ??? ?????? ?????????????? ?????????-?? ???? ???? ??????????, ?? ???? ???? ????????? ????????/??????? ??????? ??????? ?????????????? ????????? ???? ??????

???????? ?????????? ??? ?????? ??? ??????, ????? ? ??????????? ??????? ????????? ??????? ????????? ???-?????? ?????, ????, ????? ??? ???????? ???????-????????? ???? ??? ??? ??????

?????? ?????? ????????:
?? ????? ????? ?????
?? ??????? ???? ????????
?? ???????????? ? ?????? ???????????
?? ????????? ???????????
?? ????????? ???? ????????
?? ????? ???????
?? ????? ???????
?? ????? ? ??????? ???????
?? ???? ? ??????????? ???????",Mistrip Bangladesh,,"Oct 16, 2026",HSC,,F,"Identify and develop new business opportunities for the company. Promote the company’s services, including Manpower Recruitment, Work Visa Processing, Tourist Visa, Air Ticketing, Tour Packages, Umrah Services, and Travel Services. Generate new leads through phone calls, social media, WhatsApp, field visits, referrals, and other marketing channels. Build and maintain strong relationships with new and existing clients. Contact potential customers and explain the company’s services, offers, packages, and procedures. Follow up with leads regularly and convert potential customers into clients. Develop business relationships with corporate clients, travel agents, sub-agents, recruiting agencies, and business partners. Conduct market research to identify new customers, market opportunities, and competitors. Support and execute online and offline marketing campaigns. Promote company services through Facebook, WhatsApp, email, phone calls, and other digital platforms. Visit potential clients, offices, and business organizations when required. Maintain proper records of leads, customer communications, sales activities, and follow-ups. Prepare daily/weekly sales and marketing reports for management. Achieve assigned sales and business development targets. Coordinate with the relevant departments to ensure smooth customer service. Perform any other duties assigned by the management.",1541865,Internship,Business Development Executive,,Dhaka (Naya Paltan),True,,"Oct 6, 2026",15000,10000,Tk. 10000 - 15000 (Monthly),"Adobe Photoshop,Digital Marketing (Social Media Marketing),Internet browsing & online work ability.,Microsoft Excel,Microsoft PowerPoint,Microsoft Word",20
Age At least 35 years Only Male,At least 35 years,,,,,,,Well-Renowned Group of Companies ,,"Oct 30, 2026","Bachelor of Science (BSc) in Mechanical Engineering, Electrical & Electronic Engineering",,M,"Key Responsibilities: 1. Factory setup and commissioning Develop and execute the engineering implementation plan, aligned with construction and production readiness milestones. Review machinery layouts, utility requirements, equipment foundations, service access and maintenance clearances. Coordinate installation of production machinery, electrical distribution, compressors, ventilation and other utility systems. Establish commissioning procedures, acceptance criteria and trial-run schedules. Maintain approved drawings, equipment manuals, warranties, commissioning records and outstanding-work lists. 2. Machinery selection and supplier management Prepare technical specifications and evaluate machinery against product requirements, capacity, quality, automation capability and operating costs. Assess total cost of ownership, including energy, maintenance, consumables, spare parts and technical support. Coordinate factory acceptance tests and site acceptance tests. Verify supplier performance against agreed specifications, safety requirements and contractual commitments. Ensure operator and maintenance training before equipment handover. 3. Maintenance and equipment reliability Implement preventive, predictive and breakdown maintenance systems. Establish equipment registers, criticality assessments, maintenance schedules and spare-parts controls. Reduce repeat failures through root-cause analysis and corrective actions. Monitor downtime, mean time between failures, mean time to repair and maintenance costs. Coordinate planned shutdowns with Production and PPC to protect delivery schedules. 4. Utilities and energy management Ensure reliable electricity, backup power, compressed air, water and process heating or cooling where required. Calculate utility demand and maintain adequate capacity for production and future expansion. Monitor energy consumption per pair and identify losses, leaks and inefficient equipment. Develop energy-saving projects with documented investment, savings and payback. Maintain utility operating procedures, inspection records and emergency response arrangements. 5. Automation and Industry  4.0 Develop an engineering automation roadmap linked to productivity, quality, delivery and cost targets. Support PLC, HMI, sensors, machine connectivity and production-data collection. Coordinate equipment integration with maintenance, production and ERP/MES systems where adopted. Work with Production, IE, IT and QA to improve OEE, process consistency and traceability. Maintain secure access, backups and change records for machine programs and control systems. 6. Engineering safety and compliance Implement machine guarding, electrical safety, lockout/tagout and safe maintenance procedures. Coordinate engineering inspections and corrective actions with Compliance and qualified specialists. Support applicable factory safety, environmental, buyer and sustainability requirements, including NIRAPAN and LEED project objectives where relevant. Maintain calibration and statutory inspection schedules for applicable equipment. Escalate unsafe conditions and stop affected equipment when necessary. 7. Leadership, budgeting and coordination Build and train the engineering team, with clear responsibilities and shift coverage. Prepare annual maintenance budgets, engineering CapEx proposals and spare-parts plans. Coordinate with Production, IE, QA, PPC, SCM, HR, Compliance and project contractors. Submit monthly engineering performance reports, risks and improvement actions to management.",1541850,Full Time,Head of Engineering,Work at office,Gazipur,True,,"Oct 6, 2026",200000,120000,Tk. 120000 - 200000 (Monthly),"Automation,Equipment Maintenance,Greenfield Project,Industrial Machinery,Industrial Utility Equipment,Installation and Maintenance,KAIZEN 5s,Machine Setup,Maintenance and Troubleshooting,PLC and Automation",1
Age At most 32 years,At most 32 years,,,,,"ACI Centre, 245 Tejgaon Industrial Area, Dhaka-1208.",Pharmaceuticals; Agribusiness; Consumer Brands.,Advanced Chemical Industries PLC (ACI),,"Oct 31, 2026",Bachelor of Business Administration (BBA) in Marketing,,"M,F,O","Support the development and execution of  annual brand plans, marketing strategies, and category initiatives  aligned with business objectives. Assist in planning and executing  ATL, BTL, digital, activation, and consumer engagement campaigns  to strengthen brand visibility and equity. Conduct  market, consumer, competitor, and category analysis  to identify emerging trends, opportunities, and potential business gaps. Track and analyze  brand performance, sales trends, market share, campaign effectiveness, and key marketing KPIs  and prepare periodic reports. Support  new product development, product renovation, packaging development, and product launch activities  in coordination with cross-functional teams. Coordinate with  Sales, Trade Marketing, Supply Chain, Commercial, Finance, R&D, and external agencies  to ensure timely execution of brand initiatives. Assist in developing  consumer communication, promotional materials, POSM, digital content, and brand assets , ensuring consistency with brand guidelines. Support  trade marketing and in-market execution , including promotional campaigns, retail visibility, merchandising, and channel-specific initiatives. Monitor  marketing budgets, campaign expenditure, promotional investments, and ROI  while ensuring effective utilization of allocated resources. Participate in  consumer research, field visits, market audits, campaign evaluations, and special brand projects  to develop strong commercial and brand management capabilities.",1541857,Full Time,"Brand Trainee, ACI Wellness & Hygiene Business",Work at office,Dhaka,True,,"Oct 6, 2026",0,0,Negotiable,"Analytical Skill,Creative thinker and problem solver,Presentation and Reporting",--
"Age 18 to 30 years Only Female   যোগ্যতা ও দক্ষতাঃ      ক্রেতার সাথে সুন্দর ও শালীন আচরণে পারদর্শী স্মার্ট ও ভদ্র ব্যবহার দায়িত্বশীল, পরিশ্রমী ও সময়ানুবর্তী বিক্রয় কৌশল সম্পর্কে মৌলিক ধারণা টিমওয়ার্কে কাজ করার মানসিকতা অভিজ্ঞতাঃ  বিক্রয় বা কাস্টমার সার্ভিসে অভিজ্ঞতা থাকলে অগ্রাধিকার নতুন ও আগ্রহী প্রার্থীরাও আবেদন করতে পারবেন। নতুন হলেও সমস্যা নেই শিখতে আগ্রহ থাকলেই হবে।",18 to 30 years,,,,,"House # 392, Road # 29, Mohakhali DOHS, Dhaka-1206",,Afser Group Bangladesh,,"Nov 5, 2026",SSC,,F,পদের সংখ্যাঃ  পাঁচ শতাধিক (শুধুমাত্র মেয়ে প্রার্থী আবেদন করতে পারবেন) কর্মস্থলঃ  বাটা সু স্টোর (কোম্পানির সিদ্ধান্ত অনুযায়ী),1541851,Full Time,সেলসগার্ল (Sales Girl),Work at office,Anywhere in Bangladesh,True,,"Oct 6, 2026",0,0,--,"Sales & Marketing,Salesman",580
"Age At least 25 years Only Male   What We Are Looking For: Strong communication and interpersonal skills. Positive attitude with a target-oriented mindset. Ability to develop and maintain customer and channel relationships. Willingness to travel within the assigned territory. Previous experience in sales, business development, battery, solar, energy storage or related industries will be an advantage.",At least 25 years,,,"If you are interested in building your career with Bnex Industries Ltd. and believe you are suitable for this position, please share your updated CV and relevant information with us.
Regards,
Human Resources & Management
Bnex Industries Ltd.",,,,Bnex Power,,"Oct 31, 2026",HSC,,M,"Dear Candidate, Greetings from  Bnex Industries Ltd. We are pleased to inform you that  Bnex Industries Ltd.  is currently looking for a motivated and result-oriented professional to join our  Sales & Business Development Team  for our Lead Acid, Dry,  Lithium Battery, Energy Storage and related energy solutions  business. Position: Area Manager. Job Responsibilities:   Achieve assigned monthly and yearly sales targets within the designated territory. Develop new customers, dealers, distributors and business opportunities. Regularly visit dealers, distributors, retailers, corporate clients and potential customers. Promote and sell Lithium Battery, Energy Storage and related energy solutions. Maintain strong relationships with existing customers and channel partners. Collect market information, customer feedback and competitor-related information. Prepare regular sales reports, visit reports and market updates for management. Follow up on customer inquiries, quotations, orders and payments. Coordinate with the Sales, Marketing, Technical and Management teams to ensure smooth customer service. Monitor territory-wise sales performance and identify opportunities for business growth. Ensure proper product presentation and clearly communicate product features, benefits and technical information to customers. Perform other sales and business development activities assigned by management.",1541849,Full Time,Area Manager - Marketing And Sales,Work at office,Anywhere in Bangladesh,True,,"Oct 6, 2026",30000,15000,Tk. 15000 - 30000 (Monthly),"Digital Content Development,Sales & Marketing,Sales Development",10
Age At most 30 years,At most 30 years,,,,,"Plot 1347 Ave 2, Dhaka, Mirpur DOHS",,Elysium Landmark LTD,https://elysiumlandmark.com/,"Oct 15, 2026",,,"M,F,O","Follow up on leads within 24 hours by phone and WhatsApp Run site visits and client meetings, including evenings and weekends Close sales and carry each buyer through booking, payment, and paperwork Bring your own buyers through your network and referrals Log every lead and follow-up in our tracker daily",1541246,Full Time,Sales Executive - Real Estate,Work at office,Anywhere in Bangladesh,True,,"Oct 6, 2026",60000,30000,Tk. 30000 - 60000 (Monthly),"Communication,Real Estate Marketing,Sales & Marketing",4
Age At most 40 years,At most 40 years,,,,,"House 02, Road 01, Sector 07 ,Uttara",,An Nasr Fashio,,"Oct 14, 2026",,,"M,F,O",Facebook/Instagram marketing Meta Ads চালানো Product promotion Content planning Customer/lead generation Online sales increase Competitor analysis Campaign performance/reporting,1541149,Full Time,Digital Marketing Executive - Online Shop,Work at office,Dhaka (Uttara Sector 3),True,,"Oct 6, 2026",0,0,Negotiable,"Adobe Illustrator,Adobe Photoshop,Canva,Capcut,Digital Marketing (Social Media Marketing),Google Ads",5
Age At least 22 years Only Female,At least 22 years,,,,,"6/3 Boundary Road,Sadar, Mymensingh.",,Shaheen Cadet School - Mymensingh,,"Oct 15, 2026",Bachelor/Honors Masters স্নাতক অধ্যয়নরত শিক্ষার্থীদের ও অগ্রাধিকার রয়েছে।,,F,,1540825,Full Time,সহকারী শিক্ষিকা,Work at office,Mymensingh (Mymensingh Sadar),True,,"Oct 6, 2026",0,0,Negotiable,Teaching/ Training,--
"Age At least 35 years   Minimum 8 years of professional experience in development sector, including at least 3 years in project management or a similar coordination role, preferably with a national or international development organization. Sound knowledge and practical experience in project cycle management, including planning, implementation, monitoring, reporting and coordination. Working experience in Agriculture and value chain projects in different agro-ecological zone specially in coastal area Strong planning, analytical, organizational, problem-solving and decision-making and negotiation skills  Ability to establish and maintain effective working relationships with colleagues, partners, government authorities and other stakeholders. Excellent written and verbal communication skills in English. Proficiency in common IT applications, including MS Word, MS PowerPoint, internet browsing and email communication.",At least 35 years,,,"If you are interested in this position and meet the required qualifications and experience, please apply online through Bdjobs by 12/10/2026. YPSA is an equal opportunity employer and is committed to child protection and the prevention of violence against women and girls. Only shortlisted candidates will be contacted. Any form of persuasion or lobbying will be considered grounds for disqualification. Smokers are discouraged from applying for this position. YPSA HUMAN RESOURCE MANAGEMENT AND DEVELOPMENT DEPARTMENT Emergency 0241388316 (Office time only)",,"House # F 10 (P), Road # 13, Block # B Chandgaon R/A, Chittagong - 4212","Young Power in Social Action (YPSA) , established in 1985 (International Youth Year) is an organization for sustainable development working in Dhaka Division, Sylhet Division, Chattogram Division including Chittagong Hill Tracts, Cox’s Bazar. YPSA has been implementing a project titled “Multi-sector recovery and empowerment support for crises affected communities in Cox's Bazar Activity” since 2020. The project is technical supported by International Rescue Committee (IRC).",Young Power in Social Action (YPSA),https://ypsa.org/,"Oct 12, 2026",MS (Agri) from a recognized public university. MS in Agriculture extension and rural development/ horticulture/ agronomy/Soil Science will be preferred,,"M,F,O","Young Power in Social Action (YPSA) <www.ypsa.org> is an organization for sustainable development, working in the greater Chattogram division including Hill Tracts (CHT) since 1985 (International Youth Year). YPSA is going to implement a project titled “SheFarms” at Chakaria and Mathamuhuri in Cox’s Bazar. The project will be implemented with fund from the Federal German Ministry of Economic Cooperation and Development (BMZ) and technical support from Plan International Bangladesh. Job Title: Project Coordinator Duration: 28 Months   No. of Vacancy: 1       Job Description/Responsibilities: General Responsibilities 1.	Provide overall leadership and coordination for the SheFarms Project across five target unions of Chakaria and Mathamuhuri Sub-district, ensuring achievement of project objectives in line with the approved proposal, work plan and budget. 2.	Lead project cycle management, coordination, problem-solving, quality assurance and adaptive management in compliance with YPSA, donor and government requirements. 3.	Maintain effective coordination with Plan International Bangladesh, Department of Agricultural Extension (DAE), Union Parishads, the Multi-Stakeholder Coordination Committee (MSCC), government agencies, NGOs and other relevant stakeholders. 4.	Represent YPSA in relevant coordination meetings, workshops and forums and ensure effective implementation of project partnership agreements. 5.	Ensure effective internal communication, teamwork and coordination among project staff. B. Core Project Execution 6.	Lead timely, effective and quality implementation of all project activities in accordance with the approved proposal, work plan, budget and implementation guidelines. 7.	Develop and update project implementation and activity plans and facilitate project training, meetings, workshops, advocacy and capacity-building activities. 8.	Coordinate the work of technical, field, MEAL and Finance & Admin staff to ensure effective project delivery. 9.	Provide managerial guidance and facilitate timely resolution of implementation challenges. 10.	Maintain approximately 70% field presence for activity monitoring, supportive supervision, stakeholder engagement and quality assurance. 11.	Facilitate documentation of project achievements, good practices, lessons learned and success stories. C. Human Resources 12.	Supervise project staff, assign responsibilities and monitor performance in accordance with approved JDs and delegated authority. 13.	Provide regular guidance, feedback and supportive supervision and facilitate performance reviews and performance improvement. 14.	Identify staff capacity-building needs and facilitate training, coaching, orientation and on-the-job learning. 15.	Promote a positive, respectful and collaborative working environment, teamwork, accountability, inclusion, and problem-solving culture within project implementation teams.  D. Coordination, Partnership, and Stakeholder Engagement  16.	Establish and maintain strong coordination with local government institutions, technical departments, community leaders, and private-sector actors.  17.	Coordinate closely with Department of Agricultural Extension (DAE), BADC, Bangladesh Agriculture Research Institute (BARI), Bangladesh Rice research Institute (BRRI), Bangladesh Meteorological Department (BMD), Department of Youth Development (DYD), and Union Parishads.  18.	Facilitate coordination with community groups, producer groups, women’s groups, Market management committees.  19.	Lead organization of coordination meetings, stakeholder consultations, community dialogues, campaigns, learning events, and market linkage activities.  20.	Represent the project in local-level meetings, workshops, technical discussions, and coordination platforms.  21.	Strengthen collaboration between communities, local institutions, and market actors to support sustainability and local ownership of interventions.  E. Monitoring, Reporting, Learning and Documentation 22.	Monitor project progress against objectives, indicators, targets, work plans and timelines and initiate corrective actions as required. 23.	Lead periodic project progress reviews and coordinate with the MEAL Officer for data collection, analysis, learning and management decision-making. 24.	Participate in baseline, mid-term, progress measurement, final evaluation and other relevant studies. 25.	Prepare and/or consolidate timely, accurate and quality monthly, quarterly, annual and donor reports and event/activity reports. 26.	Ensure systematic documentation and maintenance of project records, achievements, lessons learned, case/success stories and other supporting documents. F. Financial Management 27.	Ensure project funds are utilized efficiently and in accordance with the approved budget, work plan, YPSA policies and donor requirements. 28.	Review project expenditure, procurement requests and supporting documents in coordination with Finance & Admin and in accordance with the approved Delegation of Authority (DoA) outlined in the YPSA Financial Policy and Procedure Manual, and YPSA Procurement Policy. 29.	Monitor budget utilization, identify significant variances and facilitate timely corrective action. 30.	Provide programmatic inputs to budget preparation and revisions and coordinate with Finance & Admin Officer on financial reporting and budget management. 31.	Oversee project inventory and assets in accordance with YPSA policies and procedures. G. Safeguarding, Compliance and Partnership Management 32.	Ensure compliance with YPSA, Plan International Bangladesh and relevant government policies, contractual requirements and applicable standards. 33.	Ensure adherence to safeguarding, PSEA, protection and other relevant standards throughout project implementation. 34.	Monitor implementation of the DAE MoU and other project-related partnership agreements accorded between YPSA and the respective agencies relevant to this project interventions. 35.	Ensure timely reporting and escalation of safeguarding concerns, incidents, compliance issues and significant project risks through appropriate channels. H. Other Responsibilities 36.	Participate in relevant project meetings, consultations, workshops, studies, assessments, audits and monitoring visits. 37.	Provide required project information, presentations, briefings and documentation to YPSA, Plan International Bangladesh, government authorities and other authorized stakeholders. Perform other relevant duties assigned by YPSA management consistent with the position and project objectives Job Location: Chakaria and Mathamuhuri, Cox’s Bazar",1541855,Contractual,Project Coordinator,,Cox`s Bazar (Chakaria),True,,"Oct 6, 2026",138184,106296,Tk. 106296 (Monthly),,1
"Age 35 to 45 years Only Male   Experience Requirements Minimum 10 years of professional work experience.Strong experience in management, business operations, business development, administration or a related field. Experience in the car rental, transportation, logistics, mobility or related industry will be highly preferred. Previous experience working with a Japanese company will be an advantage. Experience working or studying in Japan will be an advantage. Experience in company establishment / new business setup will be an advantage. Previous team management experience is preferred. Sales and business development experience will be an advantage. Language Requirements Japanese:   Minimum JLPT N3 required. Candidates with JLPT N2 or higher will be strongly preferred.Must be capable of communicating naturally with Japanese management in a professional environment. Ability to report, consult, explain and coordinate matters in Japanese. Business-level English communication skills required.",35 to 45 years,,,,,"House- 85 (1st floor), Road No- 03, Block-F, Banani, Dhaka-1213, Bangladesh","NewVision Solutions Limited is a dynamic and innovative Business Consulting, Market Research, and Engineering Consulting Company with a global presence. With operational excellence spanning across Bangladesh and Japan, we bring a fusion of expertise and cultural diversity to deliver unparalleled solutions to our clients. Our multinational team of dedicated professionals is committed to driving success for businesses by offering strategic insights, comprehensive market research, and cutting-edge engineering consultancy. At NewVision, we pride ourselves on our unwavering dedication to excellence, collaboration, and transformative ideas, making us a trusted partner for companies seeking to thrive in today`s competitive landscape.

NewVision has facilitated more than 125 Japanese investors in Bangladesh. Some reputed clients are JICA, JETRO, Mitsubishi, Shimizu Corporation, etc. The multinational and experienced team of NewVision provides world-class professional services to facilitate Foreign Investments, providing companies with Business Solutions and Engineering Consultancy to establish and operate in Bangladesh. Since its inception in 2008, NewVision performs a wide range of complex projects including Market Research, Project Management, Engineering Consultancy, Feasibility Study, Water & Sanitation, Agriculture & Environment, and Industrial and Institutional Projects on behalf of Japanese clients.",NewVision Solutions Limited,https://www.newvision-bd.com,"Nov 5, 2026",Bachelor/Honors,,M,"A well-established Japan-based multinational company with extensive experience in logistics, transportation and mobility-related services. The Group operates across multiple Asian markets and has a broad portfolio covering transportation, warehousing, international logistics, customs clearance, freight forwarding, distribution and related supply-chain services.  The company is now preparing to  establish and develop its business presence in Bangladesh  and is looking for a senior professional who can take a leading role in building and managing the local operation. Position Overview We are looking for an experienced  Country Manager  who will act as a key local representative and the right-hand person to Japanese management. The successful candidate will be responsible for supporting the establishment of the Bangladesh entity, coordinating with local stakeholders, assisting Japanese expatriates, managing day-to-day operations, and contributing to business development. This is an excellent opportunity for a senior professional who wants to take ownership of a new business operation and grow with the company toward a future  General Manager-level position . Key Responsibilities Lead and coordinate the establishment of the Bangladesh entity. Support company registration, bank account opening and related administrative procedures. Coordinate with local consultants, professional service providers and relevant stakeholders. Work closely with Japanese management during the business setup phase. Prepare, develop and translate operational manuals in coordination with the Japanese side. Act as a primary contact for customer inquiries and provide appropriate support. Support interpretation and translation between Japanese and local teams. Manage and coordinate day-to-day local business operations. Support the operation and development of the company's mobility/rental-car related business. Develop and maintain relationships with customers and business partners. Identify business opportunities and support sales and business development activities. Participate in recruitment, onboarding and management of local employees. Handle labour, general affairs and administrative matters. Ensure smooth communication between Japanese expatriates, local employees and external stakeholders. Report business and operational matters to Japanese management / Head Office. Proactively identify problems and propose practical solutions rather than waiting for instructions. Perform other responsibilities necessary for establishing and growing the Bangladesh operation.",1541815,Full Time,Country Manager,Work at office,Dhaka,True,,"Oct 6, 2026",300000,200000,Tk. 200000 - 300000 (Monthly),"Freight Forwarding,Logistic Service,Transportation",1
"Age At least 40 years   Professional qualification such as CA, ACCA, CMA, or equivalent is highly preferred. Minimum 15 years of relevant professional experience, with significant experience in a senior finance leadership role. Strong knowledge of banking finance, financial reporting, taxation, treasury, regulatory compliance, risk management, and corporate governance. Experience in a commercial bank or financial institution will be strongly preferred. Excellent leadership, analytical, communication, and decision-making skills. High level of integrity, professionalism, and strategic business acumen.",At least 40 years,,,We look forward to hearing from qualified professionals interested in joining our leadership team. Please submit your updated CV through BDjobs Only shortlisted candidates will be contacted,,,,A Leading Private Commercial Bank ,,"Oct 15, 2026","Graduate/Postgraduate degree in Finance, Accounting, Business Administration, Economics, or a related discipline.",,"M,F,O","A leading private commercial bank  in Bangladesh is seeking an accomplished and dynamic professional for the position of  Chief Financial Officer (CFO). The CFO will provide strategic financial leadership and oversee the Bank’s financial management, reporting, planning, regulatory compliance, risk management, and corporate governance. Key Responsibilities Lead the Bank’s financial strategy, budgeting, forecasting, and financial planning. Oversee financial reporting, accounting, taxation, treasury, and management reporting. Ensure compliance with applicable laws, regulations, accounting standards, and Bangladesh Bank requirements. Strengthen financial controls, governance, and risk-management frameworks. Monitor financial performance, profitability, liquidity, and capital adequacy. Provide strategic financial advice to the Board and senior management. Oversee statutory, internal, and regulatory audits and ensure timely resolution of audit observations. Manage relationships with regulators, auditors, banks, and other key stakeholders. Drive cost efficiency, financial optimization, and sustainable business growth. Lead and develop a high-performing finance team.",1541584,Full Time,CHIEF FINANCIAL OFFICER (CFO),,Anywhere in Bangladesh,True,,"Oct 6, 2026",0,0,--,,--
Age 30 to 50 years Only Male,30 to 50 years,,,,,"Bangabandhu Road, Tongabari, Ashulia, Savar, Dhaka-1341","A 100% export oriented readymade Garments, Embroidery and Printing",Alif Embroidery Village Ltd.,https://www.almbd.com,"Nov 5, 2026",Bachelor/Honors,,M,"Source fabrics (knit, woven, denim) and trims & accessories as per buyer requirements. Purchase printing chemicals, inks, pigments, emulsions, screens, and maintain consumables & spare parts for printing machines. Arrange embroidery threads, bobbins, backing, topping film, needles, oils, lubricants, and spare parts for embroidery machines. Purchase washing chemicals and spare parts for washing machines, dryers, boilers, and WTP. Source spare parts for sewing, cutting, finishing, ironing, compressors, generators, and other machinery. Procure lubricants, tools, safety gear, and consumables. Develop & manage suppliers (local & international), negotiate price, terms, and delivery schedules. Monitor inventory, coordinate with store & production for forecasting, and ensure cost control with minimal wastage.",1541853,Full Time,Purchase Manager/ Assistant Manager,Work at office,Dhaka (Ashulia),True,,"Oct 6, 2026",60000,40000,Tk. 40000 - 60000 (Monthly),,2
Age At least 29 years   Freshers (Both Male and Female) are encouraged to apply.  The applicants who have experience in Garments/Textile will get priority. Additional Job Requirements Excellent communication skills in English (Written/ Verbal). Must have excellent knowledge in MS office & MS Excel. Internet Browsing. Must have English & Bengali Typing skills.,At least 29 years,,,,,"ECTA Dhaka LTD. Village-Subondi (Natun Nagor) P.O. Dhamsona, P.S. Ashulia, Savar, Dhaka, Bangladesh.","ECTA Dhaka Limited is 100% export oriented basis Hats and Caps manufacturing company in Bangladesh. The Parent company of ECTA Dhaka Limited is Yupoong Inc., located at Seoul, South Korea. Yupoong Inc. is exporting its products all around the world. It has 4 sister concern in Bangladesh named Dhakarea limited, Exsaco Limited, YP Ashulia & YP Gazipur",ECTA Dhaka Ltd.,,"Nov 5, 2026",Masters / MBA in any discipline from any reputed university.,,"M,F,O","Prepare documents and commercial activities Air & Sea shipments. Prepare the documents for import Payment. Responsible for opening BTB LC, Foreign LC, TT and DA also familiar with LC terms and condition.  Responsible for checking HS code and PI for all LC and LCAF. Responsible for Import statement, LC statement and UD statement. Responsible for C&F follow up and checking C&F bill. Communication with Bank, Supplier, Forwarder, customs, warehouse and report in time.  Responsible for doing any others job assign by top management",1541845,Full Time,Jr. Officer (Commercial),,Dhaka (Savar),True,,"Oct 6, 2026",0,0,Negotiable,,--
"Age 20 to 30 years Only Female   Exceptional fluency in English and Bengali (both written and spoken). Smart appearance, pleasing personality, and excellent presentation skills. .Prior experience in any study abroad consultancy, student recruitment, or corporate sales/customer service will get preference.",20 to 30 years,,,,,"147/F,Green Road, Dhaka 1215",,DRS Global Education Consultancy,https://drsglobaledu.com.au/,"Nov 4, 2026",Bachelor/Honors,,F,"Student Counseling: Provide professional guidance and career counseling to students and parents regarding study abroad destinations (Australia, New Zealand, Canada, UK, Europe.) course selection and university admission requirements. Admission & Application Processing: Handle the end-to-end application process, including filling out university forms, preparing SOPs (Statement of Purpose), CVs and managing institutional correspondence. Visa Processing Guidance: Assist students with visa application documentation, financial file preparation and interview grooming as per embassy guidelines. University & Partner Relationship: Maintain regular communication with international university representatives, global partners, and recruitment agents to stay updated on admission criteria, deadlines and scholarship opportunities. Lead & Inquiry Management: Respond promptly to inquiries received via phone, email, social media and walk-in consultations, converting leads into successful student enrollments. Documentation & Record Keeping: Maintain accurate, up-to-date records of all student files, application statuses and progress tracking in the CRM or database. Event & Promotion Support: Assist management in organizing education fairs, seminars, info-sessions and promotional activities. Team Leadership & Target Achievement: Supervise the counseling team, monitor daily operational workflows, and ensure individual and team performance targets are successfully met.",1541362,Full Time,Student Counselor,,Dhaka (PanthaPath),True,,"Oct 6, 2026",20000,15000,Tk. 15000 - 20000 (Monthly),"Microsoft Excel,Microsoft Word,Presentation skill",3
"Age At least 28 years   Basic practical knowledge of HT/LT Substation, Transformer, VCB, SF₆ Switchgear, Relay, Protection System, Energy Meter, and Power Factor. Basic knowledge of SCADA/SAS, IEDs, RTUs, and electrical communication networks. Ability to monitor electrical parameters, feeder loading, energy consumption, alarms, and tripping events. Knowledge of electrical safety, shutdown procedures, isolation, and safety clearance. Basic knowledge of substation operation in a steel plant/industrial environment will be an advantage. Willingness to work in shift duty and respond effectively during electrical faults, outages, and emergency situations.",At least 28 years,,,,,"Fresh Villa, House # 15, Road # 34, Gulshan 1, Dhaka-1212. or FMCG Office, House # 23, Road # 24, Gulshan 2, Dhaka-1212.","Meghna Group of Industries is one of the leading business conglomerates in Bangladesh, having modern manufacturing facilities & plants for Cement, Beverage, Tissue & hygiene products, Full Cream Milk Powder, Condensed Milk, Steel, Edible Oil, Atta, Maida, Suzi, Water, Paper, Mustard Oil, Spices, PP Woven Bag, Poultry Feeds, LPG, Chemical, PVC, Biscuits, Noodles, Aviation, Securities, Power Plant, etc.",Meghna Group of Industries.,,"Oct 13, 2026",Diploma in Power Diploma in Electrical,,"M,F,O","Meghna Re-Rolling and Steel Mills Limited (MRSML), a concern of Meghna Group of Industries is established a top-notch steel factory in Bangladesh with the latest European technologies and machinery having a production capacity of 1.5 million MT per annum. The vision of this concern is to produce world-class re-rolling products and billets, which will meet the uprising demand in the local market and will also bring significant economic growth by exporting around the globe. We are looking for a competent and experienced Junior Engineer-for its Electrical & Substation Department. The Junior Engineer – Electrical & Substation will be responsible for supporting the safe and reliable operation of the plant’s electrical substation and power distribution systems. Job Responsibilities: Monitor and operate substation systems by maintaining basic knowledge of energy meters, power factor, tripping alarms, relays, transformers, VCBs, SF₆ systems, and motors to ensure safe and reliable electrical operations. Monitor, operate, and program substation operations through SCADA/SAS systems by observing system parameters, alarms, events, and controls to ensure smooth and reliable power distribution. Record and maintain feeder-wise energy consumption data by regularly monitoring and documenting energy parameters to ensure accurate energy consumption tracking. Maintain proper tripping records and issue shutdown and safety clearance by following established electrical safety procedures and coordinating with the maintenance team to ensure safe maintenance activities and proper system isolation. Monitor and check the condition of HT switchgear, protection system indications, transformer parameters, and feeder load conditions through regular operational monitoring to ensure early identification of abnormalities and reliable plant power supply. Maintain operation logbooks and event reports by accurately recording operational activities, alarms, trips, and system events to ensure proper operational traceability. Coordinate with grid control center, dispatch center, and maintenance teams during outages, faults, and maintenance activities to ensure effective communication and timely restoration of electrical supply. Prepare daily, weekly, and monthly operational reports by compiling substation, energy consumption, tripping, and event-related data to ensure accurate operational reporting. Maintain cybersecurity and access-control protocols for SAS systems by following authorized access and system-security procedures to ensure secure substation automation operations. Support commissioning, testing, and maintenance of SAS equipment by assisting with IEDs, intelligent electronic devices, relays, RTUs, and communication networks to ensure proper functionality and reliability of the substation automation system.",1541820,Full Time,"Junior Engineer - Electrical & Substation, Meghna Re-Rolling & Steel Mills Limited",Work at office,Narayanganj,True,,"Oct 6, 2026",0,0,Negotiable,,--
"Age At least 22 years   1-3 years of experience working as a project manager. Prior experience in Government/NGO project management will be treated as an advantage. Fluency in written and spoken English. Advanced communication skills to do effective and goal-oriented project management. Work cooperatively and effectively with clients and internal teams to set goals, resolve problems, and make decisions that enhance organizational effectiveness. Assess crisis situations to identify causes, gather and process relevant information, generate possible solutions, and make recommendations and/or resolve the problem. Ability to perform logic driven negotiations with project stakeholders. Strong decision-making capabilities based on the available information. Keen observation skills with attention towards details to identify different issues of existing projects and coming up with optimal solutions. Proactive problem-solving attitude. Ability to Pick up new skills and processes quickly and rigorously. Managing and working cooperatively with all relevant project stakeholders in a tactful and effective manner to set goals, resolve problems, and make decisions that enhance organizational effectiveness. Proficient in MS Office applications, MS Project, Microsoft Visio, Project Management tools.",At least 22 years,Send your CV to the given email career@mpower-social.com,,"Application Instructions -  To us your CV will represent yourself even before we meet. Take your time and prepare your CV by highlighting your qualities and achievements which best suits this circular and e-mail to career@mpower-social.com with the subject ""Project Manager"" by the 5th of November, 2026. *Candidates are encouraged to apply as soon as possible. We will be conducting several interview sessions before the application deadline and as soon as we find a suitable candidate, we will select that candidate and move ahead with that candidate. mPower aims to attract and select a diverse workforce ensuring equal opportunity to everyone. Qualified female candidates are encouraged to apply.",,"Nur Empori (Level-10) | House # 77, B # M,  R # 11, Banani, Dhaka-1213","About mPower: mPower Social Enterprises was founded by graduate students of Harvard University and MIT in 2008. Currently based in Dhaka (Bangladesh), mPower has partnered with more than 30 of the world`s leading development organizations across 8 countries to amplify the impact of development programs through innovative use of ICTs. Our partners/ funders include BRAC, Save the Children, CARE International, Oxfam, Winrock International, The Asia Foundation, Grameen, World Bank, UNDP, UNICEF, WHO, DFID, USAID, Population Council, Harvard and Johns Hopkins University. mPower has won a number of competitive innovation awards both at international and national levels, including USAID Global Development Award, Gates Innovation Challenge, Grand Challenges Canada etc.
Vision: A world where everyone has access to quality services
Mission: We partner with development organizations to amplify the impact and outreach of their interventions by leveraging the power of information and communication technologies
mPower`s Services: 
We help implementers harness the power of innovative design, information technologies, and market forces to ensure delivery of quality services to the underserved
We design and build solutions that allow implementing organizations,
to provide more timely and higher quality services using frontline workforces 
to collect field data for better decision-making, organizational learning and monitoring
to develop capacity of community members so as to positively influence choices and behavior 
to empower community members to report abnormalities and hold service providers accountable
to take market-driven approaches to service delivery rather than subsidy-driven in order to ensure sustainability",mPower Social Enterprises Ltd.,,"Nov 5, 2026",Bachelor’s degree in Computer Science/ ICT related subjects/ Business Administration/ Development Studies or any other relevant discipline from a reputed university. Having an MPH/MDS/MBA degree will be considered as an added advantage. Candidates having PMP certification will be preferred.,,"M,F,O","mPower is a pioneer and global leader in “Development Intelligence”, business intelligence for the social development in government and non-government sectors. If you are passionate about changing the world and improving the lives of millions of poor and disadvantaged people of the world combining both creativity & cutting-edge technology, apply for our Project Manager vacancy. Duty Station:  Head Office in Gulshan, Dhaka with occasional field visits as per project needs. Job Description: mPower Social Enterprises Ltd. mostly deals with clients from Government and Non-Government Organizations. During the project life-cycle, regular monitoring of deliverables from different stakeholders within deadlines is absolutely necessary. We are looking for someone who will take complete ownership of his/her projects from initiation to closure. Job Responsibility: Stakeholder Management: Earning client’s confidence through proper communication and quality delivery within deadlines. Assigning tasks with proper deadlines and in an effective manner with a clear concept of what needs to be done. Regular communication with functional teams regarding the progress of assigned tasks. Raising flags for potential delays along with the options for resolution. Project Execution: Planning, documenting and executing all phases of the project lifecycle, including scope management, requirements management, work breakdown structure and timeline management, priority and dependency management, and the assignment of roles and responsibilities to the project team. Regularly updating and maintaining JIRA for all project operations and optimal resource utilization. Assuring proper handover of projects from sales team. Preparing, updating and maintaining roll-out plans, resource allocation plans and budgets regularly. Communicating precise scope of work to different functional teams (Development, SQA, Solution Design, Training, Finance etc.). Completing projects within budget and timeline. Maintaining all project documentation. Review the quality of the work completed with the project team on a regular basis to ensure that it meets the project standards. Preparing Inception Report, Project Learning Document and other project monitoring reports. Assuring adherence to standard processes and raising concerns for any and all deviations.",1541812,Full Time,Project Manager,,Dhaka (Gulshan),True,,"Oct 6, 2026",0,0,Negotiable,,1
"Age At least 22 years   At least 3 years (special consideration for the member of the Supreme court clerk association); Work independently and under pressure; Maintain good computer knowledge, particularly in MS Word; Possess basic knowledge of court procedures, particularly the High Court Division; Handle petitions, affidavits, vakalatnamas, annexures, court orders, judgments and other legal documents; Monitor cause lists, hearing dates, case status and court updates; Maintain and update physical and electronic case files and records; Coordinate effectively with clients, Panel Lawyers, lawyers’ clerks and court officials; Maintain confidentiality while handling sensitive legal and client information.",At least 22 years,,,"BLAST is committed to diversity and inclusion within its workforce, and encourages qualified candidates from all religious, gender, and ethnic backgrounds, including persons living with disabilities, to apply to become a part of our organization. However, qualified female candidates are strongly encouraged to apply to achieve significant gender equality at all levels of the organization.",,,,Bangladesh Legal Aid And Services Trust (BLAST),,"Oct 15, 2026",HSC (Higher Secondary) or equivalent,,"M,F,O","Job Responsibilities: Perform assigned duties under the supervision and guidance of the person responsible for the High Court Cell. Assist in collecting wakalatnamas and maintaining case related documents. Provide assistance to Panel Lawyers and Panel Lawyer’s Clerks in case filing and follow-up. Assist Staff lawyer in filing petitions, affidavits, annexures and other court works in the section of Supreme Court. Collect certified copies, orders, judgments and other necessary case-related documents from the section of Supreme Court. Track cause lists, case status, hearing dates and other court updates. Update pending and ongoing cases and notify updates to the Panel Lawyers. Collect documents from the Panel Lawyer. Assist in sending, receiving and delivering case-related documents to and from concerned Panel Lawyers. Maintain communication with clients, Panel Lawyers, Panel Lawyers’ Clerks and other concerned persons for quick disposal. Provide necessary administrative and legal support for the overall activities of the High Court Cell. Provide necessary support for any other duties and responsibilities assigned by the management from time to time.",1541828,Full Time,Law Clerk (High Court Cell),Work at office,Dhaka (Kakrail),True,,"Oct 6, 2026",19000,18000,Tk. 18000 - 19000 (Monthly),,1
"Age 25 to 35 years   Experience in ERP, Sales, Inventory, POS and other business software operations. Strong knowledge of Windows Operating Systems. Good understanding of Active Directory, DNS, DHCP and TCP/IP networking. Experience with Microsoft 365 and Outlook. Knowledge of computer hardware troubleshooting and maintenance. Experience with printers, scanners, biometric devices, CCTV and networking equipment. Basic understanding of virtualization technologies and server administration. Strong analytical and troubleshooting skills. Basic knowledge of Digital Marketing, Social Media Marketing, SEO and online promotional activities. Ability to work under pressure and provide support beyond regular office hours. Team-oriented with a positive attitude and commitment to service excellence.",25 to 35 years,,,Please apply only who are fulfilling all the requirements of this job.,,"Two Star Tower (5th Floor) 178/179, Tejgaon Rail gate, Dhaka 1215",,Mark Shoes,,"Oct 20, 2026","Bachelor of Science (BSc) in Computer Science & Engineering, Information Technology, Computer Science",,"M,F,O","Ability to operate ERP and Sales software and provide day-to-day assistance to users. Provide first-level and second-level technical support to employees and management. Install, configure and maintain desktop computers, laptops, printers, scanners and other IT peripherals. Diagnose and resolve hardware, software, network, email and operating system issues. Install, configure, and update Windows operating systems and application software. Manage user accounts, passwords, permissions and access rights. Support Microsoft Office applications and common business software. Monitor LAN, Wi-Fi, internet connectivity and network devices. Troubleshoot switches, routers, wireless access points and structured cabling issues. Provide technical support for the software and coordinate with software vendors. Maintain CCTV, biometric attendance devices, IP telephony and other IT-enabled systems. Perform regular system backup and recovery procedures. Monitor antivirus, endpoint security and ensure compliance with IT security policies. Maintain IT asset inventory and documentation. Coordinate preventive maintenance of IT equipment. Escalate complex technical issues to senior IT personnel or external vendors. Maintain service logs and prepare periodic IT support reports. Perform any other duties assigned by the Head of IT or Management",1541833,Full Time,"Sr. Executive, IT Support",,Dhaka,True,,"Oct 6, 2026",0,0,Negotiable,,--
"Age 28 to 40 years   Minimum 2 years of relevant experience in Finance & Accounting. Graduation in Accounting, Finance, or a related field is preferred. Strong knowledge of office accounting and payroll management. Good understanding of financial records, reconciliation, and reporting. Strong attention to detail and organizational skills. Ability to maintain confidentiality and handle financial information responsibly.",28 to 40 years,Send your CV to the given email tuli.rokon@rooya.ai,,,,"Rooya Bangladesh Office (Dhaka):

517/2 ECB Chattar, Kalshi Road
Grand Tower, 3rd Floor
Dhaka, Bangladesh","Rooya AI is a technology-driven company specializing in Artificial Intelligence (AI), data annotation, data labeling, content moderation, and digital operations support services for global clients.",Rooya Bangladesh,https://www.rooya.ai/,"Oct 25, 2026",Master of Commerce (MCom),,"M,F,O","Rooya is an AI-powered Telematics and Fleet Management company providing GPS tracking, video telematics, driver safety, and mobility solutions for global clients. Our Bangladesh team supports technology, operations, customer support, data annotation, and fleet management solutions. Key Responsibilities Manage daily office accounts and financial transactions. Maintain accounting records, invoices, bills, and payment documentation. Prepare and manage monthly payroll and salary-related records. Handle bank reconciliation and financial reporting. Monitor office expenses, petty cash, and payment records. Support budgeting, expense tracking, and financial forecasting. Maintain proper financial documentation for audit and compliance.",1541736,Full Time,"Senior Executive, Accounts",,Dhaka,True,,"Oct 6, 2026",50000,35000,Tk. 35000 - 50000 (Monthly),"Accounting,payroll management,Quickbooks,Tax (VAT/ Customs Duty/ Income Tax)",1
Age 25 to 35 years,25 to 35 years,,,,,"K-14/2A, Baridhara North Road (Kalachadpur), Dhaka - 1212, Bangladesh",,Friendship,https://friendship.ngo/,"Oct 12, 2026",,,"M,F,O","Job Responsibilities: Provide strategic and operational leadership to the project team for effective delivery of all components. Prepare and manage annual and quarterly implementation plans and budgets. Oversee the integration of thematic components (Community Engagement, WASH, Livelihood, Infrastructure, Mangrove). Supervise field staff, ensuring technical backstopping, performance management, and professional development. Ensure compliance with donor agreements, policies, and organizational standards. Conduct regular project review meetings and progress tracking sessions. Coordinate with key government agencies, local authorities, development partners, and academia. Build and maintain partnerships with BWDB, DPHE, LGED, Forest, Agriculture, Fisheries, and other relevant actors for joint planning and resource mobilization. Ensure continuous communication and coordination with Friendship’s internal departments (Finance, Admin, Procurement, Communication and Evaluation & Research). Lead the planning and quality assurance of all interventions, including capacity development, infrastructure, WASH, livelihood and ecosystem restoration. Ensure timely procurement and logistical support for project implementation. Monitor progress against project indicators and ensure corrective actions where required. Guide the integration of DRR, CCA, gender inclusion and nature-based solutions into all activities. Oversee periodic project evaluations, audits and donor reviews. Oversee budget management, financial forecasting and expenditure tracking. Ensure compliance with financial guidelines, procurement policy and donor requirements. Review and approve financial documents, payment requests and fund utilization reports. Ensure cost-effectiveness and transparency in all financial transactions. Supervise and mentor all project field staff, providing continuous guidance and technical backstopping. Identify training needs and facilitate skill enhancement for staff and community groups. Promote a positive, ethical, and learning-oriented work culture. Activities: Lead, plan, and supervise the overall implementation of project interventions across all thematic areas. Manage and guide project field teams, ensuring clear task delegation, accountability, and performance monitoring. Facilitate coordination among thematic specialists and implementing partners. Oversee project planning, budgeting, resource allocation and financial tracking. Ensure quality assurance and compliance across all construction, livelihood, WASH and capacity development interventions. Monitor progress, identify gaps and develop mitigation plans for timely implementation. Facilitate coordination and liaison with relevant government and non-government stakeholders. Prepare periodic progress, financial and evaluation reports for internal management and donor submission. Lead project review and learning workshops, ensuring knowledge transfer and documentation. Educational Qualification: Master’s degree in Climate Change, Environmental Science, Civil Engineering, Development Studies or relevant field. Minimum 8–10 years of experience managing multi-sectoral climate resilience or coastal adaptation projects. Strong leadership and team management experience. Excellent coordination, negotiation and stakeholder engagement skills. Proven experience in project planning, budgeting and donor reporting. Strong analytical, communication and problem-solving skills. Sound understanding of DRR, CCA, WASH, livelihood and nature-based interventions. Fluency in English and Bengali, both written and spoken. Proficiency in MS Office, project management tools, and data tracking systems. Willingness to travel frequently to field locations Required Experience: 7-10 years of relevant experience Skill and Competencies: Reporting and documentation, budget management, team building, leadership Read Before Apply Please note that applications via any other method will not be considered. “FRIENDSHIP is committed to safeguarding children, young people, and adults, and employees, Donors, visiting Doctors, visiting Journalists, visitors, beneficiaries, including communities where we work, and volunteers/interns. We believe every stakeholder and every member of the communities we work with has the right to be protected from all forms of harm, abuse, neglect, harassment, and exploitation - regardless of age, race, religion, gender, status as an individual with a disability or ethnic origin. Therefore, our recruitment policy and procedure fully include background checks and disclosure of criminal records in order to ensure safeguarding.  FRIENDSHIP is an equal opportunity employer and will do everything possible to ensure that those who are suitable to work within our values and beliefs are recruited to work for us. Any personal persuasion will result in a disqualification of candidature”. The photograph must be enclosed with the resume.",1541840,Contractual,Project Manager-Climate Action,,Khulna (Paikgachha),True,,"Oct 6, 2026",0,0,Negotiable,,--
Age 23 to 30 years Only Male   যোগ্যতা ও অন্যান্য প্রয়োজনীয়তা ▪  শিক্ষাগত যোগ্যতা : সর্বনিম্ন এইচএসসি বা সমমানের পরীক্ষায় উত্তীর্ণ। ▪  ন্যূনতম উচ্চতা:  ৫ ফুট ৮ ইঞ্চি এবং বয়স অনূর্ধ্ব ৩০ বছর হতে হবে। ▪  অভিজ্ঞতা : বাংলাদেশ ফায়ার সার্ভিস বা সিভিল ডিফেন্সে ফায়ারম্যান হিসেবে অথবা ফায়ার অ্যান্ড সেফটি পদে সর্বনিম্ন ২ বছরের কাজের অভিজ্ঞতা সম্পন্ন প্রার্থীদের অগ্রাধিকার দেওয়া হবে। ▪  শারীরিক যোগ্যতা:  শারীরিক গঠন ও ফিটনেস ভালো হতে হবে এবং জরুরি উদ্ধারকাজ ও অগ্নিনির্বাপণ দায়িত্ব পালনে সক্ষম হতে হবে।,23 to 30 years,,,,,"ABG Tower, Plot 440,441 & 442, Road # 18, Block A, Bashundhara R/A, Dhaka - 1229",,Anvir Bashundhara Group,,"Oct 10, 2026",HSC,,M,"প্রধান দায়িত্ব ▪  অগ্নিনির্বাপণ প্রতিরোধ ও নিরাপত্তা:  কোনো প্রকার ঝুঁকি বা বিপদ আছে কিনা তা চিহ্নিত ও রিপোর্ট করার জন্য প্রতিষ্ঠান, সরঞ্জাম, বৈদ্যুতিক এলাকা এবং অন্যান্য অগ্নি-ঝুঁকিপূর্ণ স্থানগুলোতে নিয়মিত পরিদর্শন পরিচালনা করা। ▪  জরুরি প্রতিক্রিয়া:  আগুন, ধোঁয়া, জরুরি অ্যালার্ম বা অন্য যেকোনো জরুরি পরিস্থিতিতে নির্ধারিত পদ্ধতি বা স্ট্যান্ডার্ড প্রসিডিউর অনুসরণ করে দ্রুত ব্যবস্থা গ্রহণ করা। ▪  অগ্নিনির্বাপণ পরিচালনা:  জরুরি পরিস্থিতির সময় ফায়ার এক্সটিংগুইশার (অগ্নিনির্বাপক যন্ত্র), হোস রিল, হাইড্যান্ট, ফায়ার পাম্প এবং অন্যান্য অগ্নিনির্বাপক সরঞ্জাম সঠিকভাবে পরিচালনা করা। ▪  ফায়ার সরঞ্জাম পরিদর্শন:  ফায়ার অ্যান্ড সেফটি সংক্রান্ত সরঞ্জামগুলোর নিয়মিত রক্ষণাবেক্ষণ ও পরীক্ষা নিশ্চিত করা, যাতে সেগুলো সর্বদা কার্যকরী এবং সহজে ব্যবহারের উপযোগী থাকে। ▪  ফায়ার অ্যালার্ম ও জরুরি ব্যবস্থা:  ফায়ার অ্যালার্ম, ডিটেকশন সিস্টেম, জরুরি যোগাযোগ এবং অন্যান্য অগ্নি সুরক্ষা ব্যবস্থা সার্বক্ষণিক পর্যবেক্ষণ করা এবং কোনো অস্বাভাবিকতা দেখা দিলে সাথে সাথে রিপোর্ট করা। ▪  স্থান খালি করা ও জননিরাপত্তা:  জরুরি অবস্থায় কর্মকর্তা-কর্মচারী, সদস্য, দর্শনার্থী, খেলোয়াড় এবং অতিথিদের নিরাপদে সরিয়ে নেওয়া ও ভিড় নিয়ন্ত্রণে সহায়তা করা। ▪  ফায়ার ড্রিল ও প্রশিক্ষণ:  ফায়ার ড্রিল, জরুরি মহড়া, উদ্ধার অভিযান এবং অগ্নি-নিরাপত্তা বিষয়ক সচেতনতা ও প্রশিক্ষণ কর্মসূচিতে সক্রিয়ভাবে অংশগ্রহণ করা। ▪  উদ্ধার কাজ ও প্রাথমিক চিকিৎসা:  উদ্ধার অভিযানে সহায়তা করা এবং পেশাদার চিকিৎসা বা বিশেষজ্ঞ দল পৌঁছানোর পূর্ব পর্যন্ত তাৎক্ষণিক প্রাথমিক চিকিৎসা নিশ্চিত করা। ▪  টহল ও পর্যবেক্ষণ:  নির্ধারিত এলাকা, যেমন—স্পোর্টস কমপ্লেক্স, আবাসন, ফুড কোর্ট/আউটলেট, পার্কিং এরিয়া এবং অন্যান্য চত্বরে নিয়মিত অগ্নি-নিরাপত্তা টহল বা পেট্রোলিং পরিচালনা করা। ▪  ঘটনা সংক্রান্ত রিপোর্ট প্রদান:  যেকোনো অগ্নিকাণ্ড, নিরাপত্তা ঝুঁকি, সরঞ্জামের ত্রুটি, জরুরি সাড়াদান ও নিরাপত্তা সম্পর্কিত অন্যান্য পর্যবেক্ষণ বিস্তারিতভাবে তৈরি করে সংশ্লিষ্ট সুপারভাইজারের কাছে জমা দেওয়া।",1541769,Full Time,"ফায়ারম্যান গ্রেড-২, বসুন্ধরা স্পোর্টস সিটি",Work at office,Dhaka,True,,"Oct 6, 2026",0,0,Negotiable,,9
"Age 32 to 45 years Only Male   দৃঢ় ব্যক্তিত্ব এবং শক্তিশালী Leadership Skill থাকতে হবে। Employee Monitoring ও Performance Management-এ দক্ষ হতে হবে। প্রয়োজনে কঠোর Administrative Decision নেওয়া ও বাস্তবায়ন করার সক্ষমতা থাকতে হবে। Strong Communication, Negotiation এবং Conflict Management Skill থাকতে হবে। কর্মীদের সাথে Professional Relationship বজায় রেখেও Accountability নিশ্চিত করার দক্ষতা থাকতে হবে। Problem Solving এবং Decision Making-এ দক্ষ হতে হবে। Highly Organized, Responsible এবং Result-oriented হতে হবে। Confidential HR Information সর্বোচ্চ গোপনীয়তার সাথে পরিচালনা করতে হবে। MS Word, Excel, Google Sheets এবং HR Reporting-এ দক্ষ হতে হবে। Bangladesh Labour Law সম্পর্কে ভালো ধারণা থাকতে হবে। নিয়মিত নামাজ আদায়কারী হতে হবে। ধূমপায়ী হওয়া যাবে না।",32 to 45 years,,,,,"Polytechnic road JummaPara, Rangpur",This is our construction farm plan design and Interior Our Regular works & Ready Flat an making flat sell also work.,Star Builders,,"Nov 5, 2026",Bachelor/Honors Masters,,M,"Star Builders Ltd. একটি দ্রুত বর্ধনশীল Real Estate & Construction Company। প্রতিষ্ঠানের সার্বিক  discipline, accountability, employee performance এবং HR operations  আরও শক্তিশালী করার জন্য আমরা একজন অভিজ্ঞ, দৃঢ় ব্যক্তিত্বসম্পন্ন এবং ফলাফলমুখী  Senior HR & Admin  খুঁজছি। আমরা এমন একজন HR Professional চাই, যিনি শুধু Attendance, Leave বা Recruitment পরিচালনা করবেন না; বরং প্রতিষ্ঠানের প্রতিটি কর্মকর্তা-কর্মচারী  সঠিকভাবে দায়িত্ব পালন করছেন কি না, সময়মতো কাজ সম্পন্ন করছেন কি না এবং প্রত্যেকে তার সর্বোচ্চ কর্মদক্ষতা প্রদান করছেন কি না—তা নিয়মিতভাবে Monitor & Evaluate করবেন। এই পদের জন্য প্রার্থীকে প্রয়োজনে  কঠোর সিদ্ধান্ত নিতে সক্ষম , ন্যায়সংগত, শৃঙ্খলাপরায়ণ এবং Management-এর সিদ্ধান্ত কার্যকর করার ক্ষেত্রে দৃঢ় হতে হবে। Job Responsibilities প্রতিষ্ঠানের সকল কর্মকর্তা-কর্মচারীর  Attendance, Late, Absence, Leave, Movement এবং Office Discipline  নিয়মিত পর্যবেক্ষণ করা। প্রতিটি Employee তার নির্ধারিত দায়িত্ব ও Target অনুযায়ী কাজ করছেন কি না তা নিয়মিত  Monitor & Follow-up  করা। Department Head/Line Manager-এর সাথে সমন্বয় করে Employee Performance পর্যবেক্ষণ করা এবং প্রয়োজন অনুযায়ী Management-কে Report প্রদান করা। কর্মীদের কাছ থেকে সর্বোচ্চ  Productivity & Best Output  নিশ্চিত করার জন্য কার্যকর Performance Monitoring System পরিচালনা করা। দায়িত্বে অবহেলা, নিয়ম ভঙ্গ, অযৌক্তিক অনুপস্থিতি, ধারাবাহিক Late Attendance বা Poor Performance-এর ক্ষেত্রে যথাযথ ব্যবস্থা গ্রহণের জন্য Management-কে সুপারিশ করা। প্রতিষ্ঠানে শক্তিশালী  Discipline, Accountability এবং Performance-driven Culture  তৈরি ও বজায় রাখা। বিভিন্ন Department-এর Daily/Weekly/Monthly কাজের অগ্রগতি পর্যবেক্ষণ এবং প্রয়োজন অনুযায়ী Follow-up করা। Recruitment-এর সম্পূর্ণ প্রক্রিয়া পরিচালনা করা—Job Circular, CV Screening, Interview Coordination, Candidate Evaluation এবং Final Selection পর্যন্ত। Company Culture এবং Position-এর Requirement অনুযায়ী সঠিক Candidate নির্বাচন নিশ্চিত করা। নতুন Employee-এর Joining, Orientation/Onboarding এবং প্রয়োজনীয় Documentation সম্পন্ন করা। Probation Period পর্যবেক্ষণ এবং Probationary Review সম্পন্ন করা। Employee Performance Evaluation/Appraisal কার্যক্রম পরিচালনা ও সংশ্লিষ্ট Record সংরক্ষণ করা। Promotion, Transfer, Increment, Warning, Show Cause, Termination/Resignation এবং অন্যান্য HR Administrative Process যথাযথভাবে সম্পন্ন করা। Employee Personal File, Appointment Letter, Attendance Record, Leave Record, Performance Record এবং অন্যান্য HR Documentation সঠিকভাবে সংরক্ষণ করা। Manpower Planning এবং প্রয়োজন অনুযায়ী নতুন জনবল নিয়োগের পরিকল্পনা তৈরি করা। Compensation & Benefits সংক্রান্ত কার্যক্রমে Management-কে প্রয়োজনীয় সহযোগিতা করা। Employee Turnover, Absenteeism, Late Attendance, Recruitment Cost, Cost-per-Hire এবং অন্যান্য গুরুত্বপূর্ণ  HR Metrics  Monitor করা। Employee Grievance/Complaint পেশাদারভাবে Handle করা এবং প্রয়োজন অনুযায়ী Management-এর কাছে উপস্থাপন করা। প্রতিষ্ঠানের  HR Policies, Rules & Regulations এবং SOP  বাস্তবায়ন নিশ্চিত করা। Bangladesh Labour Law এবং প্রযোজ্য Employment Rules সম্পর্কে আপডেট থাকা এবং প্রয়োজন অনুযায়ী Management/Employees-কে পরামর্শ দেওয়া। Office Administration এবং প্রয়োজনীয় Administrative Activities তদারকি করা। Management কর্তৃক অর্পিত HR, Admin, Monitoring ও Organizational Development সংক্রান্ত অন্যান্য দায়িত্ব পালন করা।",1541793,Full Time,Senior HR & Admin,Work at office,Rangpur,True,,"Oct 6, 2026",50000,35000,Tk. 35000 - 50000 (Monthly),"Employee Management,HR Operation,KPI Monitoring,Labour Rules,Organized and Disciplined,payroll management,Performance Management,Recruitment & Selection,Team management",--
"Age 23 to 38 years   ড্রাইভিং অভিজ্ঞতা থাকতে হবে পরিচালকের বাসভবনে ফুল-টাইম থাকা বাধ্যতামূলক শৃঙ্খলাবদ্ধ, সময়নিষ্ঠ, ভদ্র এবং গোপনীয়তা বজায় রাখার যোগ্য স্মার্ট, আত্মবিশ্বাসী ও শারীরিকভাবে ফিট হতে হবে ঢাকার ভেতরে ও বাইরে ড্রাইভিং অভিজ্ঞতা থাকতে হবে ড্রাইভিং লাইসেন্স বৈধ ও হালনাগাদ থাকতে হবে",23 to 38 years,,,,,"Shezan Point (5th Floor), 2 Indira Road, Farmgate, Dhaka-1215.","Sajeeb Group, a prominent business entity established in 1982, has flourished and diversified its operations across various sectors over the years. With a dedicated focus on maintaining exceptional quality, they prioritize rigorous Process Quality Control (PQC) at every production stage to meet international standards. The group adheres to strict factory compliances and sources raw materials from trusted suppliers, employing cutting-edge technology and 100% food-grade packaging to ensure top-tier product quality. Recently obtaining ""100% Halal certification"" for their food and beverage offerings reflects their commitment to market preferences.

Their product range encompasses renowned global brands, showcasing strategic partnerships and manufacturing under established franchises. Notably, they`ve gained significant acclaim in both local and foreign markets for their high-quality offerings. Beyond the food and beverage sector, Sajeeb Group has diversified into agro-based products, agro-processing, real estate, insurance, readymade garments, telecommunications, and electronic media. Their global market expansion highlights a proactive approach in exploring potential markets for superior Bangladeshi products.

Our Concerns
1. Sajeeb Corporation
2. Sajeeb Foods and Beverage Ltd
3. Hashem Foods Limited
4. Hashem Auto Rice Mills
5. Hashem Agro Processing Limited
6. Takaful Islami Insurance Ltd
7. Hashem Flour Mills Ltd.
8. Sajeeb Homes Limited
9. MARS International
10. Sajeeb Logistics
11. Savvy Foods
",Sajeeb Group,,"Nov 5, 2026",Secondary,,"M,F,O","পরিচালনা পর্ষদের সদস্যদের নিরাপদ ও সময়মত গন্তব্যে পৌঁছে দেওয়া। গাড়ি সর্বদা পরিষ্কার-পরিচ্ছন্ন ও ব্যবহার উপযোগী রাখা। গাড়ির নিয়মিত রক্ষণাবেক্ষণ, সার্ভিসিং ও ফিটনেস সংক্রান্ত কাজ তদারকি করা। ট্রাফিক আইন ও কোম্পানির নীতিমালা যথাযথভাবে অনুসরণ করা। প্রয়োজন অনুযায়ী অফিসিয়াল ডকুমেন্ট বা অন্যান্য সামগ্রী বহনে সহায়তা করা। জ্বালানি ব্যবহার, ভ্রমণ ও রক্ষণাবেক্ষণ সংক্রান্ত রেকর্ড সংরক্ষণ করা। জরুরি পরিস্থিতিতে তাৎক্ষণিক ও দায়িত্বশীল সিদ্ধান্ত গ্রহণ করা। গোপনীয়তা ও পেশাদার আচরণ বজায় রাখা।",1541838,Full Time,ড্রাইভার (বোর্ড অব ডিরেক্টরস),Work at office,Dhaka (Gulshan),True,,"Oct 6, 2026",26000,20000,Tk. 20000 - 26000 (Monthly),Driving,--
"Age 23 to 28 years   1–2 years of relevant experience in sales. Candidates with 1–2 years of experience in the automobile industry will have an added advantage. Excellent customer service, interpersonal, negotiation, and problem-solving skills. Strong communication skills with the ability to engage confidently with customers and business clients. Detail-oriented, proactive, and attentive, with strong listening and relationship-management abilities. Ability to understand customer requirements and effectively recommend suitable products and solutions. Ability to take direction and guidance while demonstrating initiative and accountability. Strong ability to manage results, maintain compliance, and work toward achieving assigned sales targets.",23 to 28 years,,,,,"117/A Old Airport Road, Bijoy Sharani","A local conglomerate doing diversified business in Automobile, Real Estate, Construction, Architectural/Interior Design, etc.",Rancon Holdings Limited,,"Oct 29, 2026",Bachelor’s degree in any discipline from a reputed university.,,"M,F,O","Develop new retail and corporate clients to achieve assigned sales targets and contribute to overall business growth. Conduct regular corporate visits and maintain strong relationships with potential and existing clients. Manage digital sales activities and generate leads through relevant digital media channels. Attend showroom duties as per roster to effectively engage and serve walk-in customers. Develop long-term client relationships by understanding and addressing customer requirements to drive repeat and future sales. Conduct product demonstrations, communicate key product features, explain service and warranty terms, and ensure completion of required sales documentation. Understand customer needs and effectively communicate product value in terms of quality, price, features, and delivery. Generate new leads through cold calls, customer visits, and other proactive sales initiatives. Coordinate with Supply Chain and Accounts teams to facilitate smooth and timely product delivery. Prepare sales reports, maintain accurate customer databases, and identify potential business opportunities. Support marketing initiatives by participating in trade shows, conferences, exhibitions, and other promotional events. Prepare and submit daily and weekly sales and customer visit reports. Stay updated on company policies, products, pricing, promotions, and best practices to ensure accurate and effective customer communication.",1541829,Full Time,Executive - Sales (Chattogram),Work at office,Chattogram,True,,"Oct 6, 2026",0,0,--,"Car Showroom Management,Client Service/ Marketing,Customer Relationship,Sales Reporting",1
"Age 30 to 45 years   At least 5 years of experience in accounts and finance related work in any reputed organization. Preference shall be given to individuals with prior experience in working under PKSF'S RAISE Project, along with demonstrated skills, professional competence, and a strong reputation. Experience in using AIS & MIS tools of microfinance will get preference. Good operating skills of Microsoft Office (especially MS Excel and MS Word) with software operation and reporting will be treated as essential skills and Required to have excellent communication skills.",30 to 45 years,,,,,"Shoshanghat Road, Habiganj-3300",,Habiganj Unnayan Sangstha,,"Oct 15, 2026",Bachelor/Honors Bachelor's Degree in Accounting/Finance/Management from any Govt. approved university. More than one 3rd Division/Class in examinations will not be accepted. Candidates with CA (CC) or any relevant professional degree/certificate will get preferences. Training in Financial Management will be treated as extra quality.,,"M,F,O","The Accounts Officer will be responsible for maintaining project accounts at PIU. He/she will also be responsible for releasing fund from the PKSF and will work under the direct supervision of the Coordinator of PIU. Job Context: ""Habiganj Unnayan Sangstha"" is implementing the 'Recovery and Advancement of Informal Sector Employment (RAISE)' Project under the Additional Financing phase, implemented by the Palli Karma-Sahayak Foundation (PKSF) with support from the World Bank, aims to enhance employment opportunities, entrepreneurship development and economic inclusion for low-income youth and microentrepreneurs. The project aims to enhance employment and income-generating opportunities for low-income youth through skills development, apprenticeship programs, entrepreneurship promotion, access to finance and other livelihood support interventions. The project places particular emphasis on women, disadvantaged groups and climate-vulnerable communities, thereby fostering inclusive economic growth and sustainable livelihoods across Bangladesh. The RAISE Project is being implemented nationwide through selected Partner Organizations (POs) of PKSF. As a Partner Organization of PKSF, Habiganj Unnayan Sangstha is responsible for implementing the project within its designated operational area in accordance with the project objectives and implementation guidelines. To ensure effective implementation of the project and achievement of its intended outcomes, ""Habiganj Unnayan Sangstha"" invites applications from qualified, experienced and motivated professionals for the following project positions under the RAISE Project. The detailed Terms of Reference (ToR) for the positions are provided below. The Accounts and MIS Officer shall be responsible for maintaining and managing all project accounts and financial records at the Project Implementation Unit (PIU). The incumbent will also be responsible for ensuring accurate and timely data entry and updating of financial and relevant project information in the RAISE Case Management System (CMS). He/She will ensure proper receipt, custody, disbursement, and accounting of project funds received from PKSF in compliance with applicable financial policies, procedures and reporting requirements. The Accounts and MIS Officer will work under the direct supervision of the Coordinator, Project Implementation Unit (PIU) and provide necessary financial and accounting support for the effective implementation of project activities. Work Station: Habiganj Unnayan Sangstha (Habiganj District Area) Extensive field visit across the country is required. Assignment Duration:  Project Years Major Responsibilities: Maintain all books of accounts of the project and maintain bank accounts, cash management, fixed assets management, stock management, advance and reimbursement, audit arrangements, TAX and VAT regulations and compliance with the project. Prepare budget and ensure actual expenditure is in line with the budget, maintain disbursement, reconciliation, and loan disbursement according to project Financial Guideline. Preserve all procurement records and financial records in accordance with the provisions of the PPA 2025. Assist in preparing monthly, quarterly and annual financial reports and any other related reports as per project requirement. Maintain liaison and coordinate with PMU accounts department regarding project accounts, and finance. Collect, verify, compile, and validate project participants (apprentices, young micro-entrepreneurs and climate vulnerable entrepreneurs), training, employment, entrepreneurship, and project performance data received from branch level. Ensure timely and accurate entry, updating, and management of project data in the RAISE CMS and other designated information management systems. Coordinate with the Project Management Unit (PMU), PKSF, Project Implementation Unit (PIU) and relevant stakeholders regarding CMS-related reporting, data reconciliation and information management issues and Perform any other tasks assigned by the management.",1541824,Contractual,Accounts & MIS Officer (RAISE Project),Work at office,Habiganj,True,,"Oct 6, 2026",65000,50000,Tk. 50000 (Monthly),MS Office,1
Age 25 to 35 years,25 to 35 years,,,,,"D M Bhahan-2, House-48,Road-1,Block-D, Bosila Garden City, Mohammadpur,Dhaka-1207",,Hasnain International School Dhaka,,"Oct 16, 2026",Master of Arts (MA) in English Bachelor of Arts (BA),,"M,F,O","Teach English to assigned classes and ensure strong learning outcomes Lead English curriculum planning and maintain academic standards across the department Mentor junior teachers through lesson plan reviews, class observations, and regular feedback Prepare and moderate question papers and oversee the quality of evaluation Analyze student results and recommend improvements Communicate with parents and the academic coordinator about student progress and academic needs",1541805,Full Time,Senior English Teacher,Work at office,"Dhaka (Bosila, Mohammadpur)",True,,"Oct 6, 2026",14000,10000,Tk. 10000 - 14000 (Monthly),,3
"Age At least 25 years   Strong written and spoken communication skills. In depth knowledge on Oracle and SQL servers. Strong knowledge on Database Cloud solution. Azure cloud solution will be an asset. Good crisis management, self-control and stress management skills. Capacity to understand and evaluate priorities and urgencies. Good interpersonal and customer service skills with a desire to collaborate with hiring manager and stakeholders. An open-minded professional with a positive attitude, manner and behavior. Have the ability to adapt to a changing environment in a professional and impactful way. Work under pressure and potentially to take on the challenge of performing the job.",At least 25 years,,,,,"Ashulia, Palashbari, Savar, Dhaka-1349","Gildan is a leading manufacturer of everyday basic apparel, with a strong portfolio of brands, including Gildan®, Hanes®, Comfort Colors®, American Apparel®, ALLPRO™, GOLDTOE®, Peds®, Bali®, Playtex®, Maidenform®, Bonds®, as well as Champion® which is under an exclusive licensing agreement for the printwear channel in the U.S. and Canada.
Gildan owns and operates vertically integrated, large-scale manufacturing facilities which are primarily located in Central America, the Caribbean, North America, and Asia. Gildan operates with a strong commitment to industry-leading labour, environmental and governance practices throughout its supply chain in accordance with its comprehensive ESG program embedded in Gildan's long-term business strategy. Together with our global team of dedicated employees, Gildan is united in its vision of Making Apparel Better®. Discover the full scale of Gildan and prepare to be surprised at gildancorp.com",Gildan-G.A.B. Limited,,"Nov 5, 2026",Bachelor of Science (BSc),,"M,F,O","Reports to the IT infrastructure Manager, this position is focused on ensuring that all areas of Database operation function smoothly. This position includes rotational weekend support and after/before standard office hours to ensure department coverage (7am/7pm). To provide support of Oracle/ SQL server/Cloud DB(Snowflake/Azure) management technology and its deployment/usage standards. To support and maintain SQL scripts for Store Procedure and Database maintenance tasks. To assist BI and development team database design, and SQL script creation/tuning. To ensure that all Database environmental changes are appropriately tested and implemented in such a manner that there is no impact to integrated systems and clients. To provide and maintain all Database documentation Maintain Disaster Recovery Plan. Maintain new and existing user profiles. Maintain SOX Security Documentation. Setup and configure all new Database. Maintain, install, and upgrade Database patches. Provide client services resolving issues and enhancement requests as they arise. Performance tuning and troubleshoot database system including index/memory/cpu/space analysing. Document all procedures in the operations folders. Include screen prints where applicable. Ensure that when a procedure changes that the documentation is updated in a reasonable fashion. Organize and maintain software license inventories. Enforce physical and network security policy. Assist in maintenance and client setup of remote Database access connections. Research projects as requested by the Infrastructure manager of IT. Make recommendations, based on research and solution comparison for new technology acquisitions and enhancements. Assist in the effective communication of upcoming planned and unplanned systems changes to users. This position includes rotational and on call support to ensure departmental coverage outside of normal business hours including weekends. Can also be broken down into areas if the role requires it as follows Collaborate closely with the other Database Administrators and the other Infrastructure teams Interact with team members at International sites relative to remote servers",1541827,Full Time,Database Administrator,"Work from home,Work at office",Dhaka (GULSHAN 2),True,,"Oct 6, 2026",0,0,Negotiable,"Database,Database Administrator (DBA),Oracle Database,Oracle Database Administration,SQL Server,SQL Server Reporting Services (SSRS)",03
Age 32 to 46 years Only Male   Strong knowledge of Bangladesh Labour Law and Fire Safety regulations.Good understanding of BNBC and NFPA fire safety requirements. Familiarity with Accord/RSC/Better Work fire safety standards will be an advantage. Ability to prepare reports using MS Office applications.Strong communication and leadership skills.Ability to conduct training programs independently. Capable of responding effectively during emergency situations. Retired person from Fire & Civil department will get preference.,32 to 46 years,,,,,"Plot # 14, Lake Drive Road, Sector # 07, Uttara, Dhaka-1230.",100% Export oriented Ready made Garments manufacturing company.,Chaity Group,,"Oct 31, 2026","Bachelor of Science (BSc) in Mechanical Engineering Diploma or bachelor’s degree in Fire Safety, Fire Engineering, Occupational Health & Safety, Mechanical Engineering, or Electrical Engineering will receive preference.",,M,"Maintain absolute, audit-ready compliance with the RMG Sustainability Council (RSC), Nirapon, Better Work Bangladesh (BWB), and various global brand Codes of Conduct (CoC). Manage timely updates and renewals of Fire Licenses from Bangladesh Fire Service & Civil Defense (FSCD), factory licenses from DIFE, and architectural structural/fire layouts from RAJUK or local authorities. Lead and manage overall Fire & Safety operations across all garment manufacturing units. Ensure compliance with Bangladesh Fire Service & Civil Defence requirements, buyer standards, and applicable national laws. Develop, implement and regularly update Fire & Safety policies, procedures, SOPs and emergency response plans. Conduct regular fire risk assessments, safety inspections and workplace hazard identification. Ensure proper operation, inspection and maintenance of fire alarm, fire detection, firefighting equipment, hydrant, sprinkler and emergency systems. Plan and conduct regular Fire Drill, Emergency Evacuation Drill and Safety Awareness Training for workers and employees. Monitor emergency exits, evacuation routes, fire doors, stairways, assembly points and ensure they remain accessible at all times.",1541822,Full Time,Sr. Manager (Fire & Safety),Work at office,Narayanganj (Sonargaon),True,,"Oct 6, 2026",0,0,Negotiable,"Fire Protection and Detection System,Fire safety Management",01
Age At least 20 years,At least 20 years,,,,,"?House-32, Road-9/C, Sector-5, Uttara, Dhaka",Shipping ,Four Star Cargo,irshoebd.com,"Oct 16, 2026",,,"M,F,O","Job Summary We are looking for a creative and responsible  Facebook Page Moderator  to manage our company’s social media presence. The candidate will be responsible for handling Facebook page activities including content creation, customer communication, live sessions, and maintaining a professional online presence to promote the company’s services and products. Key Responsibilities Manage and monitor the company’s  Facebook page and social media accounts . Reply to  customer messages, comments, and inquiries  in a professional and timely manner. Design  banners, promotional posts, and social media graphics . Create and edit  short promotional videos and reels  for marketing purposes. Plan and conduct  Facebook Live sessions  to promote products/services and engage with customers. Post regular  updates, offers, and promotional content  on the page. Maintain proper  customer communication and follow-up  through Messenger and comments. Monitor page performance and  increase engagement, followers, and reach . Coordinate with the marketing or management team for  campaigns and promotions . Ensure all content reflects the  company’s brand image and professionalism . Report weekly or monthly  social media performance and activities  to management. Stay updated with  Facebook trends, algorithms, and digital marketing strategies .",1541825,Full Time,Facebook Page Moderator,Work at office,Anywhere in Bangladesh,True,,"Oct 6, 2026",0,0,Negotiable,,1
Age 25 to 30 years,25 to 30 years,,,,,"K-14/2A, Baridhara North Road (Kalachadpur), Dhaka - 1212, Bangladesh",,Friendship,https://friendship.ngo/,"Oct 12, 2026",,,"M,F,O","Responsible for: Dependability and honesty in reporting Hardworking Carry out the instructions properly Strong organizational and multitasking skills. Efficient use of equipment and materials Dealing with beneficiaries efficiently to maximize the output Timely communication and cooperation with the respective person to get the job done Problem-solving and decision-making ability. Knowledge of office management, compliance, and safety standards. Oversee office operations, facilities, and supplies. Manage vendors, service providers, and contracts. Support management with correspondence, reports, and documentation. Organize meetings, events, and travel arrangements. Ensure compliance with company policies and administrative procedures. Maintain proper record-keeping and filing systems. Activities: 1.    Office & Facility Management: Ensure efficient operation and maintenance of office premises, utilities, equipment, and supplies. Supervise housekeeping, security, transportation, and other support services. Maintain office assets and oversee repair/replacement needs. 2.  Administrative Support: Provide administrative support to the organization. Organize meetings, workshops, and official events. 3.  Goods (medicines & other materials) Management: Maintain vendor relationships and ensure timely receipt and delivery of goods and services. Monitor expenses and ensure cost-effective solutions. 4.  Compliance & Record Keeping: Ensure compliance with organizational policies and health & safety regulations. Maintain updated records of contracts, licenses, and administrative documents. Prepare reports and presentations as required. 5.  Various office management tasks: Perform efficiently in different problem-solving activities in accordance with supervisor’s instructions. Assist with office repair and maintenance work as needed. 6.  Others: To carry out any other function/administrative tasks as delegated by the Supervisor or Management. Educational Qualification: Bachelor/Graduate or related field Required Experience: Minimum 5 years of experience in administration Skill and Competencies: Experience in an NGO is preferable. Excellent computer skills. Strong interpersonal skills. Self-driven to work under pressure (pro-active attitude). GRN prepare Read Before Apply Please note that applications via any other method will not be considered. “FRIENDSHIP is committed to safeguarding children, young people, and adults, and employees, Donors, visiting Doctors, visiting Journalists, visitors, beneficiaries, including communities where we work and volunteers/interns. We believe every stakeholder and every member of the communities we work with has the right to be protected from all forms of harm, abuse, neglect, harassment, and exploitation - regardless of age, race, religion, and gender, status as an individual with a disability or ethnic origin. Therefore, our recruitment policy and procedure fully include background checks and disclosure of criminal records in order to ensure safeguarding.  FRIENDSHIP is an equal opportunity employer and will do everything possible to ensure that those who are suitable to work within our values and beliefs are recruited to work for us. Any personal persuasion will result in a disqualification of candidature”. The photograph must be enclosed with the resume.",1541826,Full Time,Senior Executive - Admin,,Anywhere in Bangladesh,True,,"Oct 6, 2026",0,0,Negotiable,,1
Age 21 to 35 years,21 to 35 years,,,We are a manufacturing (Food & Beverage) company looking for proactive Executives (Sales and Service Engineers) to meet job objectives without compromising company policies,,,,A Reputed manufacture company in Bangladesh,,"Nov 5, 2026",Diploma in Engineering Higher Secondary,,"M,F,O","We are a manufacturing (Food & Beverage) company looking for proactive Executives (Sales and Service) to meet job objectives without compromising company policies Job Responsibilities: To collect order, monitor and supervise dealer to ultimate customer. To visit market and collect feedback regular. Supply management with reports on customer needs, problems, interests, competitive activities, and potential for new products and services. Dealing with customer queries and complaints. Establish, develop and maintain positive business and customer relationships. Sourcing the sales opportunities and marketing potentialities Provide service and support to our customers To ensure technical troubleshooting Installation & commissioning of new product. Build a strong relationship with customer. Keep abreast of best practices and promotional trends. A complete  machine list of each market  must be maintained. No service  will be provided if there is  no running sales . All  machine parts must be purchased  — no due or pending payments are allowed. On the day of market visits,  all service work of that market must be completed  before returning. Service must be provided  in coordination with the company and distributor. Every  Sales and Service Engineer  must have  complete technical knowledge  about machine servicing.",1541810,Full Time,Executive (Sales & Service),Work at office,Anywhere in Bangladesh,True,,"Oct 6, 2026",0,0,Negotiable,"Marketing,Sales & Marketing,Sales Target Achievement,Service Engineer",10
"Age At least 27 years   Willingness to travel frequently and work in rural areas. Experience in Feed Sales/Veterinary Medicine Sales is preferable. Should be proactive, innovative and energetic. Proficiency in MS Office.",At least 27 years,,,Interested candidates are requested to send their CV to sugunabdhr@gmail.com and mention the position name in subject line. Only shortlisted candidates will be communicated.,,"76 Gausul Azam Avenue, Sector # 13, Uttara, Dhaka-1230","Suguna Foods Bangladesh Pvt. Ltd, a renowned multinational company engaged in manufacturing of Poultry feed, Aqua feed, Cattle feed, Breeder & Hatchery and Broiler Bird Farming business.",Suguna Foods Bangladesh Pvt. Ltd.,https://suguna.group/,"Oct 20, 2026",Bachelor/Honors,,"M,F,O","Sales: Ensure the achievement and follow-up the Sales Target. Ensure market survey and develop strategy to expand market share. Ensure the conduction of Promotional Programs Dealer Management: Ensure no. of Targeted Dealers Open New Dealership and Increase Sales. Search the dealer & assist management to source best dealer. Ensure regular visit to Dealer points. Order Management: Ensure Order collection & coordinating with Feed & DOC coordinators in Head Office. Credit Control: Monitoring on time payment by the dealers. Frequently communicate with dealers for reducing dues. Technical Support: Provide technical service to the Customer. Observe the condition of farm. Give technical direction if found any requirement. Reporting: Submit reports on market share, product feedback, and growth opportunity in regular basis.",1541338,Full Time,"Executive/Sr. Executive - Feed Sales (Rajshahi, Gaibandha, Madaripur, Nilphamari)",Work at office,"Gaibandha, Madaripur, Nilphamari, Rajshahi",True,,"Oct 6, 2026",0,0,Negotiable,"Cattle Feeds sales,Communication and interpersonal skill,Customer Relationship,Fish Feed Sales,Negotiations Skill,Poultry Feed Sales,Product Promotion,Quick learner and hard working,Sales & Marketing,Sales Target Achievement",--
"Age 30 to 40 years   Strong knowledge of leather, footwear and leather goods. Excellent communication, negotiation, and relationship-management skills. Good command of English, particularly in business communication and customer correspondence. Strong follow-up, analytical and problem-solving abilities",30 to 40 years,,,,,,,Apex Tannery Limited,,"Oct 31, 2026",Bachelor of Business Administration (BBA) in Marketing Bachelor of Science (BSc) in Leather Engineering,,"M,F,O","Develop and execute marketing and sales strategies for crust & finished leather. Identify and develop new customers, buyers, brands, agents, and business opportunities in local and international markets. Maintain strong relationships with existing customers and ensure a high level of customer satisfaction. Handle customer inquiries, quotations, price negotiations, order confirmation, and commercial follow-up. Coordinate with Production, Quality, Planning, Stores and Commercial teams to ensure timely execution and delivery of customer orders. Understand customer requirements regarding leather article, quality, color, finish, specifications, and compliance requirements. Follow up on sampling, development, approvals, production status, shipment, and payment collection. Prepare sales forecasts and monitor market trends, customer preferences, and leather market prices to identify new business opportunities.",1541800,Full Time,Asst. Manager / Manager – Marketing & Sales (Leather),Work at office,Dhaka (Savar),True,,"Oct 6, 2026",0,0,Negotiable,"Analytical Skill,Computer Literacy,Problem solving and decision making",01
"Age At least 24 years   Good crisis management, self-control and stress management skills. Capacity to understand and evaluate priorities and urgencies. Good interpersonal and customer service skills with a desire to collaborate with hiring managers and stakeholders. An open-minded professional with a positive attitude, manner and behavior. Have the ability to adapt to a changing environment in a professional and impactful way. Work under pressure and potentially to take on the challenge of performing the job. Proven experience as an Management Coordinator or in a similar administrative role. Excellent organizational and time-management skills. Ability to work independently and as part of a team. High level of discretion and confidentiality. Fluent in English, with excellent spoken and written communication skills.",At least 24 years,,,,,"Ashulia, Palashbari, Savar, Dhaka-1349","Gildan is a leading manufacturer of everyday basic apparel, with a strong portfolio of brands, including Gildan®, Hanes®, Comfort Colors®, American Apparel®, ALLPRO™, GOLDTOE®, Peds®, Bali®, Playtex®, Maidenform®, Bonds®, as well as Champion® which is under an exclusive licensing agreement for the printwear channel in the U.S. and Canada.
Gildan owns and operates vertically integrated, large-scale manufacturing facilities which are primarily located in Central America, the Caribbean, North America, and Asia. Gildan operates with a strong commitment to industry-leading labour, environmental and governance practices throughout its supply chain in accordance with its comprehensive ESG program embedded in Gildan's long-term business strategy. Together with our global team of dedicated employees, Gildan is united in its vision of Making Apparel Better®. Discover the full scale of Gildan and prepare to be surprised at gildancorp.com",Gildan-G.A.B. Limited,,"Nov 5, 2026",Bachelor of Science (BSc),,"M,F,O","The Administrator, System (MES) is a senior technical authority responsible for overseeing the entire Manufacturing Execution System (MES) ecosystem across the Manufacturing Division. This role ensures optimal performance, security, and scalability of MES infrastructure, while driving continuous improvement and strategic alignment with business objectives. The MES Administrator acts as the primary liaison between IT, operations, and business stakeholders, providing leadership in system governance, compliance, and innovation. Governance & Strategy Define and enforce MES architecture standards, policies, and best practices. Develop long-term strategies for MES scalability, integration, and modernization. Lead audits and compliance initiatives to ensure adherence to cybersecurity and regulatory standards. Infrastructure Management Oversee installation, configuration, and maintenance of MES hardware and software. Ensure high availability, disaster recovery, and performance optimization of MES systems. Manage vendor relationships and evaluate new technologies for MES enhancement. Operational Excellence Guarantee SLA compliance and system uptime across all MES platforms. Monitor system health, analyze performance metrics, and implement proactive measures. Validate and approve technical procedures, documentation, and audit records. Leadership & Collaboration Serve as the escalation point for MES-related incidents and complex technical issues. Coordinate technical communication between IT teams, manufacturing operations, and business units. Mentor MES/Helpdesk Engineers and provide advanced technical guidance. Innovation & Continuous Improvement Lead testing and deployment of new MES technologies and integrations. Drive automation initiatives and process optimization within MES environments. Ensure cybersecurity standards are applied consistently across MES infrastructure.",1531183,Full Time,"Administrator, System (MES)",Work at office,Dhaka (Savar),True,,"Oct 6, 2026",0,0,Negotiable,"IT System Management,Management Information System,System Administration,System Analyst,System Engineer (Computer Network System)",1
"Age 18 to 25 years Only Male   Must not smoker or addicted to drug Must be polite, disciplined. Energetic. Good Character.",18 to 25 years,,,"সৎ, অধুমপায়ী, পরিশ্রমী, ভদ্র, নামাজী, কর্ম সচেতন, সদাচারী",,"House-122, Road-21, Mohakhali DOHS, Dhaka-1206","Multiple Health Pharma Limited (MHPL) incorporated in 2011 as a Private Limited Company under the company act 1994 with a vision of establishing a pharmaceutical business in Bangladesh to serve people by new and innovative products. Currently MHPL engaged in the business of supplying quality products to different government organizations like Defence (DGDP, Navy, BGB, Coast Guard etc.) by importing from different foreign suppliers. We are also importing cosmetics, medical devices, foods, agricultural items from well known companies like Korea Fertilizer Co. Ltd. (South Korea), Bioelectronics Corporation (USA) etc. Recently MHPL has started to establish a Pharmaceutical factory which will facilitate production of Virus Zero (Chlorine Dioxide) in Araihazar, Narayanganj. Chlorine Dioxide is a well known disinfectant, deodorizer and sterilizer which is approved by different international organizations such as WHO, FDA, US EPA, EU etc.",Multiple Health Pharma Ltd.,,"Nov 5, 2026",PSC/5 pass,,M,"Guard, Cleaning, Gardening at Factory",1541814,Full Time,গার্ড / ক্লিনার,Work at office,Narayanganj (Araihazar),True,,"Oct 6, 2026",15000,15000,Tk. 15000 - 15000 (Monthly),Sincere and Honest,4
Age At least 22 years Only Male,At least 22 years,Send your CV to the given email career@tigernewenergy.com,,"Build the Future of Mobility With Us Tiger New Energy is building a complete e-mobility solution combining electric vehicles, smart batteries, battery-swapping stations, software and fleet operations.You are not joining us simply to sell a product. You will work with our team to build Bangladesh`s e-mobility ecosystem-one customer, one station and one city at a time.",,"20F, Suvastu Muskan Tower, plot 56, Gulshan Avenue, Gulshan 1, Dhaka-1212.","Tiger New Energy is building a complete e-mobility solution combining electric vehicles, smart batteries, battery-swapping stations, software and fleet operations.
You are not joining us simply to sell a product. You will work with our team to build Bangladesh’s e-mobility ecosystem—one customer, one station and one city at a time.",Tiger Battery Co. Ltd.,https://tigernewenergy.com/,"Nov 5, 2026",HSC SSC,,M,"Build and maintain strong, long-term relationships with existing dealers and retailers to ensure customer satisfaction and business growth. Identify, approach, and onboard new dealers and retailers to expand market coverage and unlock new business opportunities. Achieve monthly and quarterly sales targets through effective market development, relationship management, and sales execution. Implement promotional campaigns, branding initiatives, and POSM (Point of Sale Materials) effectively to increase product visibility and brand awareness. Conduct regular market visits, monitor sales activities, gather market insights, and submit timely sales reports to support business decisions.",1541768,Contractual,Brand Promoter,,"Chattogram, Dhaka, Rajshahi, Tangail",True,,"Oct 6, 2026",24300,19300,Tk. 19300 - 24300 (Monthly),"Sales,Sales & Marketing,sales and Distribution",4
"Age At least 18 years   অভিজ্ঞতা কুরআন শিক্ষা, তাজবিদ, হিফজ বা অনলাইনে পাঠদানের অভিজ্ঞতা থাকলে অগ্রাধিকার দেওয়া হবে। প্রয়োজনীয় দক্ষতাসম্পন্ন নতুন প্রার্থীরাও আবেদন করতে পারবেন। অভিজ্ঞতার ক্ষেত্র শিক্ষকতা, প্রশিক্ষণ, মাদ্রাসা শিক্ষা ও অনলাইন পাঠদান। দক্ষতা ও বিশেষজ্ঞতার ক্ষেত্র — সর্বোচ্চ ১০টি কুরআন শিক্ষাদান তাজবিদ শুদ্ধ কুরআন তিলাওয়াত হিফজ আরবি ভাষা অনলাইন পাঠদান শিক্ষকতা শিক্ষার্থী ব্যবস্থাপনা যোগাযোগ দক্ষতা ১ইসলামি শিক্ষা অতিরিক্ত যোগ্যতা ও শর্তসমূহ শুদ্ধ উচ্চারণ ও তাজবিদসহ কুরআন তিলাওয়াতে দক্ষ হতে হবে। শিক্ষার্থীর ভুল শনাক্ত করে ধৈর্যের সঙ্গে সংশোধন করতে হবে। ভদ্র, সৎ, দায়িত্বশীল ও সময়নিষ্ঠ হতে হবে। শিশু ও প্রাপ্তবয়স্ক শিক্ষার্থীদের অনলাইনে শেখানোর সক্ষমতা থাকতে হবে। স্থিতিশীল ইন্টারনেট সংযোগ ও অনলাইন ক্লাসের উপযোগী ডিভাইস থাকতে হবে। অনলাইন ক্লাস পরিচালনার মৌলিক প্রযুক্তিগত দক্ষতা থাকতে হবে। প্রাথমিক ইংরেজিতে যোগাযোগ করতে পারলে অগ্রাধিকার দেওয়া হবে। বাংলাদেশের সময় অনুযায়ী নির্ধারিত ক্লাসের সময়সূচি অনুসরণ করতে হবে। নিয়োগের আগে তিলাওয়াত ও পরীক্ষামূলক পাঠদানের মাধ্যমে দক্ষতা যাচাই করা হবে। দ্রুত কাজে যোগ দিতে সক্ষম প্রার্থীদের অগ্রাধিকার দেওয়া হবে।",At least 18 years,,,,,"House-34, Block-C, Aftabnagar, Dhaka-1212","Learning Quran Bangladesh is an online Quran education institution established in 2012, providing one-to-one Quran, Tajweed, Hifz and Islamic education to students in Bangladesh and abroad.",Learning Quran Bd,https://learningquranbd.com/,"Oct 16, 2026","পেশাগত সনদ / প্রশিক্ষণ / অন্যান্য কুরআন শিক্ষা, তাজবিদ, কিরাআত বা হিফজ বিষয়ে স্বীকৃত প্রতিষ্ঠান থেকে প্রশিক্ষণ বা সনদ থাকলে অগ্রাধিকার দেওয়া হবে।",,"M,F,O","প্রতিষ্ঠানের সংক্ষিপ্ত পরিচিতি লার্নিং কুরআন বাংলাদেশ ২০১৩ সাল থেকে অনলাইনে দেশ ও প্রবাসের শিক্ষার্থীদের ব্যক্তিগতভাবে কুরআন শিক্ষা দিয়ে আসছে। আমরা কায়দা, নাজেরা, তাজবিদ, হিফজ, মাসনুন দোয়া ও মৌলিক ইসলামি শিক্ষা প্রদান করি। চাকরির প্রেক্ষাপট লার্নিং কুরআন বাংলাদেশের দেশ ও প্রবাসে বসবাসকারী শিশু ও প্রাপ্তবয়স্ক শিক্ষার্থীদের অনলাইনে কুরআন শেখানোর জন্য যোগ্য, দায়িত্বশীল ও সময়নিষ্ঠ শিক্ষক প্রয়োজন। শিক্ষককে নির্ধারিত সময়সূচি অনুযায়ী একজন শিক্ষার্থীকে পৃথকভাবে পাঠদান করতে হবে। চাকরির দায়িত্বসমূহ শিক্ষার্থীর স্তর অনুযায়ী কায়দা, নাজেরা, তাজবিদ ও হিফজের পাঠদান করা। শিক্ষার্থীর তিলাওয়াত মনোযোগ দিয়ে শোনা এবং উচ্চারণ ও তাজবিদের ভুল সংশোধন করা। মাসনুন দোয়া ও মৌলিক ইসলামি আদব শিক্ষা দেওয়া। পূর্বের পড়া যাচাই করা এবং নতুন পাঠ ও অনুশীলন দেওয়া। নির্ধারিত সময়ে ক্লাস শুরু করা এবং সম্পূর্ণ সময় পাঠদান করা। শিক্ষার্থীর অগ্রগতি পর্যবেক্ষণ ও প্রয়োজনীয় তথ্য কর্তৃপক্ষকে জানানো। প্রতিষ্ঠানের নিয়ম অনুযায়ী উপস্থিতি ও দৈনিক ক্লাসের তথ্য সঠিকভাবে জমা দেওয়া। শিক্ষার্থী ও অভিভাবকের সঙ্গে ভদ্র ও পেশাদার আচরণ করা। প্রতিষ্ঠানের সময়সূচি, নির্দেশনা ও শিক্ষাদান পদ্ধতি অনুসরণ করা।",1541631,Part Time,অনলাইন কুরআন শিক্ষক,Work at office,Anywhere in Bangladesh,True,,"Oct 6, 2026",0,0,--,,5
"Age 22 to 30 years   Minimum of 03 (three) years of experience        The applicants should have experience in the following business area(s): Design/Printing/Publishing.  The applicants should have experience in the following business area(s): Restaurant Proficient in marketing research and statistical analysis.  Highly creative with experience in identifying target audiences and devising digital campaigns that engage, inform, and motivate.",22 to 30 years,,,,,"Hosaf Tower, 9 Mohakhali C/A (10th Floor), Dhaka-1212","Power Generation for National Power Grid of Bangladesh, Manufacture Electric Meter, Energy Savings Bulb and Electrical Equipments etc.",Hosaf Group of Companies,,"Oct 15, 2026",Bachelor of Business Administration (BBA) in Marketing,,"M,F,O","We are looking for hiring an experienced Digital Marketing to develop our business on social platform. In this position, the candidate will be involved in developing digital marketing strategies, implementing digital marketing plans and execution of all the digital marketing campaigns, including good Graphics Designing and camera operation Knowledge. Job Responsibilities Plan, develop, and execute digital marketing strategies to promote the food court. Create engaging visual content using  Adobe Photoshop , Canva, and similar design tools for social media and digital promotions. Manage and regularly update social media platforms such as  Facebook, Instagram, and Google Business Profile . Enhance the company’s  brand value and online reputation  by actively boosting  Google reviews, Facebook comments, ratings, and customer feedback . Respond professionally to customer reviews, comments, and online inquiries to maintain a positive brand image. Design promotional materials including banners, posters, flyers, and digital advertisements Coordinate with food court management to promote offers, campaigns, and newly introduced services. Monitor digital marketing performance and suggest improvements to increase customer engagement and reach.",1541809,Full Time,Digital Marketing and Branding Executive,Work at office,Anywhere in Bangladesh,True,,"Oct 6, 2026",0,0,Negotiable,"Branding,Digital Marketing (Social Media Marketing),Graphic Design and Digital Content Creation",1
Age 24 to 35 years Only Male,24 to 35 years,,,,,"House 1, 5th Floor, Road 18, Sector 7, Uttara, Dhaka - 1230",,Organic Agriculture Limited - Orizo,,"Oct 14, 2026",HSC Bachelor/Honors HSC passed minimum (Bachelor’s preferred).,,M,"Sales Growth:  Drive daily shop sales to achieve revenue targets. Inventory Management:  Track stock levels, manage product ordering, and prevent stockouts. Cash & Accounts:  Handle daily cash transactions, billing, and balance shop accounts. Purchasing:  Manage product procurement, supplier coordination, and stock quality. Delivery Management:  Oversee product dispatch, order fulfillment, and delivery logistics. Candidates with a valid driving license will be preferred. Personal Qualities:  Honest, highly dedicated, hardworking ( porisromi ), and trustworthy.",1541780,Full Time,Store In-Charge,Work at office,Dhaka (Uttara),True,,"Oct 6, 2026",0,0,Negotiable,"Inventory Management,Purchase/ Procurement,Sales & Marketing,Store/ inventory,Super Shop Operation,Super store Operation,Supershop",2
"Age At least 45 years   Candidates must meet the qualifications, experience and other requirements prescribed by the University Grants Commission (UGC) of Bangladesh for appointment to the post of Professor. Candidates must have the required university-level teaching/research experience as prescribed by the UGC, including experience as a professor and/or Associate Professor at a recognized university in Bangladesh or abroad. Candidates must have a strong record of research and scholarly publications in recognized national and/or international journals, as applicable under the prevailing UGC criteria.",At least 45 years,,"Applicants are requested to submit their updated CV, cover letter, and a recent passport-sized photograph with all academic and experience certificate to the Registrar, Fareast International University by email at career@fiu.edu.bd.  Only short-listed candidates will go through the selection process and be called for interview.",,,"Plot # 1&2, Road # 1&2, Sector # 16/I,
Uttara, Dhaka-1230, Bangladesh
www.fiu.edu.bd","The Fareast International University (FIU), a private university, strives to enhance the socio-economic development of the country and beyond. Offering opportunities to acquire intellectual resources, create knowledge and develop skills, FIU envisions a better living environment for the people with the upcoming knowledge society in the changing corporate culture of the business and industry.",Fareast International University,,"Oct 24, 2026",Applications are invited for the position of Professor in the following departments: Department of Business Administration Department of Tourism & Hospitality Management Department of Electrical & Electronic Engineering (EEE) Department of Computer Science & Engineering (CSE) Department of Textile Engineering (TE) Department of Civil Engineering (CE) Department of Architecture Department of Law and Justice,,"M,F,O","Conduct undergraduate and postgraduate classes in the assigned department and ensure effective delivery of course content. Prepare course outlines, lesson plans, teaching materials, assignments, quizzes and examination questions in accordance with the approved curriculum. Perform duties as an Invigilator and Chief Invigilator during university examinations, as assigned by the University authority. Supervise and evaluate students' academic performance, including assignments, projects, theses and dissertations. Provide academic advising, mentoring and guidance to students. Conduct and publish quality research in recognized national and international journals. Develop and lead research projects and seek research grants and collaborations where appropriate. Participate actively in departmental, faculty, academic council, examination and other university committees. Contribute to curriculum development, revision and quality enhancement initiatives. Maintain academic records and submit required reports within the stipulated deadlines. Participate in seminars, conferences, workshops, training programs and other academic activities. Establish and maintain academic and research collaborations with national and international institutions. Contribute to accreditation, UGC compliance, institutional quality assurance and academic development activities. Provide academic leadership and mentoring to faculty members and support the overall development of the department. Perform other academic, administrative and institutional responsibilities assigned by the University authority.",1540323,Full Time,Professor,Work at office,Dhaka (Uttara Sector 16),False,,"Oct 6, 2026",0,0,Negotiable,,--
